[CoordinatorNode] Iniciando en puerto 7000 (HB:7001, RA:7002)
[Heartbeat] Monitor iniciado en puerto 7001
[CoordinatorNode] Esperando conexiones...
[RA] CoordinatorNode recibe REQUEST de StreamServer (seq=17)
[RA] CoordinatorNode -> REPLY a StreamServer (LIBRE)
[RA] CoordinatorNode recibe REQUEST de StreamServer (seq=22)
[RA] CoordinatorNode -> REPLY a StreamServer (LIBRE)
[RA] CoordinatorNode recibe REQUEST de StreamServer (seq=27)
[RA] CoordinatorNode -> REPLY a StreamServer (LIBRE)
[RA] CoordinatorNode recibe REQUEST de StreamServer (seq=32)
[RA] CoordinatorNode -> REPLY a StreamServer (LIBRE)
[RA] CoordinatorNode recibe REQUEST de StreamServer (seq=37)
[RA] CoordinatorNode -> REPLY a StreamServer (LIBRE)
[RA] CoordinatorNode recibe REQUEST de StreamServer (seq=42)
[RA] CoordinatorNode -> REPLY a StreamServer (LIBRE)
[RA] CoordinatorNode recibe REQUEST de StreamServer (seq=49)
[RA] CoordinatorNode -> REPLY a StreamServer (LIBRE)
[RA] CoordinatorNode recibe REQUEST de StreamServer (seq=54)
[RA] CoordinatorNode -> REPLY a StreamServer (LIBRE)
[RA] CoordinatorNode recibe REQUEST de StreamServer (seq=59)
[RA] CoordinatorNode -> REPLY a StreamServer (LIBRE)
[RA] CoordinatorNode recibe REQUEST de StreamServer (seq=64)
[RA] CoordinatorNode -> REPLY a StreamServer (LIBRE)
[RA] CoordinatorNode recibe REQUEST de StreamServer (seq=69)
[RA] CoordinatorNode -> REPLY a StreamServer (LIBRE)
[RA] CoordinatorNode recibe REQUEST de StreamServer (seq=74)
[RA] CoordinatorNode -> REPLY a StreamServer (LIBRE)
[RA] CoordinatorNode recibe REQUEST de StreamServer (seq=79)
[RA] CoordinatorNode -> REPLY a StreamServer (LIBRE)
[RA] CoordinatorNode recibe REQUEST de StreamServer (seq=84)
[RA] CoordinatorNode -> REPLY a StreamServer (LIBRE)
[RA] CoordinatorNode recibe REQUEST de StreamServer (seq=89)
[RA] CoordinatorNode -> REPLY a StreamServer (LIBRE)
[RA] CoordinatorNode recibe REQUEST de StreamServer (seq=94)
[RA] CoordinatorNode -> REPLY a StreamServer (LIBRE)
[RA] CoordinatorNode recibe REQUEST de StreamServer (seq=99)
[RA] CoordinatorNode -> REPLY a StreamServer (LIBRE)
[RA] CoordinatorNode recibe REQUEST de StreamServer (seq=104)
[RA] CoordinatorNode -> REPLY a StreamServer (LIBRE)
[RA] CoordinatorNode recibe REQUEST de StreamServer (seq=109)
[RA] CoordinatorNode -> REPLY a StreamServer (LIBRE)
[RA] CoordinatorNode recibe REQUEST de StreamServer (seq=114)
[RA] CoordinatorNode -> REPLY a StreamServer (LIBRE)
[RA] CoordinatorNode recibe REQUEST de StreamServer (seq=119)
[RA] CoordinatorNode -> REPLY a StreamServer (LIBRE)
[RA] CoordinatorNode recibe REQUEST de StreamServer (seq=124)
[RA] CoordinatorNode -> REPLY a StreamServer (LIBRE)
[RA] CoordinatorNode recibe REQUEST de StreamServer (seq=129)
[RA] CoordinatorNode -> REPLY a StreamServer (LIBRE)
[RA] CoordinatorNode recibe REQUEST de StreamServer (seq=135)
[RA] CoordinatorNode -> REPLY a StreamServer (LIBRE)
[RA] CoordinatorNode recibe REQUEST de StreamServer (seq=140)
[RA] CoordinatorNode -> REPLY a StreamServer (LIBRE)
[RA] CoordinatorNode recibe REQUEST de StreamServer (seq=145)
[RA] CoordinatorNode -> REPLY a StreamServer (LIBRE)
[RA] CoordinatorNode recibe REQUEST de StreamServer (seq=150)
[RA] CoordinatorNode -> REPLY a StreamServer (LIBRE)
[RA] CoordinatorNode recibe REQUEST de StreamServer (seq=158)
[RA] CoordinatorNode -> REPLY a StreamServer (LIBRE)
[RA] CoordinatorNode recibe REQUEST de StreamServer (seq=163)
[RA] CoordinatorNode -> REPLY a StreamServer (LIBRE)
[RA] CoordinatorNode recibe REQUEST de StreamServer (seq=168)
[RA] CoordinatorNode -> REPLY a StreamServer (LIBRE)
[RA] CoordinatorNode recibe REQUEST de StreamServer (seq=173)
[RA] CoordinatorNode -> REPLY a StreamServer (LIBRE)
[RA] CoordinatorNode recibe REQUEST de StreamServer (seq=180)
[RA] CoordinatorNode -> REPLY a StreamServer (LIBRE)
[RA] CoordinatorNode recibe REQUEST de StreamServer (seq=185)
[RA] CoordinatorNode -> REPLY a StreamServer (LIBRE)
[RA] CoordinatorNode recibe REQUEST de StreamServer (seq=190)
[RA] CoordinatorNode -> REPLY a StreamServer (LIBRE)
[RA] CoordinatorNode recibe REQUEST de StreamServer (seq=197)
[RA] CoordinatorNode -> REPLY a StreamServer (LIBRE)
[RA] CoordinatorNode recibe REQUEST de StreamServer (seq=202)
[RA] CoordinatorNode -> REPLY a StreamServer (LIBRE)
[RA] CoordinatorNode recibe REQUEST de StreamServer (seq=207)
[RA] CoordinatorNode -> REPLY a StreamServer (LIBRE)
[RA] CoordinatorNode recibe REQUEST de StreamServer (seq=212)
[RA] CoordinatorNode -> REPLY a StreamServer (LIBRE)
[RA] CoordinatorNode recibe REQUEST de StreamServer (seq=219)
[RA] CoordinatorNode -> REPLY a StreamServer (LIBRE)
[RA] CoordinatorNode recibe REQUEST de StreamServer (seq=224)
[RA] CoordinatorNode -> REPLY a StreamServer (LIBRE)
[RA] CoordinatorNode recibe REQUEST de StreamServer (seq=229)
[RA] CoordinatorNode -> REPLY a StreamServer (LIBRE)
[RA] CoordinatorNode recibe REQUEST de StreamServer (seq=234)
[RA] CoordinatorNode -> REPLY a StreamServer (LIBRE)
[RA] CoordinatorNode recibe REQUEST de StreamServer (seq=242)
[RA] CoordinatorNode -> REPLY a StreamServer (LIBRE)
[RA] CoordinatorNode recibe REQUEST de StreamServer (seq=247)
[RA] CoordinatorNode -> REPLY a StreamServer (LIBRE)
[RA] CoordinatorNode recibe REQUEST de StreamServer (seq=252)
[RA] CoordinatorNode -> REPLY a StreamServer (LIBRE)
[RA] CoordinatorNode recibe REQUEST de StreamServer (seq=257)
[RA] CoordinatorNode -> REPLY a StreamServer (LIBRE)
[RA] CoordinatorNode recibe REQUEST de StreamServer (seq=263)
[RA] CoordinatorNode -> REPLY a StreamServer (LIBRE)
[RA] CoordinatorNode recibe REQUEST de StreamServer (seq=268)
[RA] CoordinatorNode -> REPLY a StreamServer (LIBRE)
[RA] CoordinatorNode recibe REQUEST de StreamServer (seq=273)
[RA] CoordinatorNode -> REPLY a StreamServer (LIBRE)
[RA] CoordinatorNode recibe REQUEST de StreamServer (seq=278)
[RA] CoordinatorNode -> REPLY a StreamServer (LIBRE)
[RA] CoordinatorNode recibe REQUEST de StreamServer (seq=368)
[RA] CoordinatorNode -> REPLY a StreamServer (LIBRE)
[RA] CoordinatorNode recibe REQUEST de StreamServer (seq=373)
[RA] CoordinatorNode -> REPLY a StreamServer (LIBRE)
[RA] CoordinatorNode recibe REQUEST de StreamServer (seq=378)
[RA] CoordinatorNode -> REPLY a StreamServer (LIBRE)
[RA] CoordinatorNode recibe REQUEST de StreamServer (seq=383)
[RA] CoordinatorNode -> REPLY a StreamServer (LIBRE)
[RA] CoordinatorNode recibe REQUEST de StreamServer (seq=388)
[RA] CoordinatorNode -> REPLY a StreamServer (LIBRE)
[RA] CoordinatorNode recibe REQUEST de StreamServer (seq=394)
[RA] CoordinatorNode -> REPLY a StreamServer (LIBRE)
[RA] CoordinatorNode recibe REQUEST de StreamServer (seq=399)
[RA] CoordinatorNode -> REPLY a StreamServer (LIBRE)
[RA] CoordinatorNode recibe REQUEST de StreamServer (seq=404)
[RA] CoordinatorNode -> REPLY a StreamServer (LIBRE)
[RA] CoordinatorNode recibe REQUEST de StreamServer (seq=410)
[RA] CoordinatorNode -> REPLY a StreamServer (LIBRE)
[RA] CoordinatorNode recibe REQUEST de StreamServer (seq=415)
[RA] CoordinatorNode -> REPLY a StreamServer (LIBRE)
[RA] CoordinatorNode recibe REQUEST de StreamServer (seq=420)
[RA] CoordinatorNode -> REPLY a StreamServer (LIBRE)
[RA] CoordinatorNode recibe REQUEST de StreamServer (seq=426)
[RA] CoordinatorNode -> REPLY a StreamServer (LIBRE)
[RA] CoordinatorNode recibe REQUEST de StreamServer (seq=431)
[RA] CoordinatorNode -> REPLY a StreamServer (LIBRE)
[RA] CoordinatorNode recibe REQUEST de StreamServer (seq=436)
[RA] CoordinatorNode -> REPLY a StreamServer (LIBRE)
[RA] CoordinatorNode recibe REQUEST de StreamServer (seq=442)
[RA] CoordinatorNode -> REPLY a StreamServer (LIBRE)
[RA] CoordinatorNode recibe REQUEST de StreamServer (seq=447)
[RA] CoordinatorNode -> REPLY a StreamServer (LIBRE)
[RA] CoordinatorNode recibe REQUEST de StreamServer (seq=452)
[RA] CoordinatorNode -> REPLY a StreamServer (LIBRE)
[RA] CoordinatorNode recibe REQUEST de StreamServer (seq=457)
[RA] CoordinatorNode -> REPLY a StreamServer (LIBRE)
[RA] CoordinatorNode recibe REQUEST de StreamServer (seq=462)
[RA] CoordinatorNode -> REPLY a StreamServer (LIBRE)
[RA] CoordinatorNode recibe REQUEST de StreamServer (seq=467)
[RA] CoordinatorNode -> REPLY a StreamServer (LIBRE)
[RA] CoordinatorNode recibe REQUEST de StreamServer (seq=473)
[RA] CoordinatorNode -> REPLY a StreamServer (LIBRE)
[RA] CoordinatorNode recibe REQUEST de StreamServer (seq=478)
[RA] CoordinatorNode -> REPLY a StreamServer (LIBRE)
[RA] CoordinatorNode recibe REQUEST de StreamServer (seq=483)
[RA] CoordinatorNode -> REPLY a StreamServer (LIBRE)
[RA] CoordinatorNode recibe REQUEST de StreamServer (seq=488)
[RA] CoordinatorNode -> REPLY a StreamServer (LIBRE)
[RA] CoordinatorNode recibe REQUEST de StreamServer (seq=493)
[RA] CoordinatorNode -> REPLY a StreamServer (LIBRE)
[RA] CoordinatorNode recibe REQUEST de StreamServer (seq=498)
[RA] CoordinatorNode -> REPLY a StreamServer (LIBRE)
[RA] CoordinatorNode recibe REQUEST de StreamServer (seq=503)
[RA] CoordinatorNode -> REPLY a StreamServer (LIBRE)
[RA] CoordinatorNode recibe REQUEST de StreamServer (seq=513)
[RA] CoordinatorNode -> REPLY a StreamServer (LIBRE)
[RA] CoordinatorNode recibe REQUEST de StreamServer (seq=518)
[RA] CoordinatorNode -> REPLY a StreamServer (LIBRE)
[RA] CoordinatorNode recibe REQUEST de StreamServer (seq=523)
[RA] CoordinatorNode -> REPLY a StreamServer (LIBRE)
[RA] CoordinatorNode recibe REQUEST de StreamServer (seq=528)
[RA] CoordinatorNode -> REPLY a StreamServer (LIBRE)
[RA] CoordinatorNode recibe REQUEST de StreamServer (seq=535)
[RA] CoordinatorNode -> REPLY a StreamServer (LIBRE)
[RA] CoordinatorNode recibe REQUEST de StreamServer (seq=540)
[RA] CoordinatorNode -> REPLY a StreamServer (LIBRE)
[RA] CoordinatorNode recibe REQUEST de StreamServer (seq=545)
[RA] CoordinatorNode -> REPLY a StreamServer (LIBRE)
[RA] CoordinatorNode recibe REQUEST de StreamServer (seq=554)
[RA] CoordinatorNode -> REPLY a StreamServer (LIBRE)
[RA] CoordinatorNode recibe REQUEST de StreamServer (seq=559)
[RA] CoordinatorNode -> REPLY a StreamServer (LIBRE)
[RA] CoordinatorNode recibe REQUEST de StreamServer (seq=564)
[RA] CoordinatorNode -> REPLY a StreamServer (LIBRE)
[RA] CoordinatorNode recibe REQUEST de StreamServer (seq=569)
[RA] CoordinatorNode -> REPLY a StreamServer (LIBRE)
[RA] CoordinatorNode recibe REQUEST de StreamServer (seq=576)
[RA] CoordinatorNode -> REPLY a StreamServer (LIBRE)
[RA] CoordinatorNode recibe REQUEST de StreamServer (seq=581)
[RA] CoordinatorNode -> REPLY a StreamServer (LIBRE)
[RA] CoordinatorNode recibe REQUEST de StreamServer (seq=586)
[RA] CoordinatorNode -> REPLY a StreamServer (LIBRE)
[RA] CoordinatorNode recibe REQUEST de StreamServer (seq=591)
[RA] CoordinatorNode -> REPLY a StreamServer (LIBRE)
[RA] CoordinatorNode recibe REQUEST de StreamServer (seq=600)
[RA] CoordinatorNode -> REPLY a StreamServer (LIBRE)
[RA] CoordinatorNode recibe REQUEST de StreamServer (seq=605)
[RA] CoordinatorNode -> REPLY a StreamServer (LIBRE)
[RA] CoordinatorNode recibe REQUEST de StreamServer (seq=610)
[RA] CoordinatorNode -> REPLY a StreamServer (LIBRE)
[RA] CoordinatorNode recibe REQUEST de StreamServer (seq=615)
[RA] CoordinatorNode -> REPLY a StreamServer (LIBRE)
[RA] CoordinatorNode recibe REQUEST de StreamServer (seq=620)
[RA] CoordinatorNode -> REPLY a StreamServer (LIBRE)
[RA] CoordinatorNode recibe REQUEST de StreamServer (seq=625)
[RA] CoordinatorNode -> REPLY a StreamServer (LIBRE)
[RA] CoordinatorNode recibe REQUEST de StreamServer (seq=630)
[RA] CoordinatorNode -> REPLY a StreamServer (LIBRE)
[RA] CoordinatorNode recibe REQUEST de StreamServer (seq=635)
[RA] CoordinatorNode -> REPLY a StreamServer (LIBRE)
[RA] CoordinatorNode recibe REQUEST de StreamServer (seq=640)
[RA] CoordinatorNode -> REPLY a StreamServer (LIBRE)
[RA] CoordinatorNode recibe REQUEST de StreamServer (seq=725)
[RA] CoordinatorNode -> REPLY a StreamServer (LIBRE)
[RA] CoordinatorNode recibe REQUEST de StreamServer (seq=730)
[RA] CoordinatorNode -> REPLY a StreamServer (LIBRE)
[RA] CoordinatorNode recibe REQUEST de StreamServer (seq=735)
[RA] CoordinatorNode -> REPLY a StreamServer (LIBRE)
[RA] CoordinatorNode recibe REQUEST de StreamServer (seq=740)
[RA] CoordinatorNode -> REPLY a StreamServer (LIBRE)
[RA] CoordinatorNode recibe REQUEST de StreamServer (seq=745)
[RA] CoordinatorNode -> REPLY a StreamServer (LIBRE)
[RA] CoordinatorNode recibe REQUEST de StreamServer (seq=750)
[RA] CoordinatorNode -> REPLY a StreamServer (LIBRE)
[RA] CoordinatorNode recibe REQUEST de StreamServer (seq=755)
[RA] CoordinatorNode -> REPLY a StreamServer (LIBRE)
[RA] CoordinatorNode recibe REQUEST de StreamServer (seq=761)
[RA] CoordinatorNode -> REPLY a StreamServer (LIBRE)
[RA] CoordinatorNode recibe REQUEST de StreamServer (seq=766)
[RA] CoordinatorNode -> REPLY a StreamServer (LIBRE)
[RA] CoordinatorNode recibe REQUEST de StreamServer (seq=771)
[RA] CoordinatorNode -> REPLY a StreamServer (LIBRE)
[RA] CoordinatorNode recibe REQUEST de StreamServer (seq=776)
[RA] CoordinatorNode -> REPLY a StreamServer (LIBRE)
[RA] CoordinatorNode recibe REQUEST de StreamServer (seq=781)
[RA] CoordinatorNode -> REPLY a StreamServer (LIBRE)
[RA] CoordinatorNode recibe REQUEST de StreamServer (seq=786)
[RA] CoordinatorNode -> REPLY a StreamServer (LIBRE)
[RA] CoordinatorNode recibe REQUEST de StreamServer (seq=791)
[RA] CoordinatorNode -> REPLY a StreamServer (LIBRE)
[RA] CoordinatorNode recibe REQUEST de StreamServer (seq=797)
[RA] CoordinatorNode -> REPLY a StreamServer (LIBRE)
[RA] CoordinatorNode recibe REQUEST de StreamServer (seq=802)
[RA] CoordinatorNode -> REPLY a StreamServer (LIBRE)
[RA] CoordinatorNode recibe REQUEST de StreamServer (seq=807)
[RA] CoordinatorNode -> REPLY a StreamServer (LIBRE)
[RA] CoordinatorNode recibe REQUEST de StreamServer (seq=812)
[RA] CoordinatorNode -> REPLY a StreamServer (LIBRE)
[RA] CoordinatorNode recibe REQUEST de StreamServer (seq=817)
[RA] CoordinatorNode -> REPLY a StreamServer (LIBRE)
[RA] CoordinatorNode recibe REQUEST de StreamServer (seq=822)
[RA] CoordinatorNode -> REPLY a StreamServer (LIBRE)
[RA] CoordinatorNode recibe REQUEST de StreamServer (seq=827)
[RA] CoordinatorNode -> REPLY a StreamServer (LIBRE)
[RA] CoordinatorNode recibe REQUEST de StreamServer (seq=833)
[RA] CoordinatorNode -> REPLY a StreamServer (LIBRE)
[RA] CoordinatorNode recibe REQUEST de StreamServer (seq=838)
[RA] CoordinatorNode -> REPLY a StreamServer (LIBRE)
[RA] CoordinatorNode recibe REQUEST de StreamServer (seq=843)
[RA] CoordinatorNode -> REPLY a StreamServer (LIBRE)
[RA] CoordinatorNode recibe REQUEST de StreamServer (seq=848)
[RA] CoordinatorNode -> REPLY a StreamServer (LIBRE)
[RA] CoordinatorNode recibe REQUEST de StreamServer (seq=857)
[RA] CoordinatorNode -> REPLY a StreamServer (LIBRE)
[RA] CoordinatorNode recibe REQUEST de StreamServer (seq=862)
[RA] CoordinatorNode -> REPLY a StreamServer (LIBRE)
[RA] CoordinatorNode recibe REQUEST de StreamServer (seq=871)
[RA] CoordinatorNode -> REPLY a StreamServer (LIBRE)
[RA] CoordinatorNode recibe REQUEST de StreamServer (seq=876)
[RA] CoordinatorNode -> REPLY a StreamServer (LIBRE)
[RA] CoordinatorNode recibe REQUEST de StreamServer (seq=881)
[RA] CoordinatorNode -> REPLY a StreamServer (LIBRE)
[RA] CoordinatorNode recibe REQUEST de StreamServer (seq=886)
[RA] CoordinatorNode -> REPLY a StreamServer (LIBRE)
[RA] CoordinatorNode recibe REQUEST de StreamServer (seq=891)
[RA] CoordinatorNode -> REPLY a StreamServer (LIBRE)
[RA] CoordinatorNode recibe REQUEST de StreamServer (seq=896)
[RA] CoordinatorNode -> REPLY a StreamServer (LIBRE)
[RA] CoordinatorNode recibe REQUEST de StreamServer (seq=901)
[RA] CoordinatorNode -> REPLY a StreamServer (LIBRE)
[RA] CoordinatorNode recibe REQUEST de StreamServer (seq=906)
[RA] CoordinatorNode -> REPLY a StreamServer (LIBRE)
[RA] CoordinatorNode recibe REQUEST de StreamServer (seq=915)
[RA] CoordinatorNode -> REPLY a StreamServer (LIBRE)
[RA] CoordinatorNode recibe REQUEST de StreamServer (seq=920)
[RA] CoordinatorNode -> REPLY a StreamServer (LIBRE)
[RA] CoordinatorNode recibe REQUEST de StreamServer (seq=925)
[RA] CoordinatorNode -> REPLY a StreamServer (LIBRE)
[RA] CoordinatorNode recibe REQUEST de StreamServer (seq=934)
[RA] CoordinatorNode -> REPLY a StreamServer (LIBRE)
[RA] CoordinatorNode recibe REQUEST de StreamServer (seq=939)
[RA] CoordinatorNode -> REPLY a StreamServer (LIBRE)
[RA] CoordinatorNode recibe REQUEST de StreamServer (seq=944)
[RA] CoordinatorNode -> REPLY a StreamServer (LIBRE)
[RA] CoordinatorNode recibe REQUEST de StreamServer (seq=949)
[RA] CoordinatorNode -> REPLY a StreamServer (LIBRE)
[RA] CoordinatorNode recibe REQUEST de StreamServer (seq=960)
[RA] CoordinatorNode -> REPLY a StreamServer (LIBRE)
[RA] CoordinatorNode recibe REQUEST de StreamServer (seq=965)
[RA] CoordinatorNode -> REPLY a StreamServer (LIBRE)
[RA] CoordinatorNode recibe REQUEST de StreamServer (seq=970)
[RA] CoordinatorNode -> REPLY a StreamServer (LIBRE)
[RA] CoordinatorNode recibe REQUEST de StreamServer (seq=975)
[RA] CoordinatorNode -> REPLY a StreamServer (LIBRE)
[RA] CoordinatorNode recibe REQUEST de StreamServer (seq=980)
[RA] CoordinatorNode -> REPLY a StreamServer (LIBRE)
[RA] CoordinatorNode recibe REQUEST de StreamServer (seq=986)
[RA] CoordinatorNode -> REPLY a StreamServer (LIBRE)
[RA] CoordinatorNode recibe REQUEST de StreamServer (seq=991)
[RA] CoordinatorNode -> REPLY a StreamServer (LIBRE)
[RA] CoordinatorNode recibe REQUEST de StreamServer (seq=996)
[RA] CoordinatorNode -> REPLY a StreamServer (LIBRE)
[RA] CoordinatorNode recibe REQUEST de StreamServer (seq=1081)
[RA] CoordinatorNode -> REPLY a StreamServer (LIBRE)
[RA] CoordinatorNode recibe REQUEST de StreamServer (seq=1086)
[RA] CoordinatorNode -> REPLY a StreamServer (LIBRE)
[RA] CoordinatorNode recibe REQUEST de StreamServer (seq=1091)
[RA] CoordinatorNode -> REPLY a StreamServer (LIBRE)
[RA] CoordinatorNode recibe REQUEST de StreamServer (seq=1096)
[RA] CoordinatorNode -> REPLY a StreamServer (LIBRE)
[RA] CoordinatorNode recibe REQUEST de StreamServer (seq=1102)
[RA] CoordinatorNode -> REPLY a StreamServer (LIBRE)
[RA] CoordinatorNode recibe REQUEST de StreamServer (seq=1107)
[RA] CoordinatorNode -> REPLY a StreamServer (LIBRE)
[RA] CoordinatorNode recibe REQUEST de StreamServer (seq=1112)
[RA] CoordinatorNode -> REPLY a StreamServer (LIBRE)
[RA] CoordinatorNode recibe REQUEST de StreamServer (seq=1120)
[RA] CoordinatorNode -> REPLY a StreamServer (LIBRE)
[RA] CoordinatorNode recibe REQUEST de StreamServer (seq=1125)
[RA] CoordinatorNode -> REPLY a StreamServer (LIBRE)
[RA] CoordinatorNode recibe REQUEST de StreamServer (seq=1130)
[RA] CoordinatorNode -> REPLY a StreamServer (LIBRE)
[RA] CoordinatorNode recibe REQUEST de StreamServer (seq=1136)
[RA] CoordinatorNode -> REPLY a StreamServer (LIBRE)
[RA] CoordinatorNode recibe REQUEST de StreamServer (seq=1146)
[RA] CoordinatorNode -> REPLY a StreamServer (LIBRE)
[RA] CoordinatorNode recibe REQUEST de StreamServer (seq=1151)
[RA] CoordinatorNode -> REPLY a StreamServer (LIBRE)
[RA] CoordinatorNode recibe REQUEST de StreamServer (seq=1156)
[RA] CoordinatorNode -> REPLY a StreamServer (LIBRE)
[RA] CoordinatorNode recibe REQUEST de StreamServer (seq=1162)
[RA] CoordinatorNode -> REPLY a StreamServer (LIBRE)
[RA] CoordinatorNode recibe REQUEST de StreamServer (seq=1167)
[RA] CoordinatorNode -> REPLY a StreamServer (LIBRE)
[RA] CoordinatorNode recibe REQUEST de StreamServer (seq=1172)
[RA] CoordinatorNode -> REPLY a StreamServer (LIBRE)
[RA] CoordinatorNode recibe REQUEST de StreamServer (seq=1177)
[RA] CoordinatorNode -> REPLY a StreamServer (LIBRE)
[RA] CoordinatorNode recibe REQUEST de StreamServer (seq=1182)
[RA] CoordinatorNode -> REPLY a StreamServer (LIBRE)
[RA] CoordinatorNode recibe REQUEST de StreamServer (seq=1187)
[RA] CoordinatorNode -> REPLY a StreamServer (LIBRE)
[RA] CoordinatorNode recibe REQUEST de StreamServer (seq=1192)
[RA] CoordinatorNode -> REPLY a StreamServer (LIBRE)
[RA] CoordinatorNode recibe REQUEST de StreamServer (seq=1199)
[RA] CoordinatorNode -> REPLY a StreamServer (LIBRE)
[RA] CoordinatorNode recibe REQUEST de StreamServer (seq=1204)
[RA] CoordinatorNode -> REPLY a StreamServer (LIBRE)
[RA] CoordinatorNode recibe REQUEST de StreamServer (seq=1209)
[RA] CoordinatorNode -> REPLY a StreamServer (LIBRE)
[RA] CoordinatorNode recibe REQUEST de StreamServer (seq=1214)
[RA] CoordinatorNode -> REPLY a StreamServer (LIBRE)
[RA] CoordinatorNode recibe REQUEST de StreamServer (seq=1219)
[RA] CoordinatorNode -> REPLY a StreamServer (LIBRE)
[RA] CoordinatorNode recibe REQUEST de StreamServer (seq=1227)
[RA] CoordinatorNode -> REPLY a StreamServer (LIBRE)
[RA] CoordinatorNode recibe REQUEST de StreamServer (seq=1236)
[RA] CoordinatorNode -> REPLY a StreamServer (LIBRE)
[RA] CoordinatorNode recibe REQUEST de StreamServer (seq=1241)
[RA] CoordinatorNode -> REPLY a StreamServer (LIBRE)
[RA] CoordinatorNode recibe REQUEST de StreamServer (seq=1246)
[RA] CoordinatorNode -> REPLY a StreamServer (LIBRE)
[RA] CoordinatorNode recibe REQUEST de StreamServer (seq=1251)
[RA] CoordinatorNode -> REPLY a StreamServer (LIBRE)
[RA] CoordinatorNode recibe REQUEST de StreamServer (seq=1256)
[RA] CoordinatorNode -> REPLY a StreamServer (LIBRE)
[RA] CoordinatorNode recibe REQUEST de StreamServer (seq=1261)
[RA] CoordinatorNode -> REPLY a StreamServer (LIBRE)
[RA] CoordinatorNode recibe REQUEST de StreamServer (seq=1266)
[RA] CoordinatorNode -> REPLY a StreamServer (LIBRE)
[RA] CoordinatorNode recibe REQUEST de StreamServer (seq=1271)
[RA] CoordinatorNode -> REPLY a StreamServer (LIBRE)
[RA] CoordinatorNode recibe REQUEST de StreamServer (seq=1276)
[RA] CoordinatorNode -> REPLY a StreamServer (LIBRE)
[RA] CoordinatorNode recibe REQUEST de StreamServer (seq=1283)
[RA] CoordinatorNode -> REPLY a StreamServer (LIBRE)
[RA] CoordinatorNode recibe REQUEST de StreamServer (seq=1288)
[RA] CoordinatorNode -> REPLY a StreamServer (LIBRE)
[RA] CoordinatorNode recibe REQUEST de StreamServer (seq=1293)
[RA] CoordinatorNode -> REPLY a StreamServer (LIBRE)
[RA] CoordinatorNode recibe REQUEST de StreamServer (seq=1302)
[RA] CoordinatorNode -> REPLY a StreamServer (LIBRE)
[RA] CoordinatorNode recibe REQUEST de StreamServer (seq=1307)
[RA] CoordinatorNode -> REPLY a StreamServer (LIBRE)
[RA] CoordinatorNode recibe REQUEST de StreamServer (seq=1312)
[RA] CoordinatorNode -> REPLY a StreamServer (LIBRE)
[RA] CoordinatorNode recibe REQUEST de StreamServer (seq=1317)
[RA] CoordinatorNode -> REPLY a StreamServer (LIBRE)
[RA] CoordinatorNode recibe REQUEST de StreamServer (seq=1322)
[RA] CoordinatorNode -> REPLY a StreamServer (LIBRE)
[RA] CoordinatorNode recibe REQUEST de StreamServer (seq=1330)
[RA] CoordinatorNode -> REPLY a StreamServer (LIBRE)
[RA] CoordinatorNode recibe REQUEST de StreamServer (seq=1335)
[RA] CoordinatorNode -> REPLY a StreamServer (LIBRE)
[RA] CoordinatorNode recibe REQUEST de StreamServer (seq=1340)
[RA] CoordinatorNode -> REPLY a StreamServer (LIBRE)
[RA] CoordinatorNode recibe REQUEST de StreamServer (seq=1345)
[RA] CoordinatorNode -> REPLY a StreamServer (LIBRE)
[RA] CoordinatorNode recibe REQUEST de StreamServer (seq=1355)
[RA] CoordinatorNode -> REPLY a StreamServer (LIBRE)
[RA] CoordinatorNode recibe REQUEST de StreamServer (seq=1360)
[RA] CoordinatorNode -> REPLY a StreamServer (LIBRE)
[RA] CoordinatorNode recibe REQUEST de StreamServer (seq=1443)
[RA] CoordinatorNode -> REPLY a StreamServer (LIBRE)
[RA] CoordinatorNode recibe REQUEST de StreamServer (seq=1448)
[RA] CoordinatorNode -> REPLY a StreamServer (LIBRE)
[RA] CoordinatorNode recibe REQUEST de StreamServer (seq=1453)
[RA] CoordinatorNode -> REPLY a StreamServer (LIBRE)
[RA] CoordinatorNode recibe REQUEST de StreamServer (seq=1458)
[RA] CoordinatorNode -> REPLY a StreamServer (LIBRE)
[RA] CoordinatorNode recibe REQUEST de StreamServer (seq=1463)
[RA] CoordinatorNode -> REPLY a StreamServer (LIBRE)
[RA] CoordinatorNode recibe REQUEST de StreamServer (seq=1469)
[RA] CoordinatorNode -> REPLY a StreamServer (LIBRE)
[RA] CoordinatorNode recibe REQUEST de StreamServer (seq=1474)
[RA] CoordinatorNode -> REPLY a StreamServer (LIBRE)
[RA] CoordinatorNode recibe REQUEST de StreamServer (seq=1479)
[RA] CoordinatorNode -> REPLY a StreamServer (LIBRE)
[RA] CoordinatorNode recibe REQUEST de StreamServer (seq=1485)
[RA] CoordinatorNode -> REPLY a StreamServer (LIBRE)
[RA] CoordinatorNode recibe REQUEST de StreamServer (seq=1490)
[RA] CoordinatorNode -> REPLY a StreamServer (LIBRE)
[RA] CoordinatorNode recibe REQUEST de StreamServer (seq=1495)
[RA] CoordinatorNode -> REPLY a StreamServer (LIBRE)
[RA] CoordinatorNode recibe REQUEST de StreamServer (seq=1500)
[RA] CoordinatorNode -> REPLY a StreamServer (LIBRE)
[RA] CoordinatorNode recibe REQUEST de StreamServer (seq=1506)
[RA] CoordinatorNode -> REPLY a StreamServer (LIBRE)
[RA] CoordinatorNode recibe REQUEST de StreamServer (seq=1511)
[RA] CoordinatorNode -> REPLY a StreamServer (LIBRE)
[RA] CoordinatorNode recibe REQUEST de StreamServer (seq=1516)
[RA] CoordinatorNode -> REPLY a StreamServer (LIBRE)
[RA] CoordinatorNode recibe REQUEST de StreamServer (seq=1522)
[RA] CoordinatorNode -> REPLY a StreamServer (LIBRE)
[RA] CoordinatorNode recibe REQUEST de StreamServer (seq=1527)
[RA] CoordinatorNode -> REPLY a StreamServer (LIBRE)
[RA] CoordinatorNode recibe REQUEST de StreamServer (seq=1532)
[RA] CoordinatorNode -> REPLY a StreamServer (LIBRE)
[RA] CoordinatorNode recibe REQUEST de StreamServer (seq=1537)
[RA] CoordinatorNode -> REPLY a StreamServer (LIBRE)
[RA] CoordinatorNode recibe REQUEST de StreamServer (seq=1544)
[RA] CoordinatorNode -> REPLY a StreamServer (LIBRE)
[RA] CoordinatorNode recibe REQUEST de StreamServer (seq=1549)
[RA] CoordinatorNode -> REPLY a StreamServer (LIBRE)
[RA] CoordinatorNode recibe REQUEST de StreamServer (seq=1554)
[RA] CoordinatorNode -> REPLY a StreamServer (LIBRE)
[RA] CoordinatorNode recibe REQUEST de StreamServer (seq=1562)
[RA] CoordinatorNode -> REPLY a StreamServer (LIBRE)
[RA] CoordinatorNode recibe REQUEST de StreamServer (seq=1567)
[RA] CoordinatorNode -> REPLY a StreamServer (LIBRE)
[RA] CoordinatorNode recibe REQUEST de StreamServer (seq=1572)
[RA] CoordinatorNode -> REPLY a StreamServer (LIBRE)
[RA] CoordinatorNode recibe REQUEST de StreamServer (seq=1577)
[RA] CoordinatorNode -> REPLY a StreamServer (LIBRE)
[RA] CoordinatorNode recibe REQUEST de StreamServer (seq=1582)
[RA] CoordinatorNode -> REPLY a StreamServer (LIBRE)
[RA] CoordinatorNode recibe REQUEST de StreamServer (seq=1589)
[RA] CoordinatorNode -> REPLY a StreamServer (LIBRE)
[RA] CoordinatorNode recibe REQUEST de StreamServer (seq=1598)
[RA] CoordinatorNode -> REPLY a StreamServer (LIBRE)
[RA] CoordinatorNode recibe REQUEST de StreamServer (seq=1603)
[RA] CoordinatorNode -> REPLY a StreamServer (LIBRE)
[RA] CoordinatorNode recibe REQUEST de StreamServer (seq=1608)
[RA] CoordinatorNode -> REPLY a StreamServer (LIBRE)
[RA] CoordinatorNode recibe REQUEST de StreamServer (seq=1613)
[RA] CoordinatorNode -> REPLY a StreamServer (LIBRE)
[RA] CoordinatorNode recibe REQUEST de StreamServer (seq=1618)
[RA] CoordinatorNode -> REPLY a StreamServer (LIBRE)
[RA] CoordinatorNode recibe REQUEST de StreamServer (seq=1626)
[RA] CoordinatorNode -> REPLY a StreamServer (LIBRE)
[RA] CoordinatorNode recibe REQUEST de StreamServer (seq=1631)
[RA] CoordinatorNode -> REPLY a StreamServer (LIBRE)
[RA] CoordinatorNode recibe REQUEST de StreamServer (seq=1636)
[RA] CoordinatorNode -> REPLY a StreamServer (LIBRE)
[RA] CoordinatorNode recibe REQUEST de StreamServer (seq=1641)
[RA] CoordinatorNode -> REPLY a StreamServer (LIBRE)
[RA] CoordinatorNode recibe REQUEST de StreamServer (seq=1650)
[RA] CoordinatorNode -> REPLY a StreamServer (LIBRE)
[RA] CoordinatorNode recibe REQUEST de StreamServer (seq=1655)
[RA] CoordinatorNode -> REPLY a StreamServer (LIBRE)
[RA] CoordinatorNode recibe REQUEST de StreamServer (seq=1660)
[RA] CoordinatorNode -> REPLY a StreamServer (LIBRE)
[RA] CoordinatorNode recibe REQUEST de StreamServer (seq=1669)
[RA] CoordinatorNode -> REPLY a StreamServer (LIBRE)
[RA] CoordinatorNode recibe REQUEST de StreamServer (seq=1674)
[RA] CoordinatorNode -> REPLY a StreamServer (LIBRE)
[RA] CoordinatorNode recibe REQUEST de StreamServer (seq=1679)
[RA] CoordinatorNode -> REPLY a StreamServer (LIBRE)
[RA] CoordinatorNode recibe REQUEST de StreamServer (seq=1684)
[RA] CoordinatorNode -> REPLY a StreamServer (LIBRE)
[RA] CoordinatorNode recibe REQUEST de StreamServer (seq=1689)
[RA] CoordinatorNode -> REPLY a StreamServer (LIBRE)
[RA] CoordinatorNode recibe REQUEST de StreamServer (seq=1700)
[RA] CoordinatorNode -> REPLY a StreamServer (LIBRE)
[RA] CoordinatorNode recibe REQUEST de StreamServer (seq=1705)
[RA] CoordinatorNode -> REPLY a StreamServer (LIBRE)
[RA] CoordinatorNode recibe REQUEST de StreamServer (seq=1716)
[RA] CoordinatorNode -> REPLY a StreamServer (LIBRE)
[RA] CoordinatorNode recibe REQUEST de StreamServer (seq=1721)
[RA] CoordinatorNode -> REPLY a StreamServer (LIBRE)
[RA] CoordinatorNode recibe REQUEST de StreamServer (seq=1726)
[RA] CoordinatorNode -> REPLY a StreamServer (LIBRE)
[RA] CoordinatorNode recibe REQUEST de StreamServer (seq=1805)
[RA] CoordinatorNode -> REPLY a StreamServer (LIBRE)
[RA] CoordinatorNode recibe REQUEST de StreamServer (seq=1810)
[RA] CoordinatorNode -> REPLY a StreamServer (LIBRE)
[RA] CoordinatorNode recibe REQUEST de StreamServer (seq=1815)
[RA] CoordinatorNode -> REPLY a StreamServer (LIBRE)
[RA] CoordinatorNode recibe REQUEST de StreamServer (seq=1821)
[RA] CoordinatorNode -> REPLY a StreamServer (LIBRE)
[RA] CoordinatorNode recibe REQUEST de StreamServer (seq=1826)
[RA] CoordinatorNode -> REPLY a StreamServer (LIBRE)
[RA] CoordinatorNode recibe REQUEST de StreamServer (seq=1831)
[RA] CoordinatorNode -> REPLY a StreamServer (LIBRE)
[RA] CoordinatorNode recibe REQUEST de StreamServer (seq=1837)
[RA] CoordinatorNode -> REPLY a StreamServer (LIBRE)
[RA] CoordinatorNode recibe REQUEST de StreamServer (seq=1842)
[RA] CoordinatorNode -> REPLY a StreamServer (LIBRE)
[RA] CoordinatorNode recibe REQUEST de StreamServer (seq=1847)
[RA] CoordinatorNode -> REPLY a StreamServer (LIBRE)
[RA] CoordinatorNode recibe REQUEST de StreamServer (seq=1853)
[RA] CoordinatorNode -> REPLY a StreamServer (LIBRE)
[RA] CoordinatorNode recibe REQUEST de StreamServer (seq=1858)
[RA] CoordinatorNode -> REPLY a StreamServer (LIBRE)
[RA] CoordinatorNode recibe REQUEST de StreamServer (seq=1864)
[RA] CoordinatorNode -> REPLY a StreamServer (LIBRE)
[RA] CoordinatorNode recibe REQUEST de StreamServer (seq=1869)
[RA] CoordinatorNode -> REPLY a StreamServer (LIBRE)
[RA] CoordinatorNode recibe REQUEST de StreamServer (seq=1874)
[RA] CoordinatorNode -> REPLY a StreamServer (LIBRE)
[RA] CoordinatorNode recibe REQUEST de StreamServer (seq=1880)
[RA] CoordinatorNode -> REPLY a StreamServer (LIBRE)
[RA] CoordinatorNode recibe REQUEST de StreamServer (seq=1885)
[RA] CoordinatorNode -> REPLY a StreamServer (LIBRE)
[RA] CoordinatorNode recibe REQUEST de StreamServer (seq=1890)
[RA] CoordinatorNode -> REPLY a StreamServer (LIBRE)
[RA] CoordinatorNode recibe REQUEST de StreamServer (seq=1897)
[RA] CoordinatorNode -> REPLY a StreamServer (LIBRE)
[RA] CoordinatorNode recibe REQUEST de StreamServer (seq=1902)
[RA] CoordinatorNode -> REPLY a StreamServer (LIBRE)
[RA] CoordinatorNode recibe REQUEST de StreamServer (seq=1907)
[RA] CoordinatorNode -> REPLY a StreamServer (LIBRE)
[RA] CoordinatorNode recibe REQUEST de StreamServer (seq=1912)
[RA] CoordinatorNode -> REPLY a StreamServer (LIBRE)
[RA] CoordinatorNode recibe REQUEST de StreamServer (seq=1920)
[RA] CoordinatorNode -> REPLY a StreamServer (LIBRE)
[RA] CoordinatorNode recibe REQUEST de StreamServer (seq=1925)
[RA] CoordinatorNode -> REPLY a StreamServer (LIBRE)
[RA] CoordinatorNode recibe REQUEST de StreamServer (seq=1930)
[RA] CoordinatorNode -> REPLY a StreamServer (LIBRE)
[RA] CoordinatorNode recibe REQUEST de StreamServer (seq=1938)
[RA] CoordinatorNode -> REPLY a StreamServer (LIBRE)
[RA] CoordinatorNode recibe REQUEST de StreamServer (seq=1943)
[RA] CoordinatorNode -> REPLY a StreamServer (LIBRE)
[RA] CoordinatorNode recibe REQUEST de StreamServer (seq=1948)
[RA] CoordinatorNode -> REPLY a StreamServer (LIBRE)
[RA] CoordinatorNode recibe REQUEST de StreamServer (seq=1953)
[RA] CoordinatorNode -> REPLY a StreamServer (LIBRE)
[RA] CoordinatorNode recibe REQUEST de StreamServer (seq=1961)
[RA] CoordinatorNode -> REPLY a StreamServer (LIBRE)
[RA] CoordinatorNode recibe REQUEST de StreamServer (seq=1966)
[RA] CoordinatorNode -> REPLY a StreamServer (LIBRE)
[RA] CoordinatorNode recibe REQUEST de StreamServer (seq=1976)
[RA] CoordinatorNode -> REPLY a StreamServer (LIBRE)
[RA] CoordinatorNode recibe REQUEST de StreamServer (seq=1981)
[RA] CoordinatorNode -> REPLY a StreamServer (LIBRE)
[RA] CoordinatorNode recibe REQUEST de StreamServer (seq=1986)
[RA] CoordinatorNode -> REPLY a StreamServer (LIBRE)
[RA] CoordinatorNode recibe REQUEST de StreamServer (seq=1991)
[RA] CoordinatorNode -> REPLY a StreamServer (LIBRE)
[RA] CoordinatorNode recibe REQUEST de StreamServer (seq=1996)
[RA] CoordinatorNode -> REPLY a StreamServer (LIBRE)
[RA] CoordinatorNode recibe REQUEST de StreamServer (seq=2003)
[RA] CoordinatorNode -> REPLY a StreamServer (LIBRE)
[RA] CoordinatorNode recibe REQUEST de StreamServer (seq=2008)
[RA] CoordinatorNode -> REPLY a StreamServer (LIBRE)
[RA] CoordinatorNode recibe REQUEST de StreamServer (seq=2013)
[RA] CoordinatorNode -> REPLY a StreamServer (LIBRE)
[RA] CoordinatorNode recibe REQUEST de StreamServer (seq=2022)
[RA] CoordinatorNode -> REPLY a StreamServer (LIBRE)
[RA] CoordinatorNode recibe REQUEST de StreamServer (seq=2027)
[RA] CoordinatorNode -> REPLY a StreamServer (LIBRE)
[RA] CoordinatorNode recibe REQUEST de StreamServer (seq=2032)
[RA] CoordinatorNode -> REPLY a StreamServer (LIBRE)
[RA] CoordinatorNode recibe REQUEST de StreamServer (seq=2037)
[RA] CoordinatorNode -> REPLY a StreamServer (LIBRE)
[RA] CoordinatorNode recibe REQUEST de StreamServer (seq=2047)
[RA] CoordinatorNode -> REPLY a StreamServer (LIBRE)
[RA] CoordinatorNode recibe REQUEST de StreamServer (seq=2052)
[RA] CoordinatorNode -> REPLY a StreamServer (LIBRE)
[RA] CoordinatorNode recibe REQUEST de StreamServer (seq=2057)
[RA] CoordinatorNode -> REPLY a StreamServer (LIBRE)
[RA] CoordinatorNode recibe REQUEST de StreamServer (seq=2062)
[RA] CoordinatorNode -> REPLY a StreamServer (LIBRE)
[RA] CoordinatorNode recibe REQUEST de StreamServer (seq=2075)
[RA] CoordinatorNode -> REPLY a StreamServer (LIBRE)
[RA] CoordinatorNode recibe REQUEST de StreamServer (seq=2080)
[RA] CoordinatorNode -> REPLY a StreamServer (LIBRE)
[RA] CoordinatorNode recibe REQUEST de StreamServer (seq=2085)
[RA] CoordinatorNode -> REPLY a StreamServer (LIBRE)
[RA] CoordinatorNode recibe REQUEST de StreamServer (seq=2155)
[RA] CoordinatorNode -> REPLY a StreamServer (LIBRE)
[RA] CoordinatorNode recibe REQUEST de StreamServer (seq=2173)
[RA] CoordinatorNode -> REPLY a StreamServer (LIBRE)
[RA] CoordinatorNode recibe REQUEST de StreamServer (seq=2178)
[RA] CoordinatorNode -> REPLY a StreamServer (LIBRE)
[RA] CoordinatorNode recibe REQUEST de StreamServer (seq=2183)
[RA] CoordinatorNode -> REPLY a StreamServer (LIBRE)
[RA] CoordinatorNode recibe REQUEST de StreamServer (seq=2189)
[RA] CoordinatorNode -> REPLY a StreamServer (LIBRE)
[RA] CoordinatorNode recibe REQUEST de StreamServer (seq=2194)
[RA] CoordinatorNode -> REPLY a StreamServer (LIBRE)
[RA] CoordinatorNode recibe REQUEST de StreamServer (seq=2200)
[RA] CoordinatorNode -> REPLY a StreamServer (LIBRE)
[RA] CoordinatorNode recibe REQUEST de StreamServer (seq=2205)
[RA] CoordinatorNode -> REPLY a StreamServer (LIBRE)
[RA] CoordinatorNode recibe REQUEST de StreamServer (seq=2211)
[RA] CoordinatorNode -> REPLY a StreamServer (LIBRE)
[RA] CoordinatorNode recibe REQUEST de StreamServer (seq=2216)
[RA] CoordinatorNode -> REPLY a StreamServer (LIBRE)
[RA] CoordinatorNode recibe REQUEST de StreamServer (seq=2221)
[RA] CoordinatorNode -> REPLY a StreamServer (LIBRE)
[RA] CoordinatorNode recibe REQUEST de StreamServer (seq=2226)
[RA] CoordinatorNode -> REPLY a StreamServer (LIBRE)
[RA] CoordinatorNode recibe REQUEST de StreamServer (seq=2232)
[RA] CoordinatorNode -> REPLY a StreamServer (LIBRE)
[RA] CoordinatorNode recibe REQUEST de StreamServer (seq=2237)
[RA] CoordinatorNode -> REPLY a StreamServer (LIBRE)
[RA] CoordinatorNode recibe REQUEST de StreamServer (seq=2242)
[RA] CoordinatorNode -> REPLY a StreamServer (LIBRE)
[RA] CoordinatorNode recibe REQUEST de StreamServer (seq=2247)
[RA] CoordinatorNode -> REPLY a StreamServer (LIBRE)
[RA] CoordinatorNode recibe REQUEST de StreamServer (seq=2253)
[RA] CoordinatorNode -> REPLY a StreamServer (LIBRE)
[RA] CoordinatorNode recibe REQUEST de StreamServer (seq=2258)
[RA] CoordinatorNode -> REPLY a StreamServer (LIBRE)
[RA] CoordinatorNode recibe REQUEST de StreamServer (seq=2263)
[RA] CoordinatorNode -> REPLY a StreamServer (LIBRE)
[RA] CoordinatorNode recibe REQUEST de StreamServer (seq=2271)
[RA] CoordinatorNode -> REPLY a StreamServer (LIBRE)
[RA] CoordinatorNode recibe REQUEST de StreamServer (seq=2276)
[RA] CoordinatorNode -> REPLY a StreamServer (LIBRE)
[RA] CoordinatorNode recibe REQUEST de StreamServer (seq=2281)
[RA] CoordinatorNode -> REPLY a StreamServer (LIBRE)
[RA] CoordinatorNode recibe REQUEST de StreamServer (seq=2286)
[RA] CoordinatorNode -> REPLY a StreamServer (LIBRE)
[RA] CoordinatorNode recibe REQUEST de StreamServer (seq=2291)
[RA] CoordinatorNode -> REPLY a StreamServer (LIBRE)
[RA] CoordinatorNode recibe REQUEST de StreamServer (seq=2299)
[RA] CoordinatorNode -> REPLY a StreamServer (LIBRE)
[RA] CoordinatorNode recibe REQUEST de StreamServer (seq=2304)
[RA] CoordinatorNode -> REPLY a StreamServer (LIBRE)
[RA] CoordinatorNode recibe REQUEST de StreamServer (seq=2309)
[RA] CoordinatorNode -> REPLY a StreamServer (LIBRE)
[RA] CoordinatorNode recibe REQUEST de StreamServer (seq=2314)
[RA] CoordinatorNode -> REPLY a StreamServer (LIBRE)
[RA] CoordinatorNode recibe REQUEST de StreamServer (seq=2322)
[RA] CoordinatorNode -> REPLY a StreamServer (LIBRE)
[RA] CoordinatorNode recibe REQUEST de StreamServer (seq=2327)
[RA] CoordinatorNode -> REPLY a StreamServer (LIBRE)
[RA] CoordinatorNode recibe REQUEST de StreamServer (seq=2332)
[RA] CoordinatorNode -> REPLY a StreamServer (LIBRE)
[RA] CoordinatorNode recibe REQUEST de StreamServer (seq=2340)
[RA] CoordinatorNode -> REPLY a StreamServer (LIBRE)
[RA] CoordinatorNode recibe REQUEST de StreamServer (seq=2345)
[RA] CoordinatorNode -> REPLY a StreamServer (LIBRE)
[RA] CoordinatorNode recibe REQUEST de StreamServer (seq=2355)
[RA] CoordinatorNode -> REPLY a StreamServer (LIBRE)
[RA] CoordinatorNode recibe REQUEST de StreamServer (seq=2360)
[RA] CoordinatorNode -> REPLY a StreamServer (LIBRE)
[RA] CoordinatorNode recibe REQUEST de StreamServer (seq=2365)
[RA] CoordinatorNode -> REPLY a StreamServer (LIBRE)
[RA] CoordinatorNode recibe REQUEST de StreamServer (seq=2370)
[RA] CoordinatorNode -> REPLY a StreamServer (LIBRE)
[RA] CoordinatorNode recibe REQUEST de StreamServer (seq=2377)
[RA] CoordinatorNode -> REPLY a StreamServer (LIBRE)
[RA] CoordinatorNode recibe REQUEST de StreamServer (seq=2382)
[RA] CoordinatorNode -> REPLY a StreamServer (LIBRE)
[RA] CoordinatorNode recibe REQUEST de StreamServer (seq=2392)
[RA] CoordinatorNode -> REPLY a StreamServer (LIBRE)
[RA] CoordinatorNode recibe REQUEST de StreamServer (seq=2397)
[RA] CoordinatorNode -> REPLY a StreamServer (LIBRE)
[RA] CoordinatorNode recibe REQUEST de StreamServer (seq=2402)
[RA] CoordinatorNode -> REPLY a StreamServer (LIBRE)
[RA] CoordinatorNode recibe REQUEST de StreamServer (seq=2407)
[RA] CoordinatorNode -> REPLY a StreamServer (LIBRE)
[RA] CoordinatorNode recibe REQUEST de StreamServer (seq=2415)
[RA] CoordinatorNode -> REPLY a StreamServer (LIBRE)
[RA] CoordinatorNode recibe REQUEST de StreamServer (seq=2420)
[RA] CoordinatorNode -> REPLY a StreamServer (LIBRE)
[RA] CoordinatorNode recibe REQUEST de StreamServer (seq=2425)
[RA] CoordinatorNode -> REPLY a StreamServer (LIBRE)
[RA] CoordinatorNode recibe REQUEST de StreamServer (seq=2430)
[RA] CoordinatorNode -> REPLY a StreamServer (LIBRE)
[RA] CoordinatorNode recibe REQUEST de StreamServer (seq=2435)
[RA] CoordinatorNode -> REPLY a StreamServer (LIBRE)
[RA] CoordinatorNode recibe REQUEST de StreamServer (seq=2448)
[RA] CoordinatorNode -> REPLY a StreamServer (LIBRE)
[RA] CoordinatorNode recibe REQUEST de StreamServer (seq=2453)
[RA] CoordinatorNode -> REPLY a StreamServer (LIBRE)
[RA] CoordinatorNode recibe REQUEST de StreamServer (seq=2458)
[RA] CoordinatorNode -> REPLY a StreamServer (LIBRE)
[RA] CoordinatorNode recibe REQUEST de StreamServer (seq=2536)
[RA] CoordinatorNode -> REPLY a StreamServer (LIBRE)
[RA] CoordinatorNode recibe REQUEST de StreamServer (seq=2541)
[RA] CoordinatorNode -> REPLY a StreamServer (LIBRE)
[RA] CoordinatorNode recibe REQUEST de StreamServer (seq=2547)
[RA] CoordinatorNode -> REPLY a StreamServer (LIBRE)
[RA] CoordinatorNode recibe REQUEST de StreamServer (seq=2552)
[RA] CoordinatorNode -> REPLY a StreamServer (LIBRE)
[RA] CoordinatorNode recibe REQUEST de StreamServer (seq=2558)
[RA] CoordinatorNode -> REPLY a StreamServer (LIBRE)
[RA] CoordinatorNode recibe REQUEST de StreamServer (seq=2563)
[RA] CoordinatorNode -> REPLY a StreamServer (LIBRE)
[RA] CoordinatorNode recibe REQUEST de StreamServer (seq=2569)
[RA] CoordinatorNode -> REPLY a StreamServer (LIBRE)
[RA] CoordinatorNode recibe REQUEST de StreamServer (seq=2574)
[RA] CoordinatorNode -> REPLY a StreamServer (LIBRE)
[RA] CoordinatorNode recibe REQUEST de StreamServer (seq=2580)
[RA] CoordinatorNode -> REPLY a StreamServer (LIBRE)
[RA] CoordinatorNode recibe REQUEST de StreamServer (seq=2585)
[RA] CoordinatorNode -> REPLY a StreamServer (LIBRE)
[RA] CoordinatorNode recibe REQUEST de StreamServer (seq=2590)
[RA] CoordinatorNode -> REPLY a StreamServer (LIBRE)
[RA] CoordinatorNode recibe REQUEST de StreamServer (seq=2595)
[RA] CoordinatorNode -> REPLY a StreamServer (LIBRE)
[RA] CoordinatorNode recibe REQUEST de StreamServer (seq=2601)
[RA] CoordinatorNode -> REPLY a StreamServer (LIBRE)
[RA] CoordinatorNode recibe REQUEST de StreamServer (seq=2606)
[RA] CoordinatorNode -> REPLY a StreamServer (LIBRE)
[RA] CoordinatorNode recibe REQUEST de StreamServer (seq=2611)
[RA] CoordinatorNode -> REPLY a StreamServer (LIBRE)
[RA] CoordinatorNode recibe REQUEST de StreamServer (seq=2616)
[RA] CoordinatorNode -> REPLY a StreamServer (LIBRE)
[RA] CoordinatorNode recibe REQUEST de StreamServer (seq=2621)
[RA] CoordinatorNode -> REPLY a StreamServer (LIBRE)
[RA] CoordinatorNode recibe REQUEST de StreamServer (seq=2629)
[RA] CoordinatorNode -> REPLY a StreamServer (LIBRE)
[RA] CoordinatorNode recibe REQUEST de StreamServer (seq=2634)
[RA] CoordinatorNode -> REPLY a StreamServer (LIBRE)
[RA] CoordinatorNode recibe REQUEST de StreamServer (seq=2642)
[RA] CoordinatorNode -> REPLY a StreamServer (LIBRE)
[RA] CoordinatorNode recibe REQUEST de StreamServer (seq=2647)
[RA] CoordinatorNode -> REPLY a StreamServer (LIBRE)
[RA] CoordinatorNode recibe REQUEST de StreamServer (seq=2652)
[RA] CoordinatorNode -> REPLY a StreamServer (LIBRE)
[RA] CoordinatorNode recibe REQUEST de StreamServer (seq=2657)
[RA] CoordinatorNode -> REPLY a StreamServer (LIBRE)
[RA] CoordinatorNode recibe REQUEST de StreamServer (seq=2662)
[RA] CoordinatorNode -> REPLY a StreamServer (LIBRE)
[RA] CoordinatorNode recibe REQUEST de StreamServer (seq=2668)
[RA] CoordinatorNode -> REPLY a StreamServer (LIBRE)
[RA] CoordinatorNode recibe REQUEST de StreamServer (seq=2673)
[RA] CoordinatorNode -> REPLY a StreamServer (LIBRE)
[RA] CoordinatorNode recibe REQUEST de StreamServer (seq=2678)
[RA] CoordinatorNode -> REPLY a StreamServer (LIBRE)
[RA] CoordinatorNode recibe REQUEST de StreamServer (seq=2683)
[RA] CoordinatorNode -> REPLY a StreamServer (LIBRE)
[RA] CoordinatorNode recibe REQUEST de StreamServer (seq=2691)
[RA] CoordinatorNode -> REPLY a StreamServer (LIBRE)
[RA] CoordinatorNode recibe REQUEST de StreamServer (seq=2696)
[RA] CoordinatorNode -> REPLY a StreamServer (LIBRE)
[RA] CoordinatorNode recibe REQUEST de StreamServer (seq=2701)
[RA] CoordinatorNode -> REPLY a StreamServer (LIBRE)
[RA] CoordinatorNode recibe REQUEST de StreamServer (seq=2708)
[RA] CoordinatorNode -> REPLY a StreamServer (LIBRE)
[RA] CoordinatorNode recibe REQUEST de StreamServer (seq=2713)
[RA] CoordinatorNode -> REPLY a StreamServer (LIBRE)
[RA] CoordinatorNode recibe REQUEST de StreamServer (seq=2723)
[RA] CoordinatorNode -> REPLY a StreamServer (LIBRE)
[RA] CoordinatorNode recibe REQUEST de StreamServer (seq=2728)
[RA] CoordinatorNode -> REPLY a StreamServer (LIBRE)
[RA] CoordinatorNode recibe REQUEST de StreamServer (seq=2733)
[RA] CoordinatorNode -> REPLY a StreamServer (LIBRE)
[RA] CoordinatorNode recibe REQUEST de StreamServer (seq=2738)
[RA] CoordinatorNode -> REPLY a StreamServer (LIBRE)
[RA] CoordinatorNode recibe REQUEST de StreamServer (seq=2743)
[RA] CoordinatorNode -> REPLY a StreamServer (LIBRE)
[RA] CoordinatorNode recibe REQUEST de StreamServer (seq=2755)
[RA] CoordinatorNode -> REPLY a StreamServer (LIBRE)
[RA] CoordinatorNode recibe REQUEST de StreamServer (seq=2760)
[RA] CoordinatorNode -> REPLY a StreamServer (LIBRE)
[RA] CoordinatorNode recibe REQUEST de StreamServer (seq=2765)
[RA] CoordinatorNode -> REPLY a StreamServer (LIBRE)
[RA] CoordinatorNode recibe REQUEST de StreamServer (seq=2770)
[RA] CoordinatorNode -> REPLY a StreamServer (LIBRE)
[RA] CoordinatorNode recibe REQUEST de StreamServer (seq=2778)
[RA] CoordinatorNode -> REPLY a StreamServer (LIBRE)
[RA] CoordinatorNode recibe REQUEST de StreamServer (seq=2783)
[RA] CoordinatorNode -> REPLY a StreamServer (LIBRE)
[RA] CoordinatorNode recibe REQUEST de StreamServer (seq=2789)
[RA] CoordinatorNode -> REPLY a StreamServer (LIBRE)
[RA] CoordinatorNode recibe REQUEST de StreamServer (seq=2794)
[RA] CoordinatorNode -> REPLY a StreamServer (LIBRE)
[RA] CoordinatorNode recibe REQUEST de StreamServer (seq=2799)
[RA] CoordinatorNode -> REPLY a StreamServer (LIBRE)
[RA] CoordinatorNode recibe REQUEST de StreamServer (seq=2810)
[RA] CoordinatorNode -> REPLY a StreamServer (LIBRE)
[RA] CoordinatorNode recibe REQUEST de StreamServer (seq=2815)
[RA] CoordinatorNode -> REPLY a StreamServer (LIBRE)
[RA] CoordinatorNode recibe REQUEST de StreamServer (seq=2894)
[RA] CoordinatorNode -> REPLY a StreamServer (LIBRE)
[RA] CoordinatorNode recibe REQUEST de StreamServer (seq=2899)
[RA] CoordinatorNode -> REPLY a StreamServer (LIBRE)
[RA] CoordinatorNode recibe REQUEST de StreamServer (seq=2904)
[RA] CoordinatorNode -> REPLY a StreamServer (LIBRE)
[RA] CoordinatorNode recibe REQUEST de StreamServer (seq=2910)
[RA] CoordinatorNode -> REPLY a StreamServer (LIBRE)
[RA] CoordinatorNode recibe REQUEST de StreamServer (seq=2915)
[RA] CoordinatorNode -> REPLY a StreamServer (LIBRE)
[RA] CoordinatorNode recibe REQUEST de StreamServer (seq=2921)
[RA] CoordinatorNode -> REPLY a StreamServer (LIBRE)
[RA] CoordinatorNode recibe REQUEST de StreamServer (seq=2926)
[RA] CoordinatorNode -> REPLY a StreamServer (LIBRE)
[RA] CoordinatorNode recibe REQUEST de StreamServer (seq=2932)
[RA] CoordinatorNode -> REPLY a StreamServer (LIBRE)
[RA] CoordinatorNode recibe REQUEST de StreamServer (seq=2937)
[RA] CoordinatorNode -> REPLY a StreamServer (LIBRE)
[RA] CoordinatorNode recibe REQUEST de StreamServer (seq=2943)
[RA] CoordinatorNode -> REPLY a StreamServer (LIBRE)
[RA] CoordinatorNode recibe REQUEST de StreamServer (seq=2948)
[RA] CoordinatorNode -> REPLY a StreamServer (LIBRE)
[RA] CoordinatorNode recibe REQUEST de StreamServer (seq=2953)
[RA] CoordinatorNode -> REPLY a StreamServer (LIBRE)
[RA] CoordinatorNode recibe REQUEST de StreamServer (seq=2958)
[RA] CoordinatorNode -> REPLY a StreamServer (LIBRE)
[RA] CoordinatorNode recibe REQUEST de StreamServer (seq=2963)
[RA] CoordinatorNode -> REPLY a StreamServer (LIBRE)
[RA] CoordinatorNode recibe REQUEST de StreamServer (seq=2969)
[RA] CoordinatorNode -> REPLY a StreamServer (LIBRE)
[RA] CoordinatorNode recibe REQUEST de StreamServer (seq=2975)
[RA] CoordinatorNode -> REPLY a StreamServer (LIBRE)
[RA] CoordinatorNode recibe REQUEST de StreamServer (seq=2980)
[RA] CoordinatorNode -> REPLY a StreamServer (LIBRE)
[RA] CoordinatorNode recibe REQUEST de StreamServer (seq=2985)
[RA] CoordinatorNode -> REPLY a StreamServer (LIBRE)
[RA] CoordinatorNode recibe REQUEST de StreamServer (seq=2990)
[RA] CoordinatorNode -> REPLY a StreamServer (LIBRE)
[RA] CoordinatorNode recibe REQUEST de StreamServer (seq=2997)
[RA] CoordinatorNode -> REPLY a StreamServer (LIBRE)
[RA] CoordinatorNode recibe REQUEST de StreamServer (seq=3002)
[RA] CoordinatorNode -> REPLY a StreamServer (LIBRE)
[RA] CoordinatorNode recibe REQUEST de StreamServer (seq=3010)
[RA] CoordinatorNode -> REPLY a StreamServer (LIBRE)
[RA] CoordinatorNode recibe REQUEST de StreamServer (seq=3015)
[RA] CoordinatorNode -> REPLY a StreamServer (LIBRE)
[RA] CoordinatorNode recibe REQUEST de StreamServer (seq=3020)
[RA] CoordinatorNode -> REPLY a StreamServer (LIBRE)
[RA] CoordinatorNode recibe REQUEST de StreamServer (seq=3025)
[RA] CoordinatorNode -> REPLY a StreamServer (LIBRE)
[RA] CoordinatorNode recibe REQUEST de StreamServer (seq=3030)
[RA] CoordinatorNode -> REPLY a StreamServer (LIBRE)
[RA] CoordinatorNode recibe REQUEST de StreamServer (seq=3039)
[RA] CoordinatorNode -> REPLY a StreamServer (LIBRE)
[RA] CoordinatorNode recibe REQUEST de StreamServer (seq=3044)
[RA] CoordinatorNode -> REPLY a StreamServer (LIBRE)
[RA] CoordinatorNode recibe REQUEST de StreamServer (seq=3049)
[RA] CoordinatorNode -> REPLY a StreamServer (LIBRE)
[RA] CoordinatorNode recibe REQUEST de StreamServer (seq=3054)
[RA] CoordinatorNode -> REPLY a StreamServer (LIBRE)
[RA] CoordinatorNode recibe REQUEST de StreamServer (seq=3061)
[RA] CoordinatorNode -> REPLY a StreamServer (LIBRE)
[RA] CoordinatorNode recibe REQUEST de StreamServer (seq=3066)
[RA] CoordinatorNode -> REPLY a StreamServer (LIBRE)
[RA] CoordinatorNode recibe REQUEST de StreamServer (seq=3071)
[RA] CoordinatorNode -> REPLY a StreamServer (LIBRE)
[RA] CoordinatorNode recibe REQUEST de StreamServer (seq=3078)
[RA] CoordinatorNode -> REPLY a StreamServer (LIBRE)
[RA] CoordinatorNode recibe REQUEST de StreamServer (seq=3086)
[RA] CoordinatorNode -> REPLY a StreamServer (LIBRE)
[RA] CoordinatorNode recibe REQUEST de StreamServer (seq=3091)
[RA] CoordinatorNode -> REPLY a StreamServer (LIBRE)
[RA] CoordinatorNode recibe REQUEST de StreamServer (seq=3096)
[RA] CoordinatorNode -> REPLY a StreamServer (LIBRE)
[RA] CoordinatorNode recibe REQUEST de StreamServer (seq=3101)
[RA] CoordinatorNode -> REPLY a StreamServer (LIBRE)
[RA] CoordinatorNode recibe REQUEST de StreamServer (seq=3110)
[RA] CoordinatorNode -> REPLY a StreamServer (LIBRE)
[RA] CoordinatorNode recibe REQUEST de StreamServer (seq=3115)
[RA] CoordinatorNode -> REPLY a StreamServer (LIBRE)
[RA] CoordinatorNode recibe REQUEST de StreamServer (seq=3127)
[RA] CoordinatorNode -> REPLY a StreamServer (LIBRE)
[RA] CoordinatorNode recibe REQUEST de StreamServer (seq=3132)
[RA] CoordinatorNode -> REPLY a StreamServer (LIBRE)
[RA] CoordinatorNode recibe REQUEST de StreamServer (seq=3137)
[RA] CoordinatorNode -> REPLY a StreamServer (LIBRE)
[RA] CoordinatorNode recibe REQUEST de StreamServer (seq=3142)
[RA] CoordinatorNode -> REPLY a StreamServer (LIBRE)
[RA] CoordinatorNode recibe REQUEST de StreamServer (seq=3152)
[RA] CoordinatorNode -> REPLY a StreamServer (LIBRE)
[RA] CoordinatorNode recibe REQUEST de StreamServer (seq=3157)
[RA] CoordinatorNode -> REPLY a StreamServer (LIBRE)
[RA] CoordinatorNode recibe REQUEST de StreamServer (seq=3162)
[RA] CoordinatorNode -> REPLY a StreamServer (LIBRE)
[RA] CoordinatorNode recibe REQUEST de StreamServer (seq=3167)
[RA] CoordinatorNode -> REPLY a StreamServer (LIBRE)
[RA] CoordinatorNode recibe REQUEST de StreamServer (seq=3172)
[RA] CoordinatorNode -> REPLY a StreamServer (LIBRE)
[RA] CoordinatorNode recibe REQUEST de StreamServer (seq=3186)
[RA] CoordinatorNode -> REPLY a StreamServer (LIBRE)
[RA] CoordinatorNode recibe REQUEST de StreamServer (seq=3191)
[RA] CoordinatorNode -> REPLY a StreamServer (LIBRE)
[RA] CoordinatorNode recibe REQUEST de StreamServer (seq=3262)
[RA] CoordinatorNode -> REPLY a StreamServer (LIBRE)
[RA] CoordinatorNode recibe REQUEST de StreamServer (seq=3267)
[RA] CoordinatorNode -> REPLY a StreamServer (LIBRE)
[RA] CoordinatorNode recibe REQUEST de StreamServer (seq=3273)
[RA] CoordinatorNode -> REPLY a StreamServer (LIBRE)
[RA] CoordinatorNode recibe REQUEST de StreamServer (seq=3278)
[RA] CoordinatorNode -> REPLY a StreamServer (LIBRE)
[RA] CoordinatorNode recibe REQUEST de StreamServer (seq=3283)
[RA] CoordinatorNode -> REPLY a StreamServer (LIBRE)
[RA] CoordinatorNode recibe REQUEST de StreamServer (seq=3289)
[RA] CoordinatorNode -> REPLY a StreamServer (LIBRE)
[RA] CoordinatorNode recibe REQUEST de StreamServer (seq=3294)
[RA] CoordinatorNode -> REPLY a StreamServer (LIBRE)
[RA] CoordinatorNode recibe REQUEST de StreamServer (seq=3299)
[RA] CoordinatorNode -> REPLY a StreamServer (LIBRE)
[RA] CoordinatorNode recibe REQUEST de StreamServer (seq=3305)
[RA] CoordinatorNode -> REPLY a StreamServer (LIBRE)
[RA] CoordinatorNode recibe REQUEST de StreamServer (seq=3310)
[RA] CoordinatorNode -> REPLY a StreamServer (LIBRE)
[RA] CoordinatorNode recibe REQUEST de StreamServer (seq=3315)
[RA] CoordinatorNode -> REPLY a StreamServer (LIBRE)
[RA] CoordinatorNode recibe REQUEST de StreamServer (seq=3320)
[RA] CoordinatorNode -> REPLY a StreamServer (LIBRE)
[RA] CoordinatorNode recibe REQUEST de StreamServer (seq=3325)
[RA] CoordinatorNode -> REPLY a StreamServer (LIBRE)
[RA] CoordinatorNode recibe REQUEST de StreamServer (seq=3330)
[RA] CoordinatorNode -> REPLY a StreamServer (LIBRE)
[RA] CoordinatorNode recibe REQUEST de StreamServer (seq=3338)
[RA] CoordinatorNode -> REPLY a StreamServer (LIBRE)
[RA] CoordinatorNode recibe REQUEST de StreamServer (seq=3343)
[RA] CoordinatorNode -> REPLY a StreamServer (LIBRE)
[RA] CoordinatorNode recibe REQUEST de StreamServer (seq=3348)
[RA] CoordinatorNode -> REPLY a StreamServer (LIBRE)
[RA] CoordinatorNode recibe REQUEST de StreamServer (seq=3353)
[RA] CoordinatorNode -> REPLY a StreamServer (LIBRE)
[RA] CoordinatorNode recibe REQUEST de StreamServer (seq=3358)
[RA] CoordinatorNode -> REPLY a StreamServer (LIBRE)
[RA] CoordinatorNode recibe REQUEST de StreamServer (seq=3363)
[RA] CoordinatorNode -> REPLY a StreamServer (LIBRE)
[RA] CoordinatorNode recibe REQUEST de StreamServer (seq=3371)
[RA] CoordinatorNode -> REPLY a StreamServer (LIBRE)
[RA] CoordinatorNode recibe REQUEST de StreamServer (seq=3376)
[RA] CoordinatorNode -> REPLY a StreamServer (LIBRE)
[RA] CoordinatorNode recibe REQUEST de StreamServer (seq=3383)
[RA] CoordinatorNode -> REPLY a StreamServer (LIBRE)
[RA] CoordinatorNode recibe REQUEST de StreamServer (seq=3388)
[RA] CoordinatorNode -> REPLY a StreamServer (LIBRE)
[RA] CoordinatorNode recibe REQUEST de StreamServer (seq=3393)
[RA] CoordinatorNode -> REPLY a StreamServer (LIBRE)
[RA] CoordinatorNode recibe REQUEST de StreamServer (seq=3398)
[RA] CoordinatorNode -> REPLY a StreamServer (LIBRE)
[RA] CoordinatorNode recibe REQUEST de StreamServer (seq=3403)
[RA] CoordinatorNode -> REPLY a StreamServer (LIBRE)
[RA] CoordinatorNode recibe REQUEST de StreamServer (seq=3412)
[RA] CoordinatorNode -> REPLY a StreamServer (LIBRE)
[RA] CoordinatorNode recibe REQUEST de StreamServer (seq=3417)
[RA] CoordinatorNode -> REPLY a StreamServer (LIBRE)
[RA] CoordinatorNode recibe REQUEST de StreamServer (seq=3422)
[RA] CoordinatorNode -> REPLY a StreamServer (LIBRE)
[RA] CoordinatorNode recibe REQUEST de StreamServer (seq=3427)
[RA] CoordinatorNode -> REPLY a StreamServer (LIBRE)
[RA] CoordinatorNode recibe REQUEST de StreamServer (seq=3434)
[RA] CoordinatorNode -> REPLY a StreamServer (LIBRE)
[RA] CoordinatorNode recibe REQUEST de StreamServer (seq=3439)
[RA] CoordinatorNode -> REPLY a StreamServer (LIBRE)
[RA] CoordinatorNode recibe REQUEST de StreamServer (seq=3446)
[RA] CoordinatorNode -> REPLY a StreamServer (LIBRE)
[RA] CoordinatorNode recibe REQUEST de StreamServer (seq=3456)
[RA] CoordinatorNode -> REPLY a StreamServer (LIBRE)
[RA] CoordinatorNode recibe REQUEST de StreamServer (seq=3461)
[RA] CoordinatorNode -> REPLY a StreamServer (LIBRE)
[RA] CoordinatorNode recibe REQUEST de StreamServer (seq=3466)
[RA] CoordinatorNode -> REPLY a StreamServer (LIBRE)
[RA] CoordinatorNode recibe REQUEST de StreamServer (seq=3471)
[RA] CoordinatorNode -> REPLY a StreamServer (LIBRE)
[RA] CoordinatorNode recibe REQUEST de StreamServer (seq=3477)
[RA] CoordinatorNode -> REPLY a StreamServer (LIBRE)
[RA] CoordinatorNode recibe REQUEST de StreamServer (seq=3482)
[RA] CoordinatorNode -> REPLY a StreamServer (LIBRE)
[RA] CoordinatorNode recibe REQUEST de StreamServer (seq=3495)
[RA] CoordinatorNode -> REPLY a StreamServer (LIBRE)
[RA] CoordinatorNode recibe REQUEST de StreamServer (seq=3500)
[RA] CoordinatorNode -> REPLY a StreamServer (LIBRE)
[RA] CoordinatorNode recibe REQUEST de StreamServer (seq=3505)
[RA] CoordinatorNode -> REPLY a StreamServer (LIBRE)
[RA] CoordinatorNode recibe REQUEST de StreamServer (seq=3510)
[RA] CoordinatorNode -> REPLY a StreamServer (LIBRE)
[RA] CoordinatorNode recibe REQUEST de StreamServer (seq=3515)
[RA] CoordinatorNode -> REPLY a StreamServer (LIBRE)
[RA] CoordinatorNode recibe REQUEST de StreamServer (seq=3524)
[RA] CoordinatorNode -> REPLY a StreamServer (LIBRE)
[RA] CoordinatorNode recibe REQUEST de StreamServer (seq=3529)
[RA] CoordinatorNode -> REPLY a StreamServer (LIBRE)
[RA] CoordinatorNode recibe REQUEST de StreamServer (seq=3534)
[RA] CoordinatorNode -> REPLY a StreamServer (LIBRE)
[RA] CoordinatorNode recibe REQUEST de StreamServer (seq=3539)
[RA] CoordinatorNode -> REPLY a StreamServer (LIBRE)
[RA] CoordinatorNode recibe REQUEST de StreamServer (seq=3544)
[RA] CoordinatorNode -> REPLY a StreamServer (LIBRE)
[RA] CoordinatorNode recibe REQUEST de StreamServer (seq=3621)
[RA] CoordinatorNode -> REPLY a StreamServer (LIBRE)
[RA] CoordinatorNode recibe REQUEST de StreamServer (seq=3626)
[RA] CoordinatorNode -> REPLY a StreamServer (LIBRE)
[RA] CoordinatorNode recibe REQUEST de StreamServer (seq=3632)
[RA] CoordinatorNode -> REPLY a StreamServer (LIBRE)
[RA] CoordinatorNode recibe REQUEST de StreamServer (seq=3637)
[RA] CoordinatorNode -> REPLY a StreamServer (LIBRE)
[RA] CoordinatorNode recibe REQUEST de StreamServer (seq=3642)
[RA] CoordinatorNode -> REPLY a StreamServer (LIBRE)
[RA] CoordinatorNode recibe REQUEST de StreamServer (seq=3648)
[RA] CoordinatorNode -> REPLY a StreamServer (LIBRE)
[RA] CoordinatorNode recibe REQUEST de StreamServer (seq=3653)
[RA] CoordinatorNode -> REPLY a StreamServer (LIBRE)
[RA] CoordinatorNode recibe REQUEST de StreamServer (seq=3658)
[RA] CoordinatorNode -> REPLY a StreamServer (LIBRE)
[RA] CoordinatorNode recibe REQUEST de StreamServer (seq=3663)
[RA] CoordinatorNode -> REPLY a StreamServer (LIBRE)
[RA] CoordinatorNode recibe REQUEST de StreamServer (seq=3669)
[RA] CoordinatorNode -> REPLY a StreamServer (LIBRE)
[RA] CoordinatorNode recibe REQUEST de StreamServer (seq=3674)
[RA] CoordinatorNode -> REPLY a StreamServer (LIBRE)
[RA] CoordinatorNode recibe REQUEST de StreamServer (seq=3680)
[RA] CoordinatorNode -> REPLY a StreamServer (LIBRE)
[RA] CoordinatorNode recibe REQUEST de StreamServer (seq=3685)
[RA] CoordinatorNode -> REPLY a StreamServer (LIBRE)
[RA] CoordinatorNode recibe REQUEST de StreamServer (seq=3690)
[RA] CoordinatorNode -> REPLY a StreamServer (LIBRE)
[RA] CoordinatorNode recibe REQUEST de StreamServer (seq=3695)
[RA] CoordinatorNode -> REPLY a StreamServer (LIBRE)
[RA] CoordinatorNode recibe REQUEST de StreamServer (seq=3702)
[RA] CoordinatorNode -> REPLY a StreamServer (LIBRE)
[RA] CoordinatorNode recibe REQUEST de StreamServer (seq=3707)
[RA] CoordinatorNode -> REPLY a StreamServer (LIBRE)
[RA] CoordinatorNode recibe REQUEST de StreamServer (seq=3712)
[RA] CoordinatorNode -> REPLY a StreamServer (LIBRE)
[RA] CoordinatorNode recibe REQUEST de StreamServer (seq=3717)
[RA] CoordinatorNode -> REPLY a StreamServer (LIBRE)
[RA] CoordinatorNode recibe REQUEST de StreamServer (seq=3722)
[RA] CoordinatorNode -> REPLY a StreamServer (LIBRE)
[RA] CoordinatorNode recibe REQUEST de StreamServer (seq=3727)
[RA] CoordinatorNode -> REPLY a StreamServer (LIBRE)
[RA] CoordinatorNode recibe REQUEST de StreamServer (seq=3735)
[RA] CoordinatorNode -> REPLY a StreamServer (LIBRE)
[RA] CoordinatorNode recibe REQUEST de StreamServer (seq=3740)
[RA] CoordinatorNode -> REPLY a StreamServer (LIBRE)
[RA] CoordinatorNode recibe REQUEST de StreamServer (seq=3747)
[RA] CoordinatorNode -> REPLY a StreamServer (LIBRE)
[RA] CoordinatorNode recibe REQUEST de StreamServer (seq=3752)
[RA] CoordinatorNode -> REPLY a StreamServer (LIBRE)
[RA] CoordinatorNode recibe REQUEST de StreamServer (seq=3757)
[RA] CoordinatorNode -> REPLY a StreamServer (LIBRE)
[RA] CoordinatorNode recibe REQUEST de StreamServer (seq=3762)
[RA] CoordinatorNode -> REPLY a StreamServer (LIBRE)
[RA] CoordinatorNode recibe REQUEST de StreamServer (seq=3768)
[RA] CoordinatorNode -> REPLY a StreamServer (LIBRE)
[RA] CoordinatorNode recibe REQUEST de StreamServer (seq=3775)
[RA] CoordinatorNode -> REPLY a StreamServer (LIBRE)
[RA] CoordinatorNode recibe REQUEST de StreamServer (seq=3780)
[RA] CoordinatorNode -> REPLY a StreamServer (LIBRE)
[RA] CoordinatorNode recibe REQUEST de StreamServer (seq=3785)
[RA] CoordinatorNode -> REPLY a StreamServer (LIBRE)
[RA] CoordinatorNode recibe REQUEST de StreamServer (seq=3791)
[RA] CoordinatorNode -> REPLY a StreamServer (LIBRE)
[RA] CoordinatorNode recibe REQUEST de StreamServer (seq=3800)
[RA] CoordinatorNode -> REPLY a StreamServer (LIBRE)
[RA] CoordinatorNode recibe REQUEST de StreamServer (seq=3805)
[RA] CoordinatorNode -> REPLY a StreamServer (LIBRE)
[RA] CoordinatorNode recibe REQUEST de StreamServer (seq=3815)
[RA] CoordinatorNode -> REPLY a StreamServer (LIBRE)
[RA] CoordinatorNode recibe REQUEST de StreamServer (seq=3823)
[RA] CoordinatorNode -> REPLY a StreamServer (LIBRE)
[RA] CoordinatorNode recibe REQUEST de StreamServer (seq=3828)
[RA] CoordinatorNode -> REPLY a StreamServer (LIBRE)
[RA] CoordinatorNode recibe REQUEST de StreamServer (seq=3833)
[RA] CoordinatorNode -> REPLY a StreamServer (LIBRE)
[RA] CoordinatorNode recibe REQUEST de StreamServer (seq=3838)
[RA] CoordinatorNode -> REPLY a StreamServer (LIBRE)
[RA] CoordinatorNode recibe REQUEST de StreamServer (seq=3843)
[RA] CoordinatorNode -> REPLY a StreamServer (LIBRE)
[RA] CoordinatorNode recibe REQUEST de StreamServer (seq=3850)
[RA] CoordinatorNode -> REPLY a StreamServer (LIBRE)
[RA] CoordinatorNode recibe REQUEST de StreamServer (seq=3863)
[RA] CoordinatorNode -> REPLY a StreamServer (LIBRE)
[RA] CoordinatorNode recibe REQUEST de StreamServer (seq=3868)
[RA] CoordinatorNode -> REPLY a StreamServer (LIBRE)
[RA] CoordinatorNode recibe REQUEST de StreamServer (seq=3873)
[RA] CoordinatorNode -> REPLY a StreamServer (LIBRE)
[RA] CoordinatorNode recibe REQUEST de StreamServer (seq=3878)
[RA] CoordinatorNode -> REPLY a StreamServer (LIBRE)
[RA] CoordinatorNode recibe REQUEST de StreamServer (seq=3883)
[RA] CoordinatorNode -> REPLY a StreamServer (LIBRE)
[RA] CoordinatorNode recibe REQUEST de StreamServer (seq=3888)
[RA] CoordinatorNode -> REPLY a StreamServer (LIBRE)
[RA] CoordinatorNode recibe REQUEST de StreamServer (seq=3895)
[RA] CoordinatorNode -> REPLY a StreamServer (LIBRE)
[RA] CoordinatorNode recibe REQUEST de StreamServer (seq=3900)
[RA] CoordinatorNode -> REPLY a StreamServer (LIBRE)
[RA] CoordinatorNode recibe REQUEST de StreamServer (seq=3905)
[RA] CoordinatorNode -> REPLY a StreamServer (LIBRE)
[RA] CoordinatorNode recibe REQUEST de StreamServer (seq=3980)
[RA] CoordinatorNode -> REPLY a StreamServer (LIBRE)
[RA] CoordinatorNode recibe REQUEST de StreamServer (seq=3985)
[RA] CoordinatorNode -> REPLY a StreamServer (LIBRE)
[RA] CoordinatorNode recibe REQUEST de StreamServer (seq=3991)
[RA] CoordinatorNode -> REPLY a StreamServer (LIBRE)
[RA] CoordinatorNode recibe REQUEST de StreamServer (seq=3996)
[RA] CoordinatorNode -> REPLY a StreamServer (LIBRE)
[RA] CoordinatorNode recibe REQUEST de StreamServer (seq=4001)
[RA] CoordinatorNode -> REPLY a StreamServer (LIBRE)
[RA] CoordinatorNode recibe REQUEST de StreamServer (seq=4006)
[RA] CoordinatorNode -> REPLY a StreamServer (LIBRE)
[RA] CoordinatorNode recibe REQUEST de StreamServer (seq=4012)
[RA] CoordinatorNode -> REPLY a StreamServer (LIBRE)
[RA] CoordinatorNode recibe REQUEST de StreamServer (seq=4017)
[RA] CoordinatorNode -> REPLY a StreamServer (LIBRE)
[RA] CoordinatorNode recibe REQUEST de StreamServer (seq=4022)
[RA] CoordinatorNode -> REPLY a StreamServer (LIBRE)
[RA] CoordinatorNode recibe REQUEST de StreamServer (seq=4027)
[RA] CoordinatorNode -> REPLY a StreamServer (LIBRE)
[RA] CoordinatorNode recibe REQUEST de StreamServer (seq=4033)
[RA] CoordinatorNode -> REPLY a StreamServer (LIBRE)
[RA] CoordinatorNode recibe REQUEST de StreamServer (seq=4038)
[RA] CoordinatorNode -> REPLY a StreamServer (LIBRE)
[RA] CoordinatorNode recibe REQUEST de StreamServer (seq=4043)
[RA] CoordinatorNode -> REPLY a StreamServer (LIBRE)
[RA] CoordinatorNode recibe REQUEST de StreamServer (seq=4051)
[RA] CoordinatorNode -> REPLY a StreamServer (LIBRE)
[RA] CoordinatorNode recibe REQUEST de StreamServer (seq=4056)
[RA] CoordinatorNode -> REPLY a StreamServer (LIBRE)
[RA] CoordinatorNode recibe REQUEST de StreamServer (seq=4061)
[RA] CoordinatorNode -> REPLY a StreamServer (LIBRE)
[RA] CoordinatorNode recibe REQUEST de StreamServer (seq=4068)
[RA] CoordinatorNode -> REPLY a StreamServer (LIBRE)
[RA] CoordinatorNode recibe REQUEST de StreamServer (seq=4073)
[RA] CoordinatorNode -> REPLY a StreamServer (LIBRE)
[RA] CoordinatorNode recibe REQUEST de StreamServer (seq=4081)
[RA] CoordinatorNode -> REPLY a StreamServer (LIBRE)
[RA] CoordinatorNode recibe REQUEST de StreamServer (seq=4086)
[RA] CoordinatorNode -> REPLY a StreamServer (LIBRE)
[RA] CoordinatorNode recibe REQUEST de StreamServer (seq=4091)
[RA] CoordinatorNode -> REPLY a StreamServer (LIBRE)
[RA] CoordinatorNode recibe REQUEST de StreamServer (seq=4096)
[RA] CoordinatorNode -> REPLY a StreamServer (LIBRE)
[RA] CoordinatorNode recibe REQUEST de StreamServer (seq=4101)
[RA] CoordinatorNode -> REPLY a StreamServer (LIBRE)
[RA] CoordinatorNode recibe REQUEST de StreamServer (seq=4108)
[RA] CoordinatorNode -> REPLY a StreamServer (LIBRE)
[RA] CoordinatorNode recibe REQUEST de StreamServer (seq=4115)
[RA] CoordinatorNode -> REPLY a StreamServer (LIBRE)
[RA] CoordinatorNode recibe REQUEST de StreamServer (seq=4120)
[RA] CoordinatorNode -> REPLY a StreamServer (LIBRE)
[RA] CoordinatorNode recibe REQUEST de StreamServer (seq=4125)
[RA] CoordinatorNode -> REPLY a StreamServer (LIBRE)
[RA] CoordinatorNode recibe REQUEST de StreamServer (seq=4130)
[RA] CoordinatorNode -> REPLY a StreamServer (LIBRE)
[RA] CoordinatorNode recibe REQUEST de StreamServer (seq=4135)
[RA] CoordinatorNode -> REPLY a StreamServer (LIBRE)
[RA] CoordinatorNode recibe REQUEST de StreamServer (seq=4140)
[RA] CoordinatorNode -> REPLY a StreamServer (LIBRE)
[RA] CoordinatorNode recibe REQUEST de StreamServer (seq=4147)
[RA] CoordinatorNode -> REPLY a StreamServer (LIBRE)
[RA] CoordinatorNode recibe REQUEST de StreamServer (seq=4152)
[RA] CoordinatorNode -> REPLY a StreamServer (LIBRE)
[RA] CoordinatorNode recibe REQUEST de StreamServer (seq=4157)
[RA] CoordinatorNode -> REPLY a StreamServer (LIBRE)
[RA] CoordinatorNode recibe REQUEST de StreamServer (seq=4162)
[RA] CoordinatorNode -> REPLY a StreamServer (LIBRE)
[RA] CoordinatorNode recibe REQUEST de StreamServer (seq=4171)
[RA] CoordinatorNode -> REPLY a StreamServer (LIBRE)
[RA] CoordinatorNode recibe REQUEST de StreamServer (seq=4179)
[RA] CoordinatorNode -> REPLY a StreamServer (LIBRE)
[RA] CoordinatorNode recibe REQUEST de StreamServer (seq=4186)
[RA] CoordinatorNode -> REPLY a StreamServer (LIBRE)
[RA] CoordinatorNode recibe REQUEST de StreamServer (seq=4191)
[RA] CoordinatorNode -> REPLY a StreamServer (LIBRE)
[RA] CoordinatorNode recibe REQUEST de StreamServer (seq=4196)
[RA] CoordinatorNode -> REPLY a StreamServer (LIBRE)
[RA] CoordinatorNode recibe REQUEST de StreamServer (seq=4201)
[RA] CoordinatorNode -> REPLY a StreamServer (LIBRE)
[RA] CoordinatorNode recibe REQUEST de StreamServer (seq=4206)
[RA] CoordinatorNode -> REPLY a StreamServer (LIBRE)
[RA] CoordinatorNode recibe REQUEST de StreamServer (seq=4217)
[RA] CoordinatorNode -> REPLY a StreamServer (LIBRE)
[RA] CoordinatorNode recibe REQUEST de StreamServer (seq=4222)
[RA] CoordinatorNode -> REPLY a StreamServer (LIBRE)
[RA] CoordinatorNode recibe REQUEST de StreamServer (seq=4233)
[RA] CoordinatorNode -> REPLY a StreamServer (LIBRE)
[RA] CoordinatorNode recibe REQUEST de StreamServer (seq=4238)
[RA] CoordinatorNode -> REPLY a StreamServer (LIBRE)
[RA] CoordinatorNode recibe REQUEST de StreamServer (seq=4243)
[RA] CoordinatorNode -> REPLY a StreamServer (LIBRE)
[RA] CoordinatorNode recibe REQUEST de StreamServer (seq=4248)
[RA] CoordinatorNode -> REPLY a StreamServer (LIBRE)
[RA] CoordinatorNode recibe REQUEST de StreamServer (seq=4253)
[RA] CoordinatorNode -> REPLY a StreamServer (LIBRE)
[RA] CoordinatorNode recibe REQUEST de StreamServer (seq=4258)
[RA] CoordinatorNode -> REPLY a StreamServer (LIBRE)
[RA] CoordinatorNode recibe REQUEST de StreamServer (seq=4267)
[RA] CoordinatorNode -> REPLY a StreamServer (LIBRE)
[RA] CoordinatorNode recibe REQUEST de StreamServer (seq=4337)
[RA] CoordinatorNode -> REPLY a StreamServer (LIBRE)
[RA] CoordinatorNode recibe REQUEST de StreamServer (seq=4342)
[RA] CoordinatorNode -> REPLY a StreamServer (LIBRE)
[RA] CoordinatorNode recibe REQUEST de StreamServer (seq=4347)
[RA] CoordinatorNode -> REPLY a StreamServer (LIBRE)
[RA] CoordinatorNode recibe REQUEST de StreamServer (seq=4353)
[RA] CoordinatorNode -> REPLY a StreamServer (LIBRE)
[RA] CoordinatorNode recibe REQUEST de StreamServer (seq=4358)
[RA] CoordinatorNode -> REPLY a StreamServer (LIBRE)
[RA] CoordinatorNode recibe REQUEST de StreamServer (seq=4363)
[RA] CoordinatorNode -> REPLY a StreamServer (LIBRE)
[RA] CoordinatorNode recibe REQUEST de StreamServer (seq=4369)
[RA] CoordinatorNode -> REPLY a StreamServer (LIBRE)
[RA] CoordinatorNode recibe REQUEST de StreamServer (seq=4374)
[RA] CoordinatorNode -> REPLY a StreamServer (LIBRE)
[RA] CoordinatorNode recibe REQUEST de StreamServer (seq=4379)
[RA] CoordinatorNode -> REPLY a StreamServer (LIBRE)
[RA] CoordinatorNode recibe REQUEST de StreamServer (seq=4384)
[RA] CoordinatorNode -> REPLY a StreamServer (LIBRE)
[RA] CoordinatorNode recibe REQUEST de StreamServer (seq=4390)
[RA] CoordinatorNode -> REPLY a StreamServer (LIBRE)
[RA] CoordinatorNode recibe REQUEST de StreamServer (seq=4395)
[RA] CoordinatorNode -> REPLY a StreamServer (LIBRE)
[RA] CoordinatorNode recibe REQUEST de StreamServer (seq=4400)
[RA] CoordinatorNode -> REPLY a StreamServer (LIBRE)
[RA] CoordinatorNode recibe REQUEST de StreamServer (seq=4408)
[RA] CoordinatorNode -> REPLY a StreamServer (LIBRE)
[RA] CoordinatorNode recibe REQUEST de StreamServer (seq=4413)
[RA] CoordinatorNode -> REPLY a StreamServer (LIBRE)
[RA] CoordinatorNode recibe REQUEST de StreamServer (seq=4420)
[RA] CoordinatorNode -> REPLY a StreamServer (LIBRE)
[RA] CoordinatorNode recibe REQUEST de StreamServer (seq=4425)
[RA] CoordinatorNode -> REPLY a StreamServer (LIBRE)
[RA] CoordinatorNode recibe REQUEST de StreamServer (seq=4433)
[RA] CoordinatorNode -> REPLY a StreamServer (LIBRE)
[RA] CoordinatorNode recibe REQUEST de StreamServer (seq=4438)
[RA] CoordinatorNode -> REPLY a StreamServer (LIBRE)
[RA] CoordinatorNode recibe REQUEST de StreamServer (seq=4443)
[RA] CoordinatorNode -> REPLY a StreamServer (LIBRE)
[RA] CoordinatorNode recibe REQUEST de StreamServer (seq=4452)
[RA] CoordinatorNode -> REPLY a StreamServer (LIBRE)
[RA] CoordinatorNode recibe REQUEST de StreamServer (seq=4457)
[RA] CoordinatorNode -> REPLY a StreamServer (LIBRE)
[RA] CoordinatorNode recibe REQUEST de StreamServer (seq=4462)
[RA] CoordinatorNode -> REPLY a StreamServer (LIBRE)
[RA] CoordinatorNode recibe REQUEST de StreamServer (seq=4467)
[RA] CoordinatorNode -> REPLY a StreamServer (LIBRE)
[RA] CoordinatorNode recibe REQUEST de StreamServer (seq=4475)
[RA] CoordinatorNode -> REPLY a StreamServer (LIBRE)
[RA] CoordinatorNode recibe REQUEST de StreamServer (seq=4480)
[RA] CoordinatorNode -> REPLY a StreamServer (LIBRE)
[RA] CoordinatorNode recibe REQUEST de StreamServer (seq=4489)
[RA] CoordinatorNode -> REPLY a StreamServer (LIBRE)
[RA] CoordinatorNode recibe REQUEST de StreamServer (seq=4494)
[RA] CoordinatorNode -> REPLY a StreamServer (LIBRE)
[RA] CoordinatorNode recibe REQUEST de StreamServer (seq=4499)
[RA] CoordinatorNode -> REPLY a StreamServer (LIBRE)
[RA] CoordinatorNode recibe REQUEST de StreamServer (seq=4504)
[RA] CoordinatorNode -> REPLY a StreamServer (LIBRE)
[RA] CoordinatorNode recibe REQUEST de StreamServer (seq=4509)
[RA] CoordinatorNode -> REPLY a StreamServer (LIBRE)
[RA] CoordinatorNode recibe REQUEST de StreamServer (seq=4516)
[RA] CoordinatorNode -> REPLY a StreamServer (LIBRE)
[RA] CoordinatorNode recibe REQUEST de StreamServer (seq=4521)
[RA] CoordinatorNode -> REPLY a StreamServer (LIBRE)
[RA] CoordinatorNode recibe REQUEST de StreamServer (seq=4526)
[RA] CoordinatorNode -> REPLY a StreamServer (LIBRE)
[RA] CoordinatorNode recibe REQUEST de StreamServer (seq=4531)
[RA] CoordinatorNode -> REPLY a StreamServer (LIBRE)
[RA] CoordinatorNode recibe REQUEST de StreamServer (seq=4540)
[RA] CoordinatorNode -> REPLY a StreamServer (LIBRE)
[RA] CoordinatorNode recibe REQUEST de StreamServer (seq=4549)
[RA] CoordinatorNode -> REPLY a StreamServer (LIBRE)
[RA] CoordinatorNode recibe REQUEST de StreamServer (seq=4554)
[RA] CoordinatorNode -> REPLY a StreamServer (LIBRE)
[RA] CoordinatorNode recibe REQUEST de StreamServer (seq=4559)
[RA] CoordinatorNode -> REPLY a StreamServer (LIBRE)
[RA] CoordinatorNode recibe REQUEST de StreamServer (seq=4564)
[RA] CoordinatorNode -> REPLY a StreamServer (LIBRE)
[RA] CoordinatorNode recibe REQUEST de StreamServer (seq=4569)
[RA] CoordinatorNode -> REPLY a StreamServer (LIBRE)
[RA] CoordinatorNode recibe REQUEST de StreamServer (seq=4574)
[RA] CoordinatorNode -> REPLY a StreamServer (LIBRE)
[RA] CoordinatorNode recibe REQUEST de StreamServer (seq=4579)
[RA] CoordinatorNode -> REPLY a StreamServer (LIBRE)
[RA] CoordinatorNode recibe REQUEST de StreamServer (seq=4585)
[RA] CoordinatorNode -> REPLY a StreamServer (LIBRE)
[RA] CoordinatorNode recibe REQUEST de StreamServer (seq=4590)
[RA] CoordinatorNode -> REPLY a StreamServer (LIBRE)
[RA] CoordinatorNode recibe REQUEST de StreamServer (seq=4600)
[RA] CoordinatorNode -> REPLY a StreamServer (LIBRE)
[RA] CoordinatorNode recibe REQUEST de StreamServer (seq=4605)
[RA] CoordinatorNode -> REPLY a StreamServer (LIBRE)
[RA] CoordinatorNode recibe REQUEST de StreamServer (seq=4610)
[RA] CoordinatorNode -> REPLY a StreamServer (LIBRE)
[RA] CoordinatorNode recibe REQUEST de StreamServer (seq=4615)
[RA] CoordinatorNode -> REPLY a StreamServer (LIBRE)
[RA] CoordinatorNode recibe REQUEST de StreamServer (seq=4695)
[RA] CoordinatorNode -> REPLY a StreamServer (LIBRE)
[RA] CoordinatorNode recibe REQUEST de StreamServer (seq=4701)
[RA] CoordinatorNode -> REPLY a StreamServer (LIBRE)
[RA] CoordinatorNode recibe REQUEST de StreamServer (seq=4706)
[RA] CoordinatorNode -> REPLY a StreamServer (LIBRE)
[RA] CoordinatorNode recibe REQUEST de StreamServer (seq=4711)
[RA] CoordinatorNode -> REPLY a StreamServer (LIBRE)
[RA] CoordinatorNode recibe REQUEST de StreamServer (seq=4717)
[RA] CoordinatorNode -> REPLY a StreamServer (LIBRE)
[RA] CoordinatorNode recibe REQUEST de StreamServer (seq=4722)
[RA] CoordinatorNode -> REPLY a StreamServer (LIBRE)
[RA] CoordinatorNode recibe REQUEST de StreamServer (seq=4727)
[RA] CoordinatorNode -> REPLY a StreamServer (LIBRE)
[RA] CoordinatorNode recibe REQUEST de StreamServer (seq=4733)
[RA] CoordinatorNode -> REPLY a StreamServer (LIBRE)
[RA] CoordinatorNode recibe REQUEST de StreamServer (seq=4738)
[RA] CoordinatorNode -> REPLY a StreamServer (LIBRE)
[RA] CoordinatorNode recibe REQUEST de StreamServer (seq=4743)
[RA] CoordinatorNode -> REPLY a StreamServer (LIBRE)
[RA] CoordinatorNode recibe REQUEST de StreamServer (seq=4749)
[RA] CoordinatorNode -> REPLY a StreamServer (LIBRE)
[RA] CoordinatorNode recibe REQUEST de StreamServer (seq=4754)
[RA] CoordinatorNode -> REPLY a StreamServer (LIBRE)
[RA] CoordinatorNode recibe REQUEST de StreamServer (seq=4761)
[RA] CoordinatorNode -> REPLY a StreamServer (LIBRE)
[RA] CoordinatorNode recibe REQUEST de StreamServer (seq=4766)
[RA] CoordinatorNode -> REPLY a StreamServer (LIBRE)
[RA] CoordinatorNode recibe REQUEST de StreamServer (seq=4774)
[RA] CoordinatorNode -> REPLY a StreamServer (LIBRE)
[RA] CoordinatorNode recibe REQUEST de StreamServer (seq=4779)
[RA] CoordinatorNode -> REPLY a StreamServer (LIBRE)
[RA] CoordinatorNode recibe REQUEST de StreamServer (seq=4784)
[RA] CoordinatorNode -> REPLY a StreamServer (LIBRE)
[RA] CoordinatorNode recibe REQUEST de StreamServer (seq=4792)
[RA] CoordinatorNode -> REPLY a StreamServer (LIBRE)
[RA] CoordinatorNode recibe REQUEST de StreamServer (seq=4797)
[RA] CoordinatorNode -> REPLY a StreamServer (LIBRE)
[RA] CoordinatorNode recibe REQUEST de StreamServer (seq=4802)
[RA] CoordinatorNode -> REPLY a StreamServer (LIBRE)
[RA] CoordinatorNode recibe REQUEST de StreamServer (seq=4809)
[RA] CoordinatorNode -> REPLY a StreamServer (LIBRE)
[RA] CoordinatorNode recibe REQUEST de StreamServer (seq=4814)
[RA] CoordinatorNode -> REPLY a StreamServer (LIBRE)
[RA] CoordinatorNode recibe REQUEST de StreamServer (seq=4819)
[RA] CoordinatorNode -> REPLY a StreamServer (LIBRE)
[RA] CoordinatorNode recibe REQUEST de StreamServer (seq=4827)
[RA] CoordinatorNode -> REPLY a StreamServer (LIBRE)
[RA] CoordinatorNode recibe REQUEST de StreamServer (seq=4832)
[RA] CoordinatorNode -> REPLY a StreamServer (LIBRE)
[RA] CoordinatorNode recibe REQUEST de StreamServer (seq=4837)
[RA] CoordinatorNode -> REPLY a StreamServer (LIBRE)
[RA] CoordinatorNode recibe REQUEST de StreamServer (seq=4842)
[RA] CoordinatorNode -> REPLY a StreamServer (LIBRE)
[RA] CoordinatorNode recibe REQUEST de StreamServer (seq=4851)
[RA] CoordinatorNode -> REPLY a StreamServer (LIBRE)
[RA] CoordinatorNode recibe REQUEST de StreamServer (seq=4856)
[RA] CoordinatorNode -> REPLY a StreamServer (LIBRE)
[RA] CoordinatorNode recibe REQUEST de StreamServer (seq=4866)
[RA] CoordinatorNode -> REPLY a StreamServer (LIBRE)
[RA] CoordinatorNode recibe REQUEST de StreamServer (seq=4871)
[RA] CoordinatorNode -> REPLY a StreamServer (LIBRE)
[RA] CoordinatorNode recibe REQUEST de StreamServer (seq=4876)
[RA] CoordinatorNode -> REPLY a StreamServer (LIBRE)
[RA] CoordinatorNode recibe REQUEST de StreamServer (seq=4881)
[RA] CoordinatorNode -> REPLY a StreamServer (LIBRE)
[RA] CoordinatorNode recibe REQUEST de StreamServer (seq=4888)
[RA] CoordinatorNode -> REPLY a StreamServer (LIBRE)
[RA] CoordinatorNode recibe REQUEST de StreamServer (seq=4893)
[RA] CoordinatorNode -> REPLY a StreamServer (LIBRE)
[RA] CoordinatorNode recibe REQUEST de StreamServer (seq=4898)
[RA] CoordinatorNode -> REPLY a StreamServer (LIBRE)
[RA] CoordinatorNode recibe REQUEST de StreamServer (seq=4903)
[RA] CoordinatorNode -> REPLY a StreamServer (LIBRE)
[RA] CoordinatorNode recibe REQUEST de StreamServer (seq=4912)
[RA] CoordinatorNode -> REPLY a StreamServer (LIBRE)
[RA] CoordinatorNode recibe REQUEST de StreamServer (seq=4917)
[RA] CoordinatorNode -> REPLY a StreamServer (LIBRE)
[RA] CoordinatorNode recibe REQUEST de StreamServer (seq=4922)
[RA] CoordinatorNode -> REPLY a StreamServer (LIBRE)
[RA] CoordinatorNode recibe REQUEST de StreamServer (seq=4932)
[RA] CoordinatorNode -> REPLY a StreamServer (LIBRE)
[RA] CoordinatorNode recibe REQUEST de StreamServer (seq=4937)
[RA] CoordinatorNode -> REPLY a StreamServer (LIBRE)
[RA] CoordinatorNode recibe REQUEST de StreamServer (seq=4942)
[RA] CoordinatorNode -> REPLY a StreamServer (LIBRE)
[RA] CoordinatorNode recibe REQUEST de StreamServer (seq=4947)
[RA] CoordinatorNode -> REPLY a StreamServer (LIBRE)
[RA] CoordinatorNode recibe REQUEST de StreamServer (seq=4952)
[RA] CoordinatorNode -> REPLY a StreamServer (LIBRE)
[RA] CoordinatorNode recibe REQUEST de StreamServer (seq=4958)
[RA] CoordinatorNode -> REPLY a StreamServer (LIBRE)
[RA] CoordinatorNode recibe REQUEST de StreamServer (seq=4963)
[RA] CoordinatorNode -> REPLY a StreamServer (LIBRE)
[RA] CoordinatorNode recibe REQUEST de StreamServer (seq=4972)
[RA] CoordinatorNode -> REPLY a StreamServer (LIBRE)
[RA] CoordinatorNode recibe REQUEST de StreamServer (seq=4977)
[RA] CoordinatorNode -> REPLY a StreamServer (LIBRE)
[RA] CoordinatorNode recibe REQUEST de StreamServer (seq=4982)
[RA] CoordinatorNode -> REPLY a StreamServer (LIBRE)
[RA] CoordinatorNode recibe REQUEST de StreamServer (seq=4987)
[RA] CoordinatorNode -> REPLY a StreamServer (LIBRE)
[RA] CoordinatorNode recibe REQUEST de StreamServer (seq=5062)
[RA] CoordinatorNode -> REPLY a StreamServer (LIBRE)
[RA] CoordinatorNode recibe REQUEST de StreamServer (seq=5067)
[RA] CoordinatorNode -> REPLY a StreamServer (LIBRE)
[RA] CoordinatorNode recibe REQUEST de StreamServer (seq=5072)
[RA] CoordinatorNode -> REPLY a StreamServer (LIBRE)
[RA] CoordinatorNode recibe REQUEST de StreamServer (seq=5078)
[RA] CoordinatorNode -> REPLY a StreamServer (LIBRE)
[RA] CoordinatorNode recibe REQUEST de StreamServer (seq=5083)
[RA] CoordinatorNode -> REPLY a StreamServer (LIBRE)
[RA] CoordinatorNode recibe REQUEST de StreamServer (seq=5088)
[RA] CoordinatorNode -> REPLY a StreamServer (LIBRE)
[RA] CoordinatorNode recibe REQUEST de StreamServer (seq=5094)
[RA] CoordinatorNode -> REPLY a StreamServer (LIBRE)
[RA] CoordinatorNode recibe REQUEST de StreamServer (seq=5099)
[RA] CoordinatorNode -> REPLY a StreamServer (LIBRE)
[RA] CoordinatorNode recibe REQUEST de StreamServer (seq=5104)
[RA] CoordinatorNode -> REPLY a StreamServer (LIBRE)
[RA] CoordinatorNode recibe REQUEST de StreamServer (seq=5111)
[RA] CoordinatorNode -> REPLY a StreamServer (LIBRE)
[RA] CoordinatorNode recibe REQUEST de StreamServer (seq=5116)
[RA] CoordinatorNode -> REPLY a StreamServer (LIBRE)
[RA] CoordinatorNode recibe REQUEST de StreamServer (seq=5124)
[RA] CoordinatorNode -> REPLY a StreamServer (LIBRE)
[RA] CoordinatorNode recibe REQUEST de StreamServer (seq=5129)
[RA] CoordinatorNode -> REPLY a StreamServer (LIBRE)
[RA] CoordinatorNode recibe REQUEST de StreamServer (seq=5136)
[RA] CoordinatorNode -> REPLY a StreamServer (LIBRE)
[RA] CoordinatorNode recibe REQUEST de StreamServer (seq=5141)
[RA] CoordinatorNode -> REPLY a StreamServer (LIBRE)
[RA] CoordinatorNode recibe REQUEST de StreamServer (seq=5149)
[RA] CoordinatorNode -> REPLY a StreamServer (LIBRE)
[RA] CoordinatorNode recibe REQUEST de StreamServer (seq=5154)
[RA] CoordinatorNode -> REPLY a StreamServer (LIBRE)
[RA] CoordinatorNode recibe REQUEST de StreamServer (seq=5159)
[RA] CoordinatorNode -> REPLY a StreamServer (LIBRE)
[RA] CoordinatorNode recibe REQUEST de StreamServer (seq=5164)
[RA] CoordinatorNode -> REPLY a StreamServer (LIBRE)
[RA] CoordinatorNode recibe REQUEST de StreamServer (seq=5170)
[RA] CoordinatorNode -> REPLY a StreamServer (LIBRE)
[RA] CoordinatorNode recibe REQUEST de StreamServer (seq=5175)
[RA] CoordinatorNode -> REPLY a StreamServer (LIBRE)
[RA] CoordinatorNode recibe REQUEST de StreamServer (seq=5183)
[RA] CoordinatorNode -> REPLY a StreamServer (LIBRE)
[RA] CoordinatorNode recibe REQUEST de StreamServer (seq=5190)
[RA] CoordinatorNode -> REPLY a StreamServer (LIBRE)
[RA] CoordinatorNode recibe REQUEST de StreamServer (seq=5195)
[RA] CoordinatorNode -> REPLY a StreamServer (LIBRE)
[RA] CoordinatorNode recibe REQUEST de StreamServer (seq=5200)
[RA] CoordinatorNode -> REPLY a StreamServer (LIBRE)
[RA] CoordinatorNode recibe REQUEST de StreamServer (seq=5205)
[RA] CoordinatorNode -> REPLY a StreamServer (LIBRE)
[RA] CoordinatorNode recibe REQUEST de StreamServer (seq=5218)
[RA] CoordinatorNode -> REPLY a StreamServer (LIBRE)
[RA] CoordinatorNode recibe REQUEST de StreamServer (seq=5223)
[RA] CoordinatorNode -> REPLY a StreamServer (LIBRE)
[RA] CoordinatorNode recibe REQUEST de StreamServer (seq=5228)
[RA] CoordinatorNode -> REPLY a StreamServer (LIBRE)
[RA] CoordinatorNode recibe REQUEST de StreamServer (seq=5237)
[RA] CoordinatorNode -> REPLY a StreamServer (LIBRE)
[RA] CoordinatorNode recibe REQUEST de StreamServer (seq=5242)
[RA] CoordinatorNode -> REPLY a StreamServer (LIBRE)
[RA] CoordinatorNode recibe REQUEST de StreamServer (seq=5247)
[RA] CoordinatorNode -> REPLY a StreamServer (LIBRE)
[RA] CoordinatorNode recibe REQUEST de StreamServer (seq=5257)
[RA] CoordinatorNode -> REPLY a StreamServer (LIBRE)
[RA] CoordinatorNode recibe REQUEST de StreamServer (seq=5262)
[RA] CoordinatorNode -> REPLY a StreamServer (LIBRE)
[RA] CoordinatorNode recibe REQUEST de StreamServer (seq=5267)
[RA] CoordinatorNode -> REPLY a StreamServer (LIBRE)
[RA] CoordinatorNode recibe REQUEST de StreamServer (seq=5272)
[RA] CoordinatorNode -> REPLY a StreamServer (LIBRE)
[RA] CoordinatorNode recibe REQUEST de StreamServer (seq=5277)
[RA] CoordinatorNode -> REPLY a StreamServer (LIBRE)
[RA] CoordinatorNode recibe REQUEST de StreamServer (seq=5285)
[RA] CoordinatorNode -> REPLY a StreamServer (LIBRE)
[RA] CoordinatorNode recibe REQUEST de StreamServer (seq=5290)
[RA] CoordinatorNode -> REPLY a StreamServer (LIBRE)
[RA] CoordinatorNode recibe REQUEST de StreamServer (seq=5295)
[RA] CoordinatorNode -> REPLY a StreamServer (LIBRE)
[RA] CoordinatorNode recibe REQUEST de StreamServer (seq=5304)
[RA] CoordinatorNode -> REPLY a StreamServer (LIBRE)
[RA] CoordinatorNode recibe REQUEST de StreamServer (seq=5309)
[RA] CoordinatorNode -> REPLY a StreamServer (LIBRE)
[RA] CoordinatorNode recibe REQUEST de StreamServer (seq=5314)
[RA] CoordinatorNode -> REPLY a StreamServer (LIBRE)
[RA] CoordinatorNode recibe REQUEST de StreamServer (seq=5319)
[RA] CoordinatorNode -> REPLY a StreamServer (LIBRE)
[RA] CoordinatorNode recibe REQUEST de StreamServer (seq=5324)
[RA] CoordinatorNode -> REPLY a StreamServer (LIBRE)
[RA] CoordinatorNode recibe REQUEST de StreamServer (seq=5329)
[RA] CoordinatorNode -> REPLY a StreamServer (LIBRE)
[RA] CoordinatorNode recibe REQUEST de StreamServer (seq=5337)
[RA] CoordinatorNode -> REPLY a StreamServer (LIBRE)
[RA] CoordinatorNode recibe REQUEST de StreamServer (seq=5347)
[RA] CoordinatorNode -> REPLY a StreamServer (LIBRE)
[RA] CoordinatorNode recibe REQUEST de StreamServer (seq=5352)
[RA] CoordinatorNode -> REPLY a StreamServer (LIBRE)
[RA] CoordinatorNode recibe REQUEST de StreamServer (seq=5357)
[RA] CoordinatorNode -> REPLY a StreamServer (LIBRE)
[RA] CoordinatorNode recibe REQUEST de StreamServer (seq=5424)
[RA] CoordinatorNode -> REPLY a StreamServer (LIBRE)
[RA] CoordinatorNode recibe REQUEST de StreamServer (seq=5429)
[RA] CoordinatorNode -> REPLY a StreamServer (LIBRE)
[RA] CoordinatorNode recibe REQUEST de StreamServer (seq=5434)
[RA] CoordinatorNode -> REPLY a StreamServer (LIBRE)
[RA] CoordinatorNode recibe REQUEST de StreamServer (seq=5441)
[RA] CoordinatorNode -> REPLY a StreamServer (LIBRE)
[RA] CoordinatorNode recibe REQUEST de StreamServer (seq=5447)
[RA] CoordinatorNode -> REPLY a StreamServer (LIBRE)
[RA] CoordinatorNode recibe REQUEST de StreamServer (seq=5453)
[RA] CoordinatorNode -> REPLY a StreamServer (LIBRE)
[RA] CoordinatorNode recibe REQUEST de StreamServer (seq=5463)
[RA] CoordinatorNode -> REPLY a StreamServer (LIBRE)
[RA] CoordinatorNode recibe REQUEST de StreamServer (seq=5468)
[RA] CoordinatorNode -> REPLY a StreamServer (LIBRE)
[RA] CoordinatorNode recibe REQUEST de StreamServer (seq=5473)
[RA] CoordinatorNode -> REPLY a StreamServer (LIBRE)
[RA] CoordinatorNode recibe REQUEST de StreamServer (seq=5480)
[RA] CoordinatorNode -> REPLY a StreamServer (LIBRE)
[RA] CoordinatorNode recibe REQUEST de StreamServer (seq=5485)
[RA] CoordinatorNode -> REPLY a StreamServer (LIBRE)
[RA] CoordinatorNode recibe REQUEST de StreamServer (seq=5492)
[RA] CoordinatorNode -> REPLY a StreamServer (LIBRE)
[RA] CoordinatorNode recibe REQUEST de StreamServer (seq=5497)
[RA] CoordinatorNode -> REPLY a StreamServer (LIBRE)
[RA] CoordinatorNode recibe REQUEST de StreamServer (seq=5505)
[RA] CoordinatorNode -> REPLY a StreamServer (LIBRE)
[RA] CoordinatorNode recibe REQUEST de StreamServer (seq=5510)
[RA] CoordinatorNode -> REPLY a StreamServer (LIBRE)
[RA] CoordinatorNode recibe REQUEST de StreamServer (seq=5517)
[RA] CoordinatorNode -> REPLY a StreamServer (LIBRE)
[RA] CoordinatorNode recibe REQUEST de StreamServer (seq=5523)
[RA] CoordinatorNode -> REPLY a StreamServer (LIBRE)
[RA] CoordinatorNode recibe REQUEST de StreamServer (seq=5528)
[RA] CoordinatorNode -> REPLY a StreamServer (LIBRE)
[RA] CoordinatorNode recibe REQUEST de StreamServer (seq=5533)
[RA] CoordinatorNode -> REPLY a StreamServer (LIBRE)
[RA] CoordinatorNode recibe REQUEST de StreamServer (seq=5539)
[RA] CoordinatorNode -> REPLY a StreamServer (LIBRE)
[RA] CoordinatorNode recibe REQUEST de StreamServer (seq=5544)
[RA] CoordinatorNode -> REPLY a StreamServer (LIBRE)
[RA] CoordinatorNode recibe REQUEST de StreamServer (seq=5552)
[RA] CoordinatorNode -> REPLY a StreamServer (LIBRE)
[RA] CoordinatorNode recibe REQUEST de StreamServer (seq=5559)
[RA] CoordinatorNode -> REPLY a StreamServer (LIBRE)
[RA] CoordinatorNode recibe REQUEST de StreamServer (seq=5564)
[RA] CoordinatorNode -> REPLY a StreamServer (LIBRE)
[RA] CoordinatorNode recibe REQUEST de StreamServer (seq=5573)
[RA] CoordinatorNode -> REPLY a StreamServer (LIBRE)
[RA] CoordinatorNode recibe REQUEST de StreamServer (seq=5578)
[RA] CoordinatorNode -> REPLY a StreamServer (LIBRE)
[RA] CoordinatorNode recibe REQUEST de StreamServer (seq=5588)
[RA] CoordinatorNode -> REPLY a StreamServer (LIBRE)
[RA] CoordinatorNode recibe REQUEST de StreamServer (seq=5593)
[RA] CoordinatorNode -> REPLY a StreamServer (LIBRE)
[RA] CoordinatorNode recibe REQUEST de StreamServer (seq=5601)
[RA] CoordinatorNode -> REPLY a StreamServer (LIBRE)
[RA] CoordinatorNode recibe REQUEST de StreamServer (seq=5606)
[RA] CoordinatorNode -> REPLY a StreamServer (LIBRE)
[RA] CoordinatorNode recibe REQUEST de StreamServer (seq=5611)
[RA] CoordinatorNode -> REPLY a StreamServer (LIBRE)
[RA] CoordinatorNode recibe REQUEST de StreamServer (seq=5624)
[RA] CoordinatorNode -> REPLY a StreamServer (LIBRE)
[RA] CoordinatorNode recibe REQUEST de StreamServer (seq=5629)
[RA] CoordinatorNode -> REPLY a StreamServer (LIBRE)
[RA] CoordinatorNode recibe REQUEST de StreamServer (seq=5634)
[RA] CoordinatorNode -> REPLY a StreamServer (LIBRE)
[RA] CoordinatorNode recibe REQUEST de StreamServer (seq=5639)
[RA] CoordinatorNode -> REPLY a StreamServer (LIBRE)
[RA] CoordinatorNode recibe REQUEST de StreamServer (seq=5644)
[RA] CoordinatorNode -> REPLY a StreamServer (LIBRE)
[RA] CoordinatorNode recibe REQUEST de StreamServer (seq=5649)
[RA] CoordinatorNode -> REPLY a StreamServer (LIBRE)
[RA] CoordinatorNode recibe REQUEST de StreamServer (seq=5656)
[RA] CoordinatorNode -> REPLY a StreamServer (LIBRE)
[RA] CoordinatorNode recibe REQUEST de StreamServer (seq=5661)
[RA] CoordinatorNode -> REPLY a StreamServer (LIBRE)
[RA] CoordinatorNode recibe REQUEST de StreamServer (seq=5666)
[RA] CoordinatorNode -> REPLY a StreamServer (LIBRE)
[RA] CoordinatorNode recibe REQUEST de StreamServer (seq=5671)
[RA] CoordinatorNode -> REPLY a StreamServer (LIBRE)
[RA] CoordinatorNode recibe REQUEST de StreamServer (seq=5676)
[RA] CoordinatorNode -> REPLY a StreamServer (LIBRE)
[RA] CoordinatorNode recibe REQUEST de StreamServer (seq=5681)
[RA] CoordinatorNode -> REPLY a StreamServer (LIBRE)
[RA] CoordinatorNode recibe REQUEST de StreamServer (seq=5689)
[RA] CoordinatorNode -> REPLY a StreamServer (LIBRE)
[RA] CoordinatorNode recibe REQUEST de StreamServer (seq=5694)
[RA] CoordinatorNode -> REPLY a StreamServer (LIBRE)
[RA] CoordinatorNode recibe REQUEST de StreamServer (seq=5699)
[RA] CoordinatorNode -> REPLY a StreamServer (LIBRE)
[RA] CoordinatorNode recibe REQUEST de StreamServer (seq=5705)
[RA] CoordinatorNode -> REPLY a StreamServer (LIBRE)
[RA] CoordinatorNode recibe REQUEST de StreamServer (seq=5719)
[RA] CoordinatorNode -> REPLY a StreamServer (LIBRE)
[RA] CoordinatorNode recibe REQUEST de StreamServer (seq=5724)
[RA] CoordinatorNode -> REPLY a StreamServer (LIBRE)
[RA] CoordinatorNode recibe REQUEST de StreamServer (seq=5729)
[RA] CoordinatorNode -> REPLY a StreamServer (LIBRE)
[RA] CoordinatorNode recibe REQUEST de StreamServer (seq=5792)
[RA] CoordinatorNode -> REPLY a StreamServer (LIBRE)
[RA] CoordinatorNode recibe REQUEST de StreamServer (seq=5797)
[RA] CoordinatorNode -> REPLY a StreamServer (LIBRE)
[RA] CoordinatorNode recibe REQUEST de StreamServer (seq=5802)
[RA] CoordinatorNode -> REPLY a StreamServer (LIBRE)
[RA] CoordinatorNode recibe REQUEST de StreamServer (seq=5807)
[RA] CoordinatorNode -> REPLY a StreamServer (LIBRE)
[RA] CoordinatorNode recibe REQUEST de StreamServer (seq=5813)
[RA] CoordinatorNode -> REPLY a StreamServer (LIBRE)
[RA] CoordinatorNode recibe REQUEST de StreamServer (seq=5818)
[RA] CoordinatorNode -> REPLY a StreamServer (LIBRE)
[RA] CoordinatorNode recibe REQUEST de StreamServer (seq=5823)
[RA] CoordinatorNode -> REPLY a StreamServer (LIBRE)
[RA] CoordinatorNode recibe REQUEST de StreamServer (seq=5829)
[RA] CoordinatorNode -> REPLY a StreamServer (LIBRE)
[RA] CoordinatorNode recibe REQUEST de StreamServer (seq=5834)
[RA] CoordinatorNode -> REPLY a StreamServer (LIBRE)
[RA] CoordinatorNode recibe REQUEST de StreamServer (seq=5841)
[RA] CoordinatorNode -> REPLY a StreamServer (LIBRE)
[RA] CoordinatorNode recibe REQUEST de StreamServer (seq=5846)
[RA] CoordinatorNode -> REPLY a StreamServer (LIBRE)
[RA] CoordinatorNode recibe REQUEST de StreamServer (seq=5853)
[RA] CoordinatorNode -> REPLY a StreamServer (LIBRE)
[RA] CoordinatorNode recibe REQUEST de StreamServer (seq=5858)
[RA] CoordinatorNode -> REPLY a StreamServer (LIBRE)
[RA] CoordinatorNode recibe REQUEST de StreamServer (seq=5864)
[RA] CoordinatorNode -> REPLY a StreamServer (LIBRE)
[RA] CoordinatorNode recibe REQUEST de StreamServer (seq=5869)
[RA] CoordinatorNode -> REPLY a StreamServer (LIBRE)
[RA] CoordinatorNode recibe REQUEST de StreamServer (seq=5878)
[RA] CoordinatorNode -> REPLY a StreamServer (LIBRE)
[RA] CoordinatorNode recibe REQUEST de StreamServer (seq=5883)
[RA] CoordinatorNode -> REPLY a StreamServer (LIBRE)
[RA] CoordinatorNode recibe REQUEST de StreamServer (seq=5888)
[RA] CoordinatorNode -> REPLY a StreamServer (LIBRE)
[RA] CoordinatorNode recibe REQUEST de StreamServer (seq=5895)
[RA] CoordinatorNode -> REPLY a StreamServer (LIBRE)
[RA] CoordinatorNode recibe REQUEST de StreamServer (seq=5900)
[RA] CoordinatorNode -> REPLY a StreamServer (LIBRE)
[RA] CoordinatorNode recibe REQUEST de StreamServer (seq=5905)
[RA] CoordinatorNode -> REPLY a StreamServer (LIBRE)
[RA] CoordinatorNode recibe REQUEST de StreamServer (seq=5913)
[RA] CoordinatorNode -> REPLY a StreamServer (LIBRE)
[RA] CoordinatorNode recibe REQUEST de StreamServer (seq=5919)
[RA] CoordinatorNode -> REPLY a StreamServer (LIBRE)
[RA] CoordinatorNode recibe REQUEST de StreamServer (seq=5924)
[RA] CoordinatorNode -> REPLY a StreamServer (LIBRE)
[RA] CoordinatorNode recibe REQUEST de StreamServer (seq=5933)
[RA] CoordinatorNode -> REPLY a StreamServer (LIBRE)
[RA] CoordinatorNode recibe REQUEST de StreamServer (seq=5938)
[RA] CoordinatorNode -> REPLY a StreamServer (LIBRE)
[RA] CoordinatorNode recibe REQUEST de StreamServer (seq=5945)
[RA] CoordinatorNode -> REPLY a StreamServer (LIBRE)
[RA] CoordinatorNode recibe REQUEST de StreamServer (seq=5950)
[RA] CoordinatorNode -> REPLY a StreamServer (LIBRE)
[RA] CoordinatorNode recibe REQUEST de StreamServer (seq=5961)
[RA] CoordinatorNode -> REPLY a StreamServer (LIBRE)
[RA] CoordinatorNode recibe REQUEST de StreamServer (seq=5968)
[RA] CoordinatorNode -> REPLY a StreamServer (LIBRE)
[RA] CoordinatorNode recibe REQUEST de StreamServer (seq=5973)
[RA] CoordinatorNode -> REPLY a StreamServer (LIBRE)
[RA] CoordinatorNode recibe REQUEST de StreamServer (seq=5982)
[RA] CoordinatorNode -> REPLY a StreamServer (LIBRE)
[RA] CoordinatorNode recibe REQUEST de StreamServer (seq=5991)
[RA] CoordinatorNode -> REPLY a StreamServer (LIBRE)
[RA] CoordinatorNode recibe REQUEST de StreamServer (seq=5996)
[RA] CoordinatorNode -> REPLY a StreamServer (LIBRE)
[RA] CoordinatorNode recibe REQUEST de StreamServer (seq=6001)
[RA] CoordinatorNode -> REPLY a StreamServer (LIBRE)
[RA] CoordinatorNode recibe REQUEST de StreamServer (seq=6006)
[RA] CoordinatorNode -> REPLY a StreamServer (LIBRE)
[RA] CoordinatorNode recibe REQUEST de StreamServer (seq=6011)
[RA] CoordinatorNode -> REPLY a StreamServer (LIBRE)
[RA] CoordinatorNode recibe REQUEST de StreamServer (seq=6016)
[RA] CoordinatorNode -> REPLY a StreamServer (LIBRE)
[RA] CoordinatorNode recibe REQUEST de StreamServer (seq=6024)
[RA] CoordinatorNode -> REPLY a StreamServer (LIBRE)
[RA] CoordinatorNode recibe REQUEST de StreamServer (seq=6029)
[RA] CoordinatorNode -> REPLY a StreamServer (LIBRE)
[RA] CoordinatorNode recibe REQUEST de StreamServer (seq=6034)
[RA] CoordinatorNode -> REPLY a StreamServer (LIBRE)
[RA] CoordinatorNode recibe REQUEST de StreamServer (seq=6039)
[RA] CoordinatorNode -> REPLY a StreamServer (LIBRE)
[RA] CoordinatorNode recibe REQUEST de StreamServer (seq=6044)
[RA] CoordinatorNode -> REPLY a StreamServer (LIBRE)
[RA] CoordinatorNode recibe REQUEST de StreamServer (seq=6054)
[RA] CoordinatorNode -> REPLY a StreamServer (LIBRE)
[RA] CoordinatorNode recibe REQUEST de StreamServer (seq=6059)
[RA] CoordinatorNode -> REPLY a StreamServer (LIBRE)
[RA] CoordinatorNode recibe REQUEST de StreamServer (seq=6064)
[RA] CoordinatorNode -> REPLY a StreamServer (LIBRE)
[RA] CoordinatorNode recibe REQUEST de StreamServer (seq=6069)
[RA] CoordinatorNode -> REPLY a StreamServer (LIBRE)
[RA] CoordinatorNode recibe REQUEST de StreamServer (seq=6078)
[RA] CoordinatorNode -> REPLY a StreamServer (LIBRE)
[RA] CoordinatorNode recibe REQUEST de StreamServer (seq=6083)
[RA] CoordinatorNode -> REPLY a StreamServer (LIBRE)
[RA] CoordinatorNode recibe REQUEST de StreamServer (seq=6093)
[RA] CoordinatorNode -> REPLY a StreamServer (LIBRE)
[RA] CoordinatorNode recibe REQUEST de StreamServer (seq=6153)
[RA] CoordinatorNode -> REPLY a StreamServer (LIBRE)
[RA] CoordinatorNode recibe REQUEST de StreamServer (seq=6158)
[RA] CoordinatorNode -> REPLY a StreamServer (LIBRE)
[RA] CoordinatorNode recibe REQUEST de StreamServer (seq=6163)
[RA] CoordinatorNode -> REPLY a StreamServer (LIBRE)
[RA] CoordinatorNode recibe REQUEST de StreamServer (seq=6168)
[RA] CoordinatorNode -> REPLY a StreamServer (LIBRE)
[RA] CoordinatorNode recibe REQUEST de StreamServer (seq=6173)
[RA] CoordinatorNode -> REPLY a StreamServer (LIBRE)
[RA] CoordinatorNode recibe REQUEST de StreamServer (seq=6179)
[RA] CoordinatorNode -> REPLY a StreamServer (LIBRE)
[RA] CoordinatorNode recibe REQUEST de StreamServer (seq=6184)
[RA] CoordinatorNode -> REPLY a StreamServer (LIBRE)
[RA] CoordinatorNode recibe REQUEST de StreamServer (seq=6189)
[RA] CoordinatorNode -> REPLY a StreamServer (LIBRE)
[RA] CoordinatorNode recibe REQUEST de StreamServer (seq=6194)
[RA] CoordinatorNode -> REPLY a StreamServer (LIBRE)
[RA] CoordinatorNode recibe REQUEST de StreamServer (seq=6201)
[RA] CoordinatorNode -> REPLY a StreamServer (LIBRE)
[RA] CoordinatorNode recibe REQUEST de StreamServer (seq=6206)
[RA] CoordinatorNode -> REPLY a StreamServer (LIBRE)
[RA] CoordinatorNode recibe REQUEST de StreamServer (seq=6211)
[RA] CoordinatorNode -> REPLY a StreamServer (LIBRE)
[RA] CoordinatorNode recibe REQUEST de StreamServer (seq=6217)
[RA] CoordinatorNode -> REPLY a StreamServer (LIBRE)
[RA] CoordinatorNode recibe REQUEST de StreamServer (seq=6224)
[RA] CoordinatorNode -> REPLY a StreamServer (LIBRE)
[RA] CoordinatorNode recibe REQUEST de StreamServer (seq=6229)
[RA] CoordinatorNode -> REPLY a StreamServer (LIBRE)
[RA] CoordinatorNode recibe REQUEST de StreamServer (seq=6236)
[RA] CoordinatorNode -> REPLY a StreamServer (LIBRE)
[RA] CoordinatorNode recibe REQUEST de StreamServer (seq=6241)
[RA] CoordinatorNode -> REPLY a StreamServer (LIBRE)
[RA] CoordinatorNode recibe REQUEST de StreamServer (seq=6248)
[RA] CoordinatorNode -> REPLY a StreamServer (LIBRE)
[RA] CoordinatorNode recibe REQUEST de StreamServer (seq=6253)
[RA] CoordinatorNode -> REPLY a StreamServer (LIBRE)
[RA] CoordinatorNode recibe REQUEST de StreamServer (seq=6261)
[RA] CoordinatorNode -> REPLY a StreamServer (LIBRE)
[RA] CoordinatorNode recibe REQUEST de StreamServer (seq=6266)
[RA] CoordinatorNode -> REPLY a StreamServer (LIBRE)
[RA] CoordinatorNode recibe REQUEST de StreamServer (seq=6271)
[RA] CoordinatorNode -> REPLY a StreamServer (LIBRE)
[RA] CoordinatorNode recibe REQUEST de StreamServer (seq=6279)
[RA] CoordinatorNode -> REPLY a StreamServer (LIBRE)
[RA] CoordinatorNode recibe REQUEST de StreamServer (seq=6286)
[RA] CoordinatorNode -> REPLY a StreamServer (LIBRE)
[RA] CoordinatorNode recibe REQUEST de StreamServer (seq=6291)
[RA] CoordinatorNode -> REPLY a StreamServer (LIBRE)
[RA] CoordinatorNode recibe REQUEST de StreamServer (seq=6298)
[RA] CoordinatorNode -> REPLY a StreamServer (LIBRE)
[RA] CoordinatorNode recibe REQUEST de StreamServer (seq=6303)
[RA] CoordinatorNode -> REPLY a StreamServer (LIBRE)
[RA] CoordinatorNode recibe REQUEST de StreamServer (seq=6314)
[RA] CoordinatorNode -> REPLY a StreamServer (LIBRE)
[RA] CoordinatorNode recibe REQUEST de StreamServer (seq=6319)
[RA] CoordinatorNode -> REPLY a StreamServer (LIBRE)
[RA] CoordinatorNode recibe REQUEST de StreamServer (seq=6328)
[RA] CoordinatorNode -> REPLY a StreamServer (LIBRE)
[RA] CoordinatorNode recibe REQUEST de StreamServer (seq=6335)
[RA] CoordinatorNode -> REPLY a StreamServer (LIBRE)
[RA] CoordinatorNode recibe REQUEST de StreamServer (seq=6340)
[RA] CoordinatorNode -> REPLY a StreamServer (LIBRE)
[RA] CoordinatorNode recibe REQUEST de StreamServer (seq=6351)
[RA] CoordinatorNode -> REPLY a StreamServer (LIBRE)
[RA] CoordinatorNode recibe REQUEST de StreamServer (seq=6356)
[RA] CoordinatorNode -> REPLY a StreamServer (LIBRE)
[RA] CoordinatorNode recibe REQUEST de StreamServer (seq=6361)
[RA] CoordinatorNode -> REPLY a StreamServer (LIBRE)
[RA] CoordinatorNode recibe REQUEST de StreamServer (seq=6369)
[RA] CoordinatorNode -> REPLY a StreamServer (LIBRE)
[RA] CoordinatorNode recibe REQUEST de StreamServer (seq=6374)
[RA] CoordinatorNode -> REPLY a StreamServer (LIBRE)
[RA] CoordinatorNode recibe REQUEST de StreamServer (seq=6379)
[RA] CoordinatorNode -> REPLY a StreamServer (LIBRE)
[RA] CoordinatorNode recibe REQUEST de StreamServer (seq=6384)
[RA] CoordinatorNode -> REPLY a StreamServer (LIBRE)
[RA] CoordinatorNode recibe REQUEST de StreamServer (seq=6389)
[RA] CoordinatorNode -> REPLY a StreamServer (LIBRE)
[RA] CoordinatorNode recibe REQUEST de StreamServer (seq=6399)
[RA] CoordinatorNode -> REPLY a StreamServer (LIBRE)
[RA] CoordinatorNode recibe REQUEST de StreamServer (seq=6404)
[RA] CoordinatorNode -> REPLY a StreamServer (LIBRE)
[RA] CoordinatorNode recibe REQUEST de StreamServer (seq=6409)
[RA] CoordinatorNode -> REPLY a StreamServer (LIBRE)
[RA] CoordinatorNode recibe REQUEST de StreamServer (seq=6414)
[RA] CoordinatorNode -> REPLY a StreamServer (LIBRE)
[RA] CoordinatorNode recibe REQUEST de StreamServer (seq=6419)
[RA] CoordinatorNode -> REPLY a StreamServer (LIBRE)
[RA] CoordinatorNode recibe REQUEST de StreamServer (seq=6428)
[RA] CoordinatorNode -> REPLY a StreamServer (LIBRE)
[RA] CoordinatorNode recibe REQUEST de StreamServer (seq=6433)
[RA] CoordinatorNode -> REPLY a StreamServer (LIBRE)
[RA] CoordinatorNode recibe REQUEST de StreamServer (seq=6438)
[RA] CoordinatorNode -> REPLY a StreamServer (LIBRE)
[RA] CoordinatorNode recibe REQUEST de StreamServer (seq=6443)
[RA] CoordinatorNode -> REPLY a StreamServer (LIBRE)
[RA] CoordinatorNode recibe REQUEST de StreamServer (seq=6464)
[RA] CoordinatorNode -> REPLY a StreamServer (LIBRE)
[RA] CoordinatorNode recibe REQUEST de StreamServer (seq=6519)
[RA] CoordinatorNode -> REPLY a StreamServer (LIBRE)
[RA] CoordinatorNode recibe REQUEST de StreamServer (seq=6524)
[RA] CoordinatorNode -> REPLY a StreamServer (LIBRE)
[RA] CoordinatorNode recibe REQUEST de StreamServer (seq=6529)
[RA] CoordinatorNode -> REPLY a StreamServer (LIBRE)
[RA] CoordinatorNode recibe REQUEST de StreamServer (seq=6534)
[RA] CoordinatorNode -> REPLY a StreamServer (LIBRE)
[RA] CoordinatorNode recibe REQUEST de StreamServer (seq=6539)
[RA] CoordinatorNode -> REPLY a StreamServer (LIBRE)
[RA] CoordinatorNode recibe REQUEST de StreamServer (seq=6545)
[RA] CoordinatorNode -> REPLY a StreamServer (LIBRE)
[RA] CoordinatorNode recibe REQUEST de StreamServer (seq=6550)
[RA] CoordinatorNode -> REPLY a StreamServer (LIBRE)
[RA] CoordinatorNode recibe REQUEST de StreamServer (seq=6555)
[RA] CoordinatorNode -> REPLY a StreamServer (LIBRE)
[RA] CoordinatorNode recibe REQUEST de StreamServer (seq=6560)
[RA] CoordinatorNode -> REPLY a StreamServer (LIBRE)
[RA] CoordinatorNode recibe REQUEST de StreamServer (seq=6565)
[RA] CoordinatorNode -> REPLY a StreamServer (LIBRE)
[RA] CoordinatorNode recibe REQUEST de StreamServer (seq=6572)
[RA] CoordinatorNode -> REPLY a StreamServer (LIBRE)
[RA] CoordinatorNode recibe REQUEST de StreamServer (seq=6577)
[RA] CoordinatorNode -> REPLY a StreamServer (LIBRE)
[RA] CoordinatorNode recibe REQUEST de StreamServer (seq=6587)
[RA] CoordinatorNode -> REPLY a StreamServer (LIBRE)
[RA] CoordinatorNode recibe REQUEST de StreamServer (seq=6592)
[RA] CoordinatorNode -> REPLY a StreamServer (LIBRE)
[RA] CoordinatorNode recibe REQUEST de StreamServer (seq=6597)
[RA] CoordinatorNode -> REPLY a StreamServer (LIBRE)
[RA] CoordinatorNode recibe REQUEST de StreamServer (seq=6604)
[RA] CoordinatorNode -> REPLY a StreamServer (LIBRE)
[RA] CoordinatorNode recibe REQUEST de StreamServer (seq=6609)
[RA] CoordinatorNode -> REPLY a StreamServer (LIBRE)
[RA] CoordinatorNode recibe REQUEST de StreamServer (seq=6616)
[RA] CoordinatorNode -> REPLY a StreamServer (LIBRE)
[RA] CoordinatorNode recibe REQUEST de StreamServer (seq=6621)
[RA] CoordinatorNode -> REPLY a StreamServer (LIBRE)
[RA] CoordinatorNode recibe REQUEST de StreamServer (seq=6627)
[RA] CoordinatorNode -> REPLY a StreamServer (LIBRE)
[RA] CoordinatorNode recibe REQUEST de StreamServer (seq=6632)
[RA] CoordinatorNode -> REPLY a StreamServer (LIBRE)
[RA] CoordinatorNode recibe REQUEST de StreamServer (seq=6637)
[RA] CoordinatorNode -> REPLY a StreamServer (LIBRE)
[RA] CoordinatorNode recibe REQUEST de StreamServer (seq=6646)
[RA] CoordinatorNode -> REPLY a StreamServer (LIBRE)
[RA] CoordinatorNode recibe REQUEST de StreamServer (seq=6653)
[RA] CoordinatorNode -> REPLY a StreamServer (LIBRE)
[RA] CoordinatorNode recibe REQUEST de StreamServer (seq=6658)
[RA] CoordinatorNode -> REPLY a StreamServer (LIBRE)
[RA] CoordinatorNode recibe REQUEST de StreamServer (seq=6665)
[RA] CoordinatorNode -> REPLY a StreamServer (LIBRE)
[RA] CoordinatorNode recibe REQUEST de StreamServer (seq=6670)
[RA] CoordinatorNode -> REPLY a StreamServer (LIBRE)
[RA] CoordinatorNode recibe REQUEST de StreamServer (seq=6682)
[RA] CoordinatorNode -> REPLY a StreamServer (LIBRE)
[RA] CoordinatorNode recibe REQUEST de StreamServer (seq=6687)
[RA] CoordinatorNode -> REPLY a StreamServer (LIBRE)
[RA] CoordinatorNode recibe REQUEST de StreamServer (seq=6696)
[RA] CoordinatorNode -> REPLY a StreamServer (LIBRE)
[RA] CoordinatorNode recibe REQUEST de StreamServer (seq=6703)
[RA] CoordinatorNode -> REPLY a StreamServer (LIBRE)
[RA] CoordinatorNode recibe REQUEST de StreamServer (seq=6708)
[RA] CoordinatorNode -> REPLY a StreamServer (LIBRE)
[RA] CoordinatorNode recibe REQUEST de StreamServer (seq=6717)
[RA] CoordinatorNode -> REPLY a StreamServer (LIBRE)
[RA] CoordinatorNode recibe REQUEST de StreamServer (seq=6722)
[RA] CoordinatorNode -> REPLY a StreamServer (LIBRE)
[RA] CoordinatorNode recibe REQUEST de StreamServer (seq=6727)
[RA] CoordinatorNode -> REPLY a StreamServer (LIBRE)
[RA] CoordinatorNode recibe REQUEST de StreamServer (seq=6737)
[RA] CoordinatorNode -> REPLY a StreamServer (LIBRE)
[RA] CoordinatorNode recibe REQUEST de StreamServer (seq=6742)
[RA] CoordinatorNode -> REPLY a StreamServer (LIBRE)
[RA] CoordinatorNode recibe REQUEST de StreamServer (seq=6747)
[RA] CoordinatorNode -> REPLY a StreamServer (LIBRE)
[RA] CoordinatorNode recibe REQUEST de StreamServer (seq=6752)
[RA] CoordinatorNode -> REPLY a StreamServer (LIBRE)
[RA] CoordinatorNode recibe REQUEST de StreamServer (seq=6757)
[RA] CoordinatorNode -> REPLY a StreamServer (LIBRE)
[RA] CoordinatorNode recibe REQUEST de StreamServer (seq=6767)
[RA] CoordinatorNode -> REPLY a StreamServer (LIBRE)
[RA] CoordinatorNode recibe REQUEST de StreamServer (seq=6772)
[RA] CoordinatorNode -> REPLY a StreamServer (LIBRE)
[RA] CoordinatorNode recibe REQUEST de StreamServer (seq=6777)
[RA] CoordinatorNode -> REPLY a StreamServer (LIBRE)
[RA] CoordinatorNode recibe REQUEST de StreamServer (seq=6782)
[RA] CoordinatorNode -> REPLY a StreamServer (LIBRE)
[RA] CoordinatorNode recibe REQUEST de StreamServer (seq=6787)
[RA] CoordinatorNode -> REPLY a StreamServer (LIBRE)
[RA] CoordinatorNode recibe REQUEST de StreamServer (seq=6795)
[RA] CoordinatorNode -> REPLY a StreamServer (LIBRE)
[RA] CoordinatorNode recibe REQUEST de StreamServer (seq=6800)
[RA] CoordinatorNode -> REPLY a StreamServer (LIBRE)
[RA] CoordinatorNode recibe REQUEST de StreamServer (seq=6811)
[RA] CoordinatorNode -> REPLY a StreamServer (LIBRE)
[RA] CoordinatorNode recibe REQUEST de StreamServer (seq=6816)
[RA] CoordinatorNode -> REPLY a StreamServer (LIBRE)
[RA] CoordinatorNode recibe REQUEST de StreamServer (seq=6821)
[RA] CoordinatorNode -> REPLY a StreamServer (LIBRE)
[RA] CoordinatorNode recibe REQUEST de StreamServer (seq=6883)
[RA] CoordinatorNode -> REPLY a StreamServer (LIBRE)
[RA] CoordinatorNode recibe REQUEST de StreamServer (seq=6888)
[RA] CoordinatorNode -> REPLY a StreamServer (LIBRE)
[RA] CoordinatorNode recibe REQUEST de StreamServer (seq=6893)
[RA] CoordinatorNode -> REPLY a StreamServer (LIBRE)
[RA] CoordinatorNode recibe REQUEST de StreamServer (seq=6898)
[RA] CoordinatorNode -> REPLY a StreamServer (LIBRE)
[RA] CoordinatorNode recibe REQUEST de StreamServer (seq=6903)
[RA] CoordinatorNode -> REPLY a StreamServer (LIBRE)
[RA] CoordinatorNode recibe REQUEST de StreamServer (seq=6909)
[RA] CoordinatorNode -> REPLY a StreamServer (LIBRE)
[RA] CoordinatorNode recibe REQUEST de StreamServer (seq=6914)
[RA] CoordinatorNode -> REPLY a StreamServer (LIBRE)
[RA] CoordinatorNode recibe REQUEST de StreamServer (seq=6919)
[RA] CoordinatorNode -> REPLY a StreamServer (LIBRE)
[RA] CoordinatorNode recibe REQUEST de StreamServer (seq=6924)
[RA] CoordinatorNode -> REPLY a StreamServer (LIBRE)
[RA] CoordinatorNode recibe REQUEST de StreamServer (seq=6929)
[RA] CoordinatorNode -> REPLY a StreamServer (LIBRE)
[RA] CoordinatorNode recibe REQUEST de StreamServer (seq=6936)
[RA] CoordinatorNode -> REPLY a StreamServer (LIBRE)
[RA] CoordinatorNode recibe REQUEST de StreamServer (seq=6941)
[RA] CoordinatorNode -> REPLY a StreamServer (LIBRE)
[RA] CoordinatorNode recibe REQUEST de StreamServer (seq=6951)
[RA] CoordinatorNode -> REPLY a StreamServer (LIBRE)
[RA] CoordinatorNode recibe REQUEST de StreamServer (seq=6956)
[RA] CoordinatorNode -> REPLY a StreamServer (LIBRE)
[RA] CoordinatorNode recibe REQUEST de StreamServer (seq=6961)
[RA] CoordinatorNode -> REPLY a StreamServer (LIBRE)
[RA] CoordinatorNode recibe REQUEST de StreamServer (seq=6968)
[RA] CoordinatorNode -> REPLY a StreamServer (LIBRE)
[RA] CoordinatorNode recibe REQUEST de StreamServer (seq=6973)
[RA] CoordinatorNode -> REPLY a StreamServer (LIBRE)
[RA] CoordinatorNode recibe REQUEST de StreamServer (seq=6980)
[RA] CoordinatorNode -> REPLY a StreamServer (LIBRE)
[RA] CoordinatorNode recibe REQUEST de StreamServer (seq=6985)
[RA] CoordinatorNode -> REPLY a StreamServer (LIBRE)
[RA] CoordinatorNode recibe REQUEST de StreamServer (seq=6991)
[RA] CoordinatorNode -> REPLY a StreamServer (LIBRE)
[RA] CoordinatorNode recibe REQUEST de StreamServer (seq=6996)
[RA] CoordinatorNode -> REPLY a StreamServer (LIBRE)
[RA] CoordinatorNode recibe REQUEST de StreamServer (seq=7001)
[RA] CoordinatorNode -> REPLY a StreamServer (LIBRE)
[RA] CoordinatorNode recibe REQUEST de StreamServer (seq=7009)
[RA] CoordinatorNode -> REPLY a StreamServer (LIBRE)
[RA] CoordinatorNode recibe REQUEST de StreamServer (seq=7017)
[RA] CoordinatorNode -> REPLY a StreamServer (LIBRE)
[RA] CoordinatorNode recibe REQUEST de StreamServer (seq=7022)
[RA] CoordinatorNode -> REPLY a StreamServer (LIBRE)
[RA] CoordinatorNode recibe REQUEST de StreamServer (seq=7029)
[RA] CoordinatorNode -> REPLY a StreamServer (LIBRE)
[RA] CoordinatorNode recibe REQUEST de StreamServer (seq=7034)
[RA] CoordinatorNode -> REPLY a StreamServer (LIBRE)
[RA] CoordinatorNode recibe REQUEST de StreamServer (seq=7046)
[RA] CoordinatorNode -> REPLY a StreamServer (LIBRE)
[RA] CoordinatorNode recibe REQUEST de StreamServer (seq=7051)
[RA] CoordinatorNode -> REPLY a StreamServer (LIBRE)
[RA] CoordinatorNode recibe REQUEST de StreamServer (seq=7060)
[RA] CoordinatorNode -> REPLY a StreamServer (LIBRE)
[RA] CoordinatorNode recibe REQUEST de StreamServer (seq=7067)
[RA] CoordinatorNode -> REPLY a StreamServer (LIBRE)
[RA] CoordinatorNode recibe REQUEST de StreamServer (seq=7072)
[RA] CoordinatorNode -> REPLY a StreamServer (LIBRE)
[RA] CoordinatorNode recibe REQUEST de StreamServer (seq=7081)
[RA] CoordinatorNode -> REPLY a StreamServer (LIBRE)
[RA] CoordinatorNode recibe REQUEST de StreamServer (seq=7086)
[RA] CoordinatorNode -> REPLY a StreamServer (LIBRE)
[RA] CoordinatorNode recibe REQUEST de StreamServer (seq=7091)
[RA] CoordinatorNode -> REPLY a StreamServer (LIBRE)
[RA] CoordinatorNode recibe REQUEST de StreamServer (seq=7100)
[RA] CoordinatorNode -> REPLY a StreamServer (LIBRE)
[RA] CoordinatorNode recibe REQUEST de StreamServer (seq=7105)
[RA] CoordinatorNode -> REPLY a StreamServer (LIBRE)
[RA] CoordinatorNode recibe REQUEST de StreamServer (seq=7110)
[RA] CoordinatorNode -> REPLY a StreamServer (LIBRE)
[RA] CoordinatorNode recibe REQUEST de StreamServer (seq=7115)
[RA] CoordinatorNode -> REPLY a StreamServer (LIBRE)
[RA] CoordinatorNode recibe REQUEST de StreamServer (seq=7120)
[RA] CoordinatorNode -> REPLY a StreamServer (LIBRE)
[RA] CoordinatorNode recibe REQUEST de StreamServer (seq=7131)
[RA] CoordinatorNode -> REPLY a StreamServer (LIBRE)
[RA] CoordinatorNode recibe REQUEST de StreamServer (seq=7136)
[RA] CoordinatorNode -> REPLY a StreamServer (LIBRE)
[RA] CoordinatorNode recibe REQUEST de StreamServer (seq=7141)
[RA] CoordinatorNode -> REPLY a StreamServer (LIBRE)
[RA] CoordinatorNode recibe REQUEST de StreamServer (seq=7146)
[RA] CoordinatorNode -> REPLY a StreamServer (LIBRE)
[RA] CoordinatorNode recibe REQUEST de StreamServer (seq=7151)
[RA] CoordinatorNode -> REPLY a StreamServer (LIBRE)
[RA] CoordinatorNode recibe REQUEST de StreamServer (seq=7159)
[RA] CoordinatorNode -> REPLY a StreamServer (LIBRE)
[RA] CoordinatorNode recibe REQUEST de StreamServer (seq=7164)
[RA] CoordinatorNode -> REPLY a StreamServer (LIBRE)
[RA] CoordinatorNode recibe REQUEST de StreamServer (seq=7175)
[RA] CoordinatorNode -> REPLY a StreamServer (LIBRE)
[RA] CoordinatorNode recibe REQUEST de StreamServer (seq=7180)
[RA] CoordinatorNode -> REPLY a StreamServer (LIBRE)
[RA] CoordinatorNode recibe REQUEST de StreamServer (seq=7247)
[RA] CoordinatorNode -> REPLY a StreamServer (LIBRE)
[RA] CoordinatorNode recibe REQUEST de StreamServer (seq=7252)
[RA] CoordinatorNode -> REPLY a StreamServer (LIBRE)
[RA] CoordinatorNode recibe REQUEST de StreamServer (seq=7257)
[RA] CoordinatorNode -> REPLY a StreamServer (LIBRE)
[RA] CoordinatorNode recibe REQUEST de StreamServer (seq=7262)
[RA] CoordinatorNode -> REPLY a StreamServer (LIBRE)
[RA] CoordinatorNode recibe REQUEST de StreamServer (seq=7267)
[RA] CoordinatorNode -> REPLY a StreamServer (LIBRE)
[RA] CoordinatorNode recibe REQUEST de StreamServer (seq=7272)
[RA] CoordinatorNode -> REPLY a StreamServer (LIBRE)
[RA] CoordinatorNode recibe REQUEST de StreamServer (seq=7278)
[RA] CoordinatorNode -> REPLY a StreamServer (LIBRE)
[RA] CoordinatorNode recibe REQUEST de StreamServer (seq=7283)
[RA] CoordinatorNode -> REPLY a StreamServer (LIBRE)
[RA] CoordinatorNode recibe REQUEST de StreamServer (seq=7288)
[RA] CoordinatorNode -> REPLY a StreamServer (LIBRE)
[RA] CoordinatorNode recibe REQUEST de StreamServer (seq=7293)
[RA] CoordinatorNode -> REPLY a StreamServer (LIBRE)
[RA] CoordinatorNode recibe REQUEST de StreamServer (seq=7300)
[RA] CoordinatorNode -> REPLY a StreamServer (LIBRE)
[RA] CoordinatorNode recibe REQUEST de StreamServer (seq=7305)
[RA] CoordinatorNode -> REPLY a StreamServer (LIBRE)
[RA] CoordinatorNode recibe REQUEST de StreamServer (seq=7310)
[RA] CoordinatorNode -> REPLY a StreamServer (LIBRE)
[RA] CoordinatorNode recibe REQUEST de StreamServer (seq=7320)
[RA] CoordinatorNode -> REPLY a StreamServer (LIBRE)
[RA] CoordinatorNode recibe REQUEST de StreamServer (seq=7325)
[RA] CoordinatorNode -> REPLY a StreamServer (LIBRE)
[RA] CoordinatorNode recibe REQUEST de StreamServer (seq=7330)
[RA] CoordinatorNode -> REPLY a StreamServer (LIBRE)
[RA] CoordinatorNode recibe REQUEST de StreamServer (seq=7337)
[RA] CoordinatorNode -> REPLY a StreamServer (LIBRE)
[RA] CoordinatorNode recibe REQUEST de StreamServer (seq=7342)
[RA] CoordinatorNode -> REPLY a StreamServer (LIBRE)
[RA] CoordinatorNode recibe REQUEST de StreamServer (seq=7349)
[RA] CoordinatorNode -> REPLY a StreamServer (LIBRE)
[RA] CoordinatorNode recibe REQUEST de StreamServer (seq=7354)
[RA] CoordinatorNode -> REPLY a StreamServer (LIBRE)
[RA] CoordinatorNode recibe REQUEST de StreamServer (seq=7360)
[RA] CoordinatorNode -> REPLY a StreamServer (LIBRE)
[RA] CoordinatorNode recibe REQUEST de StreamServer (seq=7365)
[RA] CoordinatorNode -> REPLY a StreamServer (LIBRE)
[RA] CoordinatorNode recibe REQUEST de StreamServer (seq=7370)
[RA] CoordinatorNode -> REPLY a StreamServer (LIBRE)
[RA] CoordinatorNode recibe REQUEST de StreamServer (seq=7378)
[RA] CoordinatorNode -> REPLY a StreamServer (LIBRE)
[RA] CoordinatorNode recibe REQUEST de StreamServer (seq=7386)
[RA] CoordinatorNode -> REPLY a StreamServer (LIBRE)
[RA] CoordinatorNode recibe REQUEST de StreamServer (seq=7391)
[RA] CoordinatorNode -> REPLY a StreamServer (LIBRE)
[RA] CoordinatorNode recibe REQUEST de StreamServer (seq=7398)
[RA] CoordinatorNode -> REPLY a StreamServer (LIBRE)
[RA] CoordinatorNode recibe REQUEST de StreamServer (seq=7403)
[RA] CoordinatorNode -> REPLY a StreamServer (LIBRE)
[RA] CoordinatorNode recibe REQUEST de StreamServer (seq=7415)
[RA] CoordinatorNode -> REPLY a StreamServer (LIBRE)
[RA] CoordinatorNode recibe REQUEST de StreamServer (seq=7420)
[RA] CoordinatorNode -> REPLY a StreamServer (LIBRE)
[RA] CoordinatorNode recibe REQUEST de StreamServer (seq=7429)
[RA] CoordinatorNode -> REPLY a StreamServer (LIBRE)
[RA] CoordinatorNode recibe REQUEST de StreamServer (seq=7436)
[RA] CoordinatorNode -> REPLY a StreamServer (LIBRE)
[RA] CoordinatorNode recibe REQUEST de StreamServer (seq=7441)
[RA] CoordinatorNode -> REPLY a StreamServer (LIBRE)
[RA] CoordinatorNode recibe REQUEST de StreamServer (seq=7450)
[RA] CoordinatorNode -> REPLY a StreamServer (LIBRE)
[RA] CoordinatorNode recibe REQUEST de StreamServer (seq=7455)
[RA] CoordinatorNode -> REPLY a StreamServer (LIBRE)
[RA] CoordinatorNode recibe REQUEST de StreamServer (seq=7460)
[RA] CoordinatorNode -> REPLY a StreamServer (LIBRE)
[RA] CoordinatorNode recibe REQUEST de StreamServer (seq=7469)
[RA] CoordinatorNode -> REPLY a StreamServer (LIBRE)
[RA] CoordinatorNode recibe REQUEST de StreamServer (seq=7474)
[RA] CoordinatorNode -> REPLY a StreamServer (LIBRE)
[RA] CoordinatorNode recibe REQUEST de StreamServer (seq=7479)
[RA] CoordinatorNode -> REPLY a StreamServer (LIBRE)
[RA] CoordinatorNode recibe REQUEST de StreamServer (seq=7484)
[RA] CoordinatorNode -> REPLY a StreamServer (LIBRE)
[RA] CoordinatorNode recibe REQUEST de StreamServer (seq=7495)
[RA] CoordinatorNode -> REPLY a StreamServer (LIBRE)
[RA] CoordinatorNode recibe REQUEST de StreamServer (seq=7500)
[RA] CoordinatorNode -> REPLY a StreamServer (LIBRE)
[RA] CoordinatorNode recibe REQUEST de StreamServer (seq=7505)
[RA] CoordinatorNode -> REPLY a StreamServer (LIBRE)
[RA] CoordinatorNode recibe REQUEST de StreamServer (seq=7510)
[RA] CoordinatorNode -> REPLY a StreamServer (LIBRE)
[RA] CoordinatorNode recibe REQUEST de StreamServer (seq=7515)
[RA] CoordinatorNode -> REPLY a StreamServer (LIBRE)
[RA] CoordinatorNode recibe REQUEST de StreamServer (seq=7523)
[RA] CoordinatorNode -> REPLY a StreamServer (LIBRE)
[RA] CoordinatorNode recibe REQUEST de StreamServer (seq=7528)
[RA] CoordinatorNode -> REPLY a StreamServer (LIBRE)
[RA] CoordinatorNode recibe REQUEST de StreamServer (seq=7533)
[RA] CoordinatorNode -> REPLY a StreamServer (LIBRE)
[RA] CoordinatorNode recibe REQUEST de StreamServer (seq=7544)
[RA] CoordinatorNode -> REPLY a StreamServer (LIBRE)
[RA] CoordinatorNode recibe REQUEST de StreamServer (seq=7549)
[RA] CoordinatorNode -> REPLY a StreamServer (LIBRE)
[RA] CoordinatorNode recibe REQUEST de StreamServer (seq=7558)
[RA] CoordinatorNode -> REPLY a StreamServer (LIBRE)
[RA] CoordinatorNode recibe REQUEST de StreamServer (seq=7615)
[RA] CoordinatorNode -> REPLY a StreamServer (LIBRE)
[RA] CoordinatorNode recibe REQUEST de StreamServer (seq=7620)
[RA] CoordinatorNode -> REPLY a StreamServer (LIBRE)
[RA] CoordinatorNode recibe REQUEST de StreamServer (seq=7625)
[RA] CoordinatorNode -> REPLY a StreamServer (LIBRE)
[RA] CoordinatorNode recibe REQUEST de StreamServer (seq=7630)
[RA] CoordinatorNode -> REPLY a StreamServer (LIBRE)
[RA] CoordinatorNode recibe REQUEST de StreamServer (seq=7635)
[RA] CoordinatorNode -> REPLY a StreamServer (LIBRE)
[RA] CoordinatorNode recibe REQUEST de StreamServer (seq=7641)
[RA] CoordinatorNode -> REPLY a StreamServer (LIBRE)
[RA] CoordinatorNode recibe REQUEST de StreamServer (seq=7646)
[RA] CoordinatorNode -> REPLY a StreamServer (LIBRE)
[RA] CoordinatorNode recibe REQUEST de StreamServer (seq=7651)
[RA] CoordinatorNode -> REPLY a StreamServer (LIBRE)
[RA] CoordinatorNode recibe REQUEST de StreamServer (seq=7656)
[RA] CoordinatorNode -> REPLY a StreamServer (LIBRE)
[RA] CoordinatorNode recibe REQUEST de StreamServer (seq=7663)
[RA] CoordinatorNode -> REPLY a StreamServer (LIBRE)
[RA] CoordinatorNode recibe REQUEST de StreamServer (seq=7668)
[RA] CoordinatorNode -> REPLY a StreamServer (LIBRE)
[RA] CoordinatorNode recibe REQUEST de StreamServer (seq=7673)
[RA] CoordinatorNode -> REPLY a StreamServer (LIBRE)
[RA] CoordinatorNode recibe REQUEST de StreamServer (seq=7685)
[RA] CoordinatorNode -> REPLY a StreamServer (LIBRE)
[RA] CoordinatorNode recibe REQUEST de StreamServer (seq=7690)
[RA] CoordinatorNode -> REPLY a StreamServer (LIBRE)
[RA] CoordinatorNode recibe REQUEST de StreamServer (seq=7695)
[RA] CoordinatorNode -> REPLY a StreamServer (LIBRE)
[RA] CoordinatorNode recibe REQUEST de StreamServer (seq=7702)
[RA] CoordinatorNode -> REPLY a StreamServer (LIBRE)
[RA] CoordinatorNode recibe REQUEST de StreamServer (seq=7707)
[RA] CoordinatorNode -> REPLY a StreamServer (LIBRE)
[RA] CoordinatorNode recibe REQUEST de StreamServer (seq=7714)
[RA] CoordinatorNode -> REPLY a StreamServer (LIBRE)
[RA] CoordinatorNode recibe REQUEST de StreamServer (seq=7719)
[RA] CoordinatorNode -> REPLY a StreamServer (LIBRE)
[RA] CoordinatorNode recibe REQUEST de StreamServer (seq=7725)
[RA] CoordinatorNode -> REPLY a StreamServer (LIBRE)
[RA] CoordinatorNode recibe REQUEST de StreamServer (seq=7730)
[RA] CoordinatorNode -> REPLY a StreamServer (LIBRE)
[RA] CoordinatorNode recibe REQUEST de StreamServer (seq=7735)
[RA] CoordinatorNode -> REPLY a StreamServer (LIBRE)
[RA] CoordinatorNode recibe REQUEST de StreamServer (seq=7743)
[RA] CoordinatorNode -> REPLY a StreamServer (LIBRE)
[RA] CoordinatorNode recibe REQUEST de StreamServer (seq=7751)
[RA] CoordinatorNode -> REPLY a StreamServer (LIBRE)
[RA] CoordinatorNode recibe REQUEST de StreamServer (seq=7756)
[RA] CoordinatorNode -> REPLY a StreamServer (LIBRE)
[RA] CoordinatorNode recibe REQUEST de StreamServer (seq=7763)
[RA] CoordinatorNode -> REPLY a StreamServer (LIBRE)
[RA] CoordinatorNode recibe REQUEST de StreamServer (seq=7768)
[RA] CoordinatorNode -> REPLY a StreamServer (LIBRE)
[RA] CoordinatorNode recibe REQUEST de StreamServer (seq=7780)
[RA] CoordinatorNode -> REPLY a StreamServer (LIBRE)
[RA] CoordinatorNode recibe REQUEST de StreamServer (seq=7785)
[RA] CoordinatorNode -> REPLY a StreamServer (LIBRE)
[RA] CoordinatorNode recibe REQUEST de StreamServer (seq=7794)
[RA] CoordinatorNode -> REPLY a StreamServer (LIBRE)
[RA] CoordinatorNode recibe REQUEST de StreamServer (seq=7801)
[RA] CoordinatorNode -> REPLY a StreamServer (LIBRE)
[RA] CoordinatorNode recibe REQUEST de StreamServer (seq=7806)
[RA] CoordinatorNode -> REPLY a StreamServer (LIBRE)
[RA] CoordinatorNode recibe REQUEST de StreamServer (seq=7815)
[RA] CoordinatorNode -> REPLY a StreamServer (LIBRE)
[RA] CoordinatorNode recibe REQUEST de StreamServer (seq=7820)
[RA] CoordinatorNode -> REPLY a StreamServer (LIBRE)
[RA] CoordinatorNode recibe REQUEST de StreamServer (seq=7825)
[RA] CoordinatorNode -> REPLY a StreamServer (LIBRE)
[RA] CoordinatorNode recibe REQUEST de StreamServer (seq=7834)
[RA] CoordinatorNode -> REPLY a StreamServer (LIBRE)
[RA] CoordinatorNode recibe REQUEST de StreamServer (seq=7839)
[RA] CoordinatorNode -> REPLY a StreamServer (LIBRE)
[RA] CoordinatorNode recibe REQUEST de StreamServer (seq=7844)
[RA] CoordinatorNode -> REPLY a StreamServer (LIBRE)
[RA] CoordinatorNode recibe REQUEST de StreamServer (seq=7849)
[RA] CoordinatorNode -> REPLY a StreamServer (LIBRE)
[RA] CoordinatorNode recibe REQUEST de StreamServer (seq=7860)
[RA] CoordinatorNode -> REPLY a StreamServer (LIBRE)
[RA] CoordinatorNode recibe REQUEST de StreamServer (seq=7865)
[RA] CoordinatorNode -> REPLY a StreamServer (LIBRE)
[RA] CoordinatorNode recibe REQUEST de StreamServer (seq=7870)
[RA] CoordinatorNode -> REPLY a StreamServer (LIBRE)
[RA] CoordinatorNode recibe REQUEST de StreamServer (seq=7875)
[RA] CoordinatorNode -> REPLY a StreamServer (LIBRE)
[RA] CoordinatorNode recibe REQUEST de StreamServer (seq=7883)
[RA] CoordinatorNode -> REPLY a StreamServer (LIBRE)
[RA] CoordinatorNode recibe REQUEST de StreamServer (seq=7888)
[RA] CoordinatorNode -> REPLY a StreamServer (LIBRE)
[RA] CoordinatorNode recibe REQUEST de StreamServer (seq=7893)
[RA] CoordinatorNode -> REPLY a StreamServer (LIBRE)
[RA] CoordinatorNode recibe REQUEST de StreamServer (seq=7898)
[RA] CoordinatorNode -> REPLY a StreamServer (LIBRE)
[RA] CoordinatorNode recibe REQUEST de StreamServer (seq=7909)
[RA] CoordinatorNode -> REPLY a StreamServer (LIBRE)
[RA] CoordinatorNode recibe REQUEST de StreamServer (seq=7914)
[RA] CoordinatorNode -> REPLY a StreamServer (LIBRE)
[RA] CoordinatorNode recibe REQUEST de StreamServer (seq=7923)
[RA] CoordinatorNode -> REPLY a StreamServer (LIBRE)
[RA] CoordinatorNode recibe REQUEST de StreamServer (seq=7980)
[RA] CoordinatorNode -> REPLY a StreamServer (LIBRE)
[RA] CoordinatorNode recibe REQUEST de StreamServer (seq=7985)
[RA] CoordinatorNode -> REPLY a StreamServer (LIBRE)
[RA] CoordinatorNode recibe REQUEST de StreamServer (seq=7990)
[RA] CoordinatorNode -> REPLY a StreamServer (LIBRE)
[RA] CoordinatorNode recibe REQUEST de StreamServer (seq=7995)
[RA] CoordinatorNode -> REPLY a StreamServer (LIBRE)
[RA] CoordinatorNode recibe REQUEST de StreamServer (seq=8000)
[RA] CoordinatorNode -> REPLY a StreamServer (LIBRE)
[RA] CoordinatorNode recibe REQUEST de StreamServer (seq=8006)
[RA] CoordinatorNode -> REPLY a StreamServer (LIBRE)
[RA] CoordinatorNode recibe REQUEST de StreamServer (seq=8011)
[RA] CoordinatorNode -> REPLY a StreamServer (LIBRE)
[RA] CoordinatorNode recibe REQUEST de StreamServer (seq=8016)
[RA] CoordinatorNode -> REPLY a StreamServer (LIBRE)
[RA] CoordinatorNode recibe REQUEST de StreamServer (seq=8021)
[RA] CoordinatorNode -> REPLY a StreamServer (LIBRE)
[RA] CoordinatorNode recibe REQUEST de StreamServer (seq=8028)
[RA] CoordinatorNode -> REPLY a StreamServer (LIBRE)
[RA] CoordinatorNode recibe REQUEST de StreamServer (seq=8033)
[RA] CoordinatorNode -> REPLY a StreamServer (LIBRE)
[RA] CoordinatorNode recibe REQUEST de StreamServer (seq=8038)
[RA] CoordinatorNode -> REPLY a StreamServer (LIBRE)
[RA] CoordinatorNode recibe REQUEST de StreamServer (seq=8048)
[RA] CoordinatorNode -> REPLY a StreamServer (LIBRE)
[RA] CoordinatorNode recibe REQUEST de StreamServer (seq=8053)
[RA] CoordinatorNode -> REPLY a StreamServer (LIBRE)
[RA] CoordinatorNode recibe REQUEST de StreamServer (seq=8058)
[RA] CoordinatorNode -> REPLY a StreamServer (LIBRE)
[RA] CoordinatorNode recibe REQUEST de StreamServer (seq=8064)
[RA] CoordinatorNode -> REPLY a StreamServer (LIBRE)
[RA] CoordinatorNode recibe REQUEST de StreamServer (seq=8069)
[RA] CoordinatorNode -> REPLY a StreamServer (LIBRE)
[RA] CoordinatorNode recibe REQUEST de StreamServer (seq=8076)
[RA] CoordinatorNode -> REPLY a StreamServer (LIBRE)
[RA] CoordinatorNode recibe REQUEST de StreamServer (seq=8081)
[RA] CoordinatorNode -> REPLY a StreamServer (LIBRE)
[RA] CoordinatorNode recibe REQUEST de StreamServer (seq=8087)
[RA] CoordinatorNode -> REPLY a StreamServer (LIBRE)
[RA] CoordinatorNode recibe REQUEST de StreamServer (seq=8092)
[RA] CoordinatorNode -> REPLY a StreamServer (LIBRE)
[RA] CoordinatorNode recibe REQUEST de StreamServer (seq=8098)
[RA] CoordinatorNode -> REPLY a StreamServer (LIBRE)
[RA] CoordinatorNode recibe REQUEST de StreamServer (seq=8113)
[RA] CoordinatorNode -> REPLY a StreamServer (LIBRE)
[RA] CoordinatorNode recibe REQUEST de StreamServer (seq=8118)
[RA] CoordinatorNode -> REPLY a StreamServer (LIBRE)
[RA] CoordinatorNode recibe REQUEST de StreamServer (seq=8123)
[RA] CoordinatorNode -> REPLY a StreamServer (LIBRE)
[RA] CoordinatorNode recibe REQUEST de StreamServer (seq=8132)
[RA] CoordinatorNode -> REPLY a StreamServer (LIBRE)
[RA] CoordinatorNode recibe REQUEST de StreamServer (seq=8137)
[RA] CoordinatorNode -> REPLY a StreamServer (LIBRE)
[RA] CoordinatorNode recibe REQUEST de StreamServer (seq=8147)
[RA] CoordinatorNode -> REPLY a StreamServer (LIBRE)
[RA] CoordinatorNode recibe REQUEST de StreamServer (seq=8152)
[RA] CoordinatorNode -> REPLY a StreamServer (LIBRE)
[RA] CoordinatorNode recibe REQUEST de StreamServer (seq=8160)
[RA] CoordinatorNode -> REPLY a StreamServer (LIBRE)
[RA] CoordinatorNode recibe REQUEST de StreamServer (seq=8167)
[RA] CoordinatorNode -> REPLY a StreamServer (LIBRE)
[RA] CoordinatorNode recibe REQUEST de StreamServer (seq=8172)
[RA] CoordinatorNode -> REPLY a StreamServer (LIBRE)
[RA] CoordinatorNode recibe REQUEST de StreamServer (seq=8177)
[RA] CoordinatorNode -> REPLY a StreamServer (LIBRE)
[RA] CoordinatorNode recibe REQUEST de StreamServer (seq=8182)
[RA] CoordinatorNode -> REPLY a StreamServer (LIBRE)
[RA] CoordinatorNode recibe REQUEST de StreamServer (seq=8187)
[RA] CoordinatorNode -> REPLY a StreamServer (LIBRE)
[RA] CoordinatorNode recibe REQUEST de StreamServer (seq=8199)
[RA] CoordinatorNode -> REPLY a StreamServer (LIBRE)
[RA] CoordinatorNode recibe REQUEST de StreamServer (seq=8204)
[RA] CoordinatorNode -> REPLY a StreamServer (LIBRE)
[RA] CoordinatorNode recibe REQUEST de StreamServer (seq=8209)
[RA] CoordinatorNode -> REPLY a StreamServer (LIBRE)
[RA] CoordinatorNode recibe REQUEST de StreamServer (seq=8214)
[RA] CoordinatorNode -> REPLY a StreamServer (LIBRE)
[RA] CoordinatorNode recibe REQUEST de StreamServer (seq=8225)
[RA] CoordinatorNode -> REPLY a StreamServer (LIBRE)
[RA] CoordinatorNode recibe REQUEST de StreamServer (seq=8230)
[RA] CoordinatorNode -> REPLY a StreamServer (LIBRE)
[RA] CoordinatorNode recibe REQUEST de StreamServer (seq=8235)
[RA] CoordinatorNode -> REPLY a StreamServer (LIBRE)
[RA] CoordinatorNode recibe REQUEST de StreamServer (seq=8240)
[RA] CoordinatorNode -> REPLY a StreamServer (LIBRE)
[RA] CoordinatorNode recibe REQUEST de StreamServer (seq=8248)
[RA] CoordinatorNode -> REPLY a StreamServer (LIBRE)
[RA] CoordinatorNode recibe REQUEST de StreamServer (seq=8253)
[RA] CoordinatorNode -> REPLY a StreamServer (LIBRE)
[RA] CoordinatorNode recibe REQUEST de StreamServer (seq=8258)
[RA] CoordinatorNode -> REPLY a StreamServer (LIBRE)
[RA] CoordinatorNode recibe REQUEST de StreamServer (seq=8263)
[RA] CoordinatorNode -> REPLY a StreamServer (LIBRE)
[RA] CoordinatorNode recibe REQUEST de StreamServer (seq=8274)
[RA] CoordinatorNode -> REPLY a StreamServer (LIBRE)
[RA] CoordinatorNode recibe REQUEST de StreamServer (seq=8279)
[RA] CoordinatorNode -> REPLY a StreamServer (LIBRE)
[RA] CoordinatorNode recibe REQUEST de StreamServer (seq=8288)
[RA] CoordinatorNode -> REPLY a StreamServer (LIBRE)
[RA] CoordinatorNode recibe REQUEST de StreamServer (seq=8345)
[RA] CoordinatorNode -> REPLY a StreamServer (LIBRE)
[RA] CoordinatorNode recibe REQUEST de StreamServer (seq=8350)
[RA] CoordinatorNode -> REPLY a StreamServer (LIBRE)
[RA] CoordinatorNode recibe REQUEST de StreamServer (seq=8355)
[RA] CoordinatorNode -> REPLY a StreamServer (LIBRE)
[RA] CoordinatorNode recibe REQUEST de StreamServer (seq=8360)
[RA] CoordinatorNode -> REPLY a StreamServer (LIBRE)
[RA] CoordinatorNode recibe REQUEST de StreamServer (seq=8365)
[RA] CoordinatorNode -> REPLY a StreamServer (LIBRE)
[RA] CoordinatorNode recibe REQUEST de StreamServer (seq=8371)
[RA] CoordinatorNode -> REPLY a StreamServer (LIBRE)
[RA] CoordinatorNode recibe REQUEST de StreamServer (seq=8376)
[RA] CoordinatorNode -> REPLY a StreamServer (LIBRE)
[RA] CoordinatorNode recibe REQUEST de StreamServer (seq=8381)
[RA] CoordinatorNode -> REPLY a StreamServer (LIBRE)
[RA] CoordinatorNode recibe REQUEST de StreamServer (seq=8386)
[RA] CoordinatorNode -> REPLY a StreamServer (LIBRE)
[RA] CoordinatorNode recibe REQUEST de StreamServer (seq=8394)
[RA] CoordinatorNode -> REPLY a StreamServer (LIBRE)
[RA] CoordinatorNode recibe REQUEST de StreamServer (seq=8399)
[RA] CoordinatorNode -> REPLY a StreamServer (LIBRE)
[RA] CoordinatorNode recibe REQUEST de StreamServer (seq=8404)
[RA] CoordinatorNode -> REPLY a StreamServer (LIBRE)
[RA] CoordinatorNode recibe REQUEST de StreamServer (seq=8414)
[RA] CoordinatorNode -> REPLY a StreamServer (LIBRE)
[RA] CoordinatorNode recibe REQUEST de StreamServer (seq=8419)
[RA] CoordinatorNode -> REPLY a StreamServer (LIBRE)
[RA] CoordinatorNode recibe REQUEST de StreamServer (seq=8424)
[RA] CoordinatorNode -> REPLY a StreamServer (LIBRE)
[RA] CoordinatorNode recibe REQUEST de StreamServer (seq=8429)
[RA] CoordinatorNode -> REPLY a StreamServer (LIBRE)
[RA] CoordinatorNode recibe REQUEST de StreamServer (seq=8434)
[RA] CoordinatorNode -> REPLY a StreamServer (LIBRE)
[RA] CoordinatorNode recibe REQUEST de StreamServer (seq=8441)
[RA] CoordinatorNode -> REPLY a StreamServer (LIBRE)
[RA] CoordinatorNode recibe REQUEST de StreamServer (seq=8446)
[RA] CoordinatorNode -> REPLY a StreamServer (LIBRE)
[RA] CoordinatorNode recibe REQUEST de StreamServer (seq=8451)
[RA] CoordinatorNode -> REPLY a StreamServer (LIBRE)
[RA] CoordinatorNode recibe REQUEST de StreamServer (seq=8456)
[RA] CoordinatorNode -> REPLY a StreamServer (LIBRE)
[RA] CoordinatorNode recibe REQUEST de StreamServer (seq=8461)
[RA] CoordinatorNode -> REPLY a StreamServer (LIBRE)
[RA] CoordinatorNode recibe REQUEST de StreamServer (seq=8470)
[RA] CoordinatorNode -> REPLY a StreamServer (LIBRE)
[RA] CoordinatorNode recibe REQUEST de StreamServer (seq=8477)
[RA] CoordinatorNode -> REPLY a StreamServer (LIBRE)
[RA] CoordinatorNode recibe REQUEST de StreamServer (seq=8482)
[RA] CoordinatorNode -> REPLY a StreamServer (LIBRE)
[RA] CoordinatorNode recibe REQUEST de StreamServer (seq=8487)
[RA] CoordinatorNode -> REPLY a StreamServer (LIBRE)
[RA] CoordinatorNode recibe REQUEST de StreamServer (seq=8492)
[RA] CoordinatorNode -> REPLY a StreamServer (LIBRE)
[RA] CoordinatorNode recibe REQUEST de StreamServer (seq=8506)
[RA] CoordinatorNode -> REPLY a StreamServer (LIBRE)
[RA] CoordinatorNode recibe REQUEST de StreamServer (seq=8511)
[RA] CoordinatorNode -> REPLY a StreamServer (LIBRE)
[RA] CoordinatorNode recibe REQUEST de StreamServer (seq=8516)
[RA] CoordinatorNode -> REPLY a StreamServer (LIBRE)
[RA] CoordinatorNode recibe REQUEST de StreamServer (seq=8521)
[RA] CoordinatorNode -> REPLY a StreamServer (LIBRE)
[RA] CoordinatorNode recibe REQUEST de StreamServer (seq=8530)
[RA] CoordinatorNode -> REPLY a StreamServer (LIBRE)
[RA] CoordinatorNode recibe REQUEST de StreamServer (seq=8535)
[RA] CoordinatorNode -> REPLY a StreamServer (LIBRE)
[RA] CoordinatorNode recibe REQUEST de StreamServer (seq=8540)
[RA] CoordinatorNode -> REPLY a StreamServer (LIBRE)
[RA] CoordinatorNode recibe REQUEST de StreamServer (seq=8549)
[RA] CoordinatorNode -> REPLY a StreamServer (LIBRE)
[RA] CoordinatorNode recibe REQUEST de StreamServer (seq=8558)
[RA] CoordinatorNode -> REPLY a StreamServer (LIBRE)
[RA] CoordinatorNode recibe REQUEST de StreamServer (seq=8563)
[RA] CoordinatorNode -> REPLY a StreamServer (LIBRE)
[RA] CoordinatorNode recibe REQUEST de StreamServer (seq=8568)
[RA] CoordinatorNode -> REPLY a StreamServer (LIBRE)
[RA] CoordinatorNode recibe REQUEST de StreamServer (seq=8580)
[RA] CoordinatorNode -> REPLY a StreamServer (LIBRE)
[RA] CoordinatorNode recibe REQUEST de StreamServer (seq=8585)
[RA] CoordinatorNode -> REPLY a StreamServer (LIBRE)
[RA] CoordinatorNode recibe REQUEST de StreamServer (seq=8590)
[RA] CoordinatorNode -> REPLY a StreamServer (LIBRE)
[RA] CoordinatorNode recibe REQUEST de StreamServer (seq=8595)
[RA] CoordinatorNode -> REPLY a StreamServer (LIBRE)
[RA] CoordinatorNode recibe REQUEST de StreamServer (seq=8600)
[RA] CoordinatorNode -> REPLY a StreamServer (LIBRE)
[RA] CoordinatorNode recibe REQUEST de StreamServer (seq=8607)
[RA] CoordinatorNode -> REPLY a StreamServer (LIBRE)
[RA] CoordinatorNode recibe REQUEST de StreamServer (seq=8612)
[RA] CoordinatorNode -> REPLY a StreamServer (LIBRE)
[RA] CoordinatorNode recibe REQUEST de StreamServer (seq=8617)
[RA] CoordinatorNode -> REPLY a StreamServer (LIBRE)
[RA] CoordinatorNode recibe REQUEST de StreamServer (seq=8622)
[RA] CoordinatorNode -> REPLY a StreamServer (LIBRE)
[RA] CoordinatorNode recibe REQUEST de StreamServer (seq=8635)
[RA] CoordinatorNode -> REPLY a StreamServer (LIBRE)
[RA] CoordinatorNode recibe REQUEST de StreamServer (seq=8640)
[RA] CoordinatorNode -> REPLY a StreamServer (LIBRE)
[RA] CoordinatorNode recibe REQUEST de StreamServer (seq=8645)
[RA] CoordinatorNode -> REPLY a StreamServer (LIBRE)
[RA] CoordinatorNode recibe REQUEST de StreamServer (seq=8705)
[RA] CoordinatorNode -> REPLY a StreamServer (LIBRE)
[RA] CoordinatorNode recibe REQUEST de StreamServer (seq=8710)
[RA] CoordinatorNode -> REPLY a StreamServer (LIBRE)
[RA] CoordinatorNode recibe REQUEST de StreamServer (seq=8716)
[RA] CoordinatorNode -> REPLY a StreamServer (LIBRE)
[RA] CoordinatorNode recibe REQUEST de StreamServer (seq=8721)
[RA] CoordinatorNode -> REPLY a StreamServer (LIBRE)
[RA] CoordinatorNode recibe REQUEST de StreamServer (seq=8726)
[RA] CoordinatorNode -> REPLY a StreamServer (LIBRE)
[RA] CoordinatorNode recibe REQUEST de StreamServer (seq=8732)
[RA] CoordinatorNode -> REPLY a StreamServer (LIBRE)
[RA] CoordinatorNode recibe REQUEST de StreamServer (seq=8737)
[RA] CoordinatorNode -> REPLY a StreamServer (LIBRE)
[RA] CoordinatorNode recibe REQUEST de StreamServer (seq=8743)
[RA] CoordinatorNode -> REPLY a StreamServer (LIBRE)
[RA] CoordinatorNode recibe REQUEST de StreamServer (seq=8748)
[RA] CoordinatorNode -> REPLY a StreamServer (LIBRE)
[RA] CoordinatorNode recibe REQUEST de StreamServer (seq=8756)
[RA] CoordinatorNode -> REPLY a StreamServer (LIBRE)
[RA] CoordinatorNode recibe REQUEST de StreamServer (seq=8761)
[RA] CoordinatorNode -> REPLY a StreamServer (LIBRE)
[RA] CoordinatorNode recibe REQUEST de StreamServer (seq=8770)
[RA] CoordinatorNode -> REPLY a StreamServer (LIBRE)
[RA] CoordinatorNode recibe REQUEST de StreamServer (seq=8776)
[RA] CoordinatorNode -> REPLY a StreamServer (LIBRE)
[RA] CoordinatorNode recibe REQUEST de StreamServer (seq=8781)
[RA] CoordinatorNode -> REPLY a StreamServer (LIBRE)
[RA] CoordinatorNode recibe REQUEST de StreamServer (seq=8786)
[RA] CoordinatorNode -> REPLY a StreamServer (LIBRE)
[RA] CoordinatorNode recibe REQUEST de StreamServer (seq=8791)
[RA] CoordinatorNode -> REPLY a StreamServer (LIBRE)
[RA] CoordinatorNode recibe REQUEST de StreamServer (seq=8796)
[RA] CoordinatorNode -> REPLY a StreamServer (LIBRE)
[RA] CoordinatorNode recibe REQUEST de StreamServer (seq=8802)
[RA] CoordinatorNode -> REPLY a StreamServer (LIBRE)
[RA] CoordinatorNode recibe REQUEST de StreamServer (seq=8807)
[RA] CoordinatorNode -> REPLY a StreamServer (LIBRE)
[RA] CoordinatorNode recibe REQUEST de StreamServer (seq=8812)
[RA] CoordinatorNode -> REPLY a StreamServer (LIBRE)
[RA] CoordinatorNode recibe REQUEST de StreamServer (seq=8820)
[RA] CoordinatorNode -> REPLY a StreamServer (LIBRE)
[RA] CoordinatorNode recibe REQUEST de StreamServer (seq=8825)
[RA] CoordinatorNode -> REPLY a StreamServer (LIBRE)
[RA] CoordinatorNode recibe REQUEST de StreamServer (seq=8830)
[RA] CoordinatorNode -> REPLY a StreamServer (LIBRE)
[RA] CoordinatorNode recibe REQUEST de StreamServer (seq=8840)
[RA] CoordinatorNode -> REPLY a StreamServer (LIBRE)
[RA] CoordinatorNode recibe REQUEST de StreamServer (seq=8845)
[RA] CoordinatorNode -> REPLY a StreamServer (LIBRE)
[RA] CoordinatorNode recibe REQUEST de StreamServer (seq=8850)
[RA] CoordinatorNode -> REPLY a StreamServer (LIBRE)
[RA] CoordinatorNode recibe REQUEST de StreamServer (seq=8855)
[RA] CoordinatorNode -> REPLY a StreamServer (LIBRE)
[RA] CoordinatorNode recibe REQUEST de StreamServer (seq=8865)
[RA] CoordinatorNode -> REPLY a StreamServer (LIBRE)
[RA] CoordinatorNode recibe REQUEST de StreamServer (seq=8870)
[RA] CoordinatorNode -> REPLY a StreamServer (LIBRE)
[RA] CoordinatorNode recibe REQUEST de StreamServer (seq=8875)
[RA] CoordinatorNode -> REPLY a StreamServer (LIBRE)
[RA] CoordinatorNode recibe REQUEST de StreamServer (seq=8880)
[RA] CoordinatorNode -> REPLY a StreamServer (LIBRE)
[RA] CoordinatorNode recibe REQUEST de StreamServer (seq=8893)
[RA] CoordinatorNode -> REPLY a StreamServer (LIBRE)
[RA] CoordinatorNode recibe REQUEST de StreamServer (seq=8898)
[RA] CoordinatorNode -> REPLY a StreamServer (LIBRE)
[RA] CoordinatorNode recibe REQUEST de StreamServer (seq=8903)
[RA] CoordinatorNode -> REPLY a StreamServer (LIBRE)
[RA] CoordinatorNode recibe REQUEST de StreamServer (seq=8909)
[RA] CoordinatorNode -> REPLY a StreamServer (LIBRE)
[RA] CoordinatorNode recibe REQUEST de StreamServer (seq=8921)
[RA] CoordinatorNode -> REPLY a StreamServer (LIBRE)
[RA] CoordinatorNode recibe REQUEST de StreamServer (seq=8926)
[RA] CoordinatorNode -> REPLY a StreamServer (LIBRE)
[RA] CoordinatorNode recibe REQUEST de StreamServer (seq=8931)
[RA] CoordinatorNode -> REPLY a StreamServer (LIBRE)
[RA] CoordinatorNode recibe REQUEST de StreamServer (seq=8939)
[RA] CoordinatorNode -> REPLY a StreamServer (LIBRE)
[RA] CoordinatorNode recibe REQUEST de StreamServer (seq=8944)
[RA] CoordinatorNode -> REPLY a StreamServer (LIBRE)
[RA] CoordinatorNode recibe REQUEST de StreamServer (seq=8949)
[RA] CoordinatorNode -> REPLY a StreamServer (LIBRE)
[RA] CoordinatorNode recibe REQUEST de StreamServer (seq=8954)
[RA] CoordinatorNode -> REPLY a StreamServer (LIBRE)
[RA] CoordinatorNode recibe REQUEST de StreamServer (seq=8959)
[RA] CoordinatorNode -> REPLY a StreamServer (LIBRE)
[RA] CoordinatorNode recibe REQUEST de StreamServer (seq=8968)
[RA] CoordinatorNode -> REPLY a StreamServer (LIBRE)
[RA] CoordinatorNode recibe REQUEST de StreamServer (seq=8973)
[RA] CoordinatorNode -> REPLY a StreamServer (LIBRE)
[RA] CoordinatorNode recibe REQUEST de StreamServer (seq=8978)
[RA] CoordinatorNode -> REPLY a StreamServer (LIBRE)
[RA] CoordinatorNode recibe REQUEST de StreamServer (seq=8983)
[RA] CoordinatorNode -> REPLY a StreamServer (LIBRE)
[RA] CoordinatorNode recibe REQUEST de StreamServer (seq=8995)
[RA] CoordinatorNode -> REPLY a StreamServer (LIBRE)
[RA] CoordinatorNode recibe REQUEST de StreamServer (seq=9000)
[RA] CoordinatorNode -> REPLY a StreamServer (LIBRE)
[RA] CoordinatorNode recibe REQUEST de StreamServer (seq=9064)
[RA] CoordinatorNode -> REPLY a StreamServer (LIBRE)
[RA] CoordinatorNode recibe REQUEST de StreamServer (seq=9072)
[RA] CoordinatorNode -> REPLY a StreamServer (LIBRE)
[RA] CoordinatorNode recibe REQUEST de StreamServer (seq=9077)
[RA] CoordinatorNode -> REPLY a StreamServer (LIBRE)
[RA] CoordinatorNode recibe REQUEST de StreamServer (seq=9083)
[RA] CoordinatorNode -> REPLY a StreamServer (LIBRE)
[RA] CoordinatorNode recibe REQUEST de StreamServer (seq=9088)
[RA] CoordinatorNode -> REPLY a StreamServer (LIBRE)
[RA] CoordinatorNode recibe REQUEST de StreamServer (seq=9093)
[RA] CoordinatorNode -> REPLY a StreamServer (LIBRE)
[RA] CoordinatorNode recibe REQUEST de StreamServer (seq=9099)
[RA] CoordinatorNode -> REPLY a StreamServer (LIBRE)
[RA] CoordinatorNode recibe REQUEST de StreamServer (seq=9104)
[RA] CoordinatorNode -> REPLY a StreamServer (LIBRE)
[RA] CoordinatorNode recibe REQUEST de StreamServer (seq=9110)
[RA] CoordinatorNode -> REPLY a StreamServer (LIBRE)
[RA] CoordinatorNode recibe REQUEST de StreamServer (seq=9115)
[RA] CoordinatorNode -> REPLY a StreamServer (LIBRE)
[RA] CoordinatorNode recibe REQUEST de StreamServer (seq=9123)
[RA] CoordinatorNode -> REPLY a StreamServer (LIBRE)
[RA] CoordinatorNode recibe REQUEST de StreamServer (seq=9128)
[RA] CoordinatorNode -> REPLY a StreamServer (LIBRE)
[RA] CoordinatorNode recibe REQUEST de StreamServer (seq=9137)
[RA] CoordinatorNode -> REPLY a StreamServer (LIBRE)
[RA] CoordinatorNode recibe REQUEST de StreamServer (seq=9143)
[RA] CoordinatorNode -> REPLY a StreamServer (LIBRE)
[RA] CoordinatorNode recibe REQUEST de StreamServer (seq=9148)
[RA] CoordinatorNode -> REPLY a StreamServer (LIBRE)
[RA] CoordinatorNode recibe REQUEST de StreamServer (seq=9153)
[RA] CoordinatorNode -> REPLY a StreamServer (LIBRE)
[RA] CoordinatorNode recibe REQUEST de StreamServer (seq=9158)
[RA] CoordinatorNode -> REPLY a StreamServer (LIBRE)
[RA] CoordinatorNode recibe REQUEST de StreamServer (seq=9163)
[RA] CoordinatorNode -> REPLY a StreamServer (LIBRE)
[RA] CoordinatorNode recibe REQUEST de StreamServer (seq=9169)
[RA] CoordinatorNode -> REPLY a StreamServer (LIBRE)
[RA] CoordinatorNode recibe REQUEST de StreamServer (seq=9174)
[RA] CoordinatorNode -> REPLY a StreamServer (LIBRE)
[RA] CoordinatorNode recibe REQUEST de StreamServer (seq=9179)
[RA] CoordinatorNode -> REPLY a StreamServer (LIBRE)
[RA] CoordinatorNode recibe REQUEST de StreamServer (seq=9187)
[RA] CoordinatorNode -> REPLY a StreamServer (LIBRE)
[RA] CoordinatorNode recibe REQUEST de StreamServer (seq=9192)
[RA] CoordinatorNode -> REPLY a StreamServer (LIBRE)
[RA] CoordinatorNode recibe REQUEST de StreamServer (seq=9197)
[RA] CoordinatorNode -> REPLY a StreamServer (LIBRE)
[RA] CoordinatorNode recibe REQUEST de StreamServer (seq=9207)
[RA] CoordinatorNode -> REPLY a StreamServer (LIBRE)
[RA] CoordinatorNode recibe REQUEST de StreamServer (seq=9212)
[RA] CoordinatorNode -> REPLY a StreamServer (LIBRE)
[RA] CoordinatorNode recibe REQUEST de StreamServer (seq=9217)
[RA] CoordinatorNode -> REPLY a StreamServer (LIBRE)
[RA] CoordinatorNode recibe REQUEST de StreamServer (seq=9227)
[RA] CoordinatorNode -> REPLY a StreamServer (LIBRE)
[RA] CoordinatorNode recibe REQUEST de StreamServer (seq=9232)
[RA] CoordinatorNode -> REPLY a StreamServer (LIBRE)
[RA] CoordinatorNode recibe REQUEST de StreamServer (seq=9237)
[RA] CoordinatorNode -> REPLY a StreamServer (LIBRE)
[RA] CoordinatorNode recibe REQUEST de StreamServer (seq=9242)
[RA] CoordinatorNode -> REPLY a StreamServer (LIBRE)
[RA] CoordinatorNode recibe REQUEST de StreamServer (seq=9247)
[RA] CoordinatorNode -> REPLY a StreamServer (LIBRE)
[RA] CoordinatorNode recibe REQUEST de StreamServer (seq=9260)
[RA] CoordinatorNode -> REPLY a StreamServer (LIBRE)
[RA] CoordinatorNode recibe REQUEST de StreamServer (seq=9265)
[RA] CoordinatorNode -> REPLY a StreamServer (LIBRE)
[RA] CoordinatorNode recibe REQUEST de StreamServer (seq=9270)
[RA] CoordinatorNode -> REPLY a StreamServer (LIBRE)
[RA] CoordinatorNode recibe REQUEST de StreamServer (seq=9276)
[RA] CoordinatorNode -> REPLY a StreamServer (LIBRE)
[RA] CoordinatorNode recibe REQUEST de StreamServer (seq=9288)
[RA] CoordinatorNode -> REPLY a StreamServer (LIBRE)
[RA] CoordinatorNode recibe REQUEST de StreamServer (seq=9293)
[RA] CoordinatorNode -> REPLY a StreamServer (LIBRE)
[RA] CoordinatorNode recibe REQUEST de StreamServer (seq=9298)
[RA] CoordinatorNode -> REPLY a StreamServer (LIBRE)
[RA] CoordinatorNode recibe REQUEST de StreamServer (seq=9306)
[RA] CoordinatorNode -> REPLY a StreamServer (LIBRE)
[RA] CoordinatorNode recibe REQUEST de StreamServer (seq=9311)
[RA] CoordinatorNode -> REPLY a StreamServer (LIBRE)
[RA] CoordinatorNode recibe REQUEST de StreamServer (seq=9316)
[RA] CoordinatorNode -> REPLY a StreamServer (LIBRE)
[RA] CoordinatorNode recibe REQUEST de StreamServer (seq=9321)
[RA] CoordinatorNode -> REPLY a StreamServer (LIBRE)
[RA] CoordinatorNode recibe REQUEST de StreamServer (seq=9326)
[RA] CoordinatorNode -> REPLY a StreamServer (LIBRE)
[RA] CoordinatorNode recibe REQUEST de StreamServer (seq=9335)
[RA] CoordinatorNode -> REPLY a StreamServer (LIBRE)
[RA] CoordinatorNode recibe REQUEST de StreamServer (seq=9340)
[RA] CoordinatorNode -> REPLY a StreamServer (LIBRE)
[RA] CoordinatorNode recibe REQUEST de StreamServer (seq=9345)
[RA] CoordinatorNode -> REPLY a StreamServer (LIBRE)
[RA] CoordinatorNode recibe REQUEST de StreamServer (seq=9350)
[RA] CoordinatorNode -> REPLY a StreamServer (LIBRE)
[RA] CoordinatorNode recibe REQUEST de StreamServer (seq=9360)
[RA] CoordinatorNode -> REPLY a StreamServer (LIBRE)
[RA] CoordinatorNode recibe REQUEST de StreamServer (seq=9365)
[RA] CoordinatorNode -> REPLY a StreamServer (LIBRE)
[RA] CoordinatorNode recibe REQUEST de StreamServer (seq=9370)
[RA] CoordinatorNode -> REPLY a StreamServer (LIBRE)
[RA] CoordinatorNode recibe REQUEST de StreamServer (seq=9435)
[RA] CoordinatorNode -> REPLY a StreamServer (LIBRE)
[RA] CoordinatorNode recibe REQUEST de StreamServer (seq=9440)
[RA] CoordinatorNode -> REPLY a StreamServer (LIBRE)
[RA] CoordinatorNode recibe REQUEST de StreamServer (seq=9446)
[RA] CoordinatorNode -> REPLY a StreamServer (LIBRE)
[RA] CoordinatorNode recibe REQUEST de StreamServer (seq=9451)
[RA] CoordinatorNode -> REPLY a StreamServer (LIBRE)
[RA] CoordinatorNode recibe REQUEST de StreamServer (seq=9456)
[RA] CoordinatorNode -> REPLY a StreamServer (LIBRE)
[RA] CoordinatorNode recibe REQUEST de StreamServer (seq=9462)
[RA] CoordinatorNode -> REPLY a StreamServer (LIBRE)
[RA] CoordinatorNode recibe REQUEST de StreamServer (seq=9467)
[RA] CoordinatorNode -> REPLY a StreamServer (LIBRE)
[RA] CoordinatorNode recibe REQUEST de StreamServer (seq=9473)
[RA] CoordinatorNode -> REPLY a StreamServer (LIBRE)
[RA] CoordinatorNode recibe REQUEST de StreamServer (seq=9478)
[RA] CoordinatorNode -> REPLY a StreamServer (LIBRE)
[RA] CoordinatorNode recibe REQUEST de StreamServer (seq=9486)
[RA] CoordinatorNode -> REPLY a StreamServer (LIBRE)
[RA] CoordinatorNode recibe REQUEST de StreamServer (seq=9491)
[RA] CoordinatorNode -> REPLY a StreamServer (LIBRE)
[RA] CoordinatorNode recibe REQUEST de StreamServer (seq=9500)
[RA] CoordinatorNode -> REPLY a StreamServer (LIBRE)
[RA] CoordinatorNode recibe REQUEST de StreamServer (seq=9506)
[RA] CoordinatorNode -> REPLY a StreamServer (LIBRE)
[RA] CoordinatorNode recibe REQUEST de StreamServer (seq=9511)
[RA] CoordinatorNode -> REPLY a StreamServer (LIBRE)
[RA] CoordinatorNode recibe REQUEST de StreamServer (seq=9516)
[RA] CoordinatorNode -> REPLY a StreamServer (LIBRE)
[RA] CoordinatorNode recibe REQUEST de StreamServer (seq=9521)
[RA] CoordinatorNode -> REPLY a StreamServer (LIBRE)
[RA] CoordinatorNode recibe REQUEST de StreamServer (seq=9526)
[RA] CoordinatorNode -> REPLY a StreamServer (LIBRE)
[RA] CoordinatorNode recibe REQUEST de StreamServer (seq=9532)
[RA] CoordinatorNode -> REPLY a StreamServer (LIBRE)
[RA] CoordinatorNode recibe REQUEST de StreamServer (seq=9537)
[RA] CoordinatorNode -> REPLY a StreamServer (LIBRE)
[RA] CoordinatorNode recibe REQUEST de StreamServer (seq=9542)
[RA] CoordinatorNode -> REPLY a StreamServer (LIBRE)
[RA] CoordinatorNode recibe REQUEST de StreamServer (seq=9550)
[RA] CoordinatorNode -> REPLY a StreamServer (LIBRE)
[RA] CoordinatorNode recibe REQUEST de StreamServer (seq=9555)
[RA] CoordinatorNode -> REPLY a StreamServer (LIBRE)
[RA] CoordinatorNode recibe REQUEST de StreamServer (seq=9560)
[RA] CoordinatorNode -> REPLY a StreamServer (LIBRE)
[RA] CoordinatorNode recibe REQUEST de StreamServer (seq=9573)
[RA] CoordinatorNode -> REPLY a StreamServer (LIBRE)
[RA] CoordinatorNode recibe REQUEST de StreamServer (seq=9578)
[RA] CoordinatorNode -> REPLY a StreamServer (LIBRE)
[RA] CoordinatorNode recibe REQUEST de StreamServer (seq=9583)
[RA] CoordinatorNode -> REPLY a StreamServer (LIBRE)
[RA] CoordinatorNode recibe REQUEST de StreamServer (seq=9590)
[RA] CoordinatorNode -> REPLY a StreamServer (LIBRE)
[RA] CoordinatorNode recibe REQUEST de StreamServer (seq=9595)
[RA] CoordinatorNode -> REPLY a StreamServer (LIBRE)
[RA] CoordinatorNode recibe REQUEST de StreamServer (seq=9600)
[RA] CoordinatorNode -> REPLY a StreamServer (LIBRE)
[RA] CoordinatorNode recibe REQUEST de StreamServer (seq=9605)
[RA] CoordinatorNode -> REPLY a StreamServer (LIBRE)
[RA] CoordinatorNode recibe REQUEST de StreamServer (seq=9610)
[RA] CoordinatorNode -> REPLY a StreamServer (LIBRE)
[RA] CoordinatorNode recibe REQUEST de StreamServer (seq=9615)
[RA] CoordinatorNode -> REPLY a StreamServer (LIBRE)
[RA] CoordinatorNode recibe REQUEST de StreamServer (seq=9620)
[RA] CoordinatorNode -> REPLY a StreamServer (LIBRE)
[RA] CoordinatorNode recibe REQUEST de StreamServer (seq=9625)
[RA] CoordinatorNode -> REPLY a StreamServer (LIBRE)
[RA] CoordinatorNode recibe REQUEST de StreamServer (seq=9638)
[RA] CoordinatorNode -> REPLY a StreamServer (LIBRE)
[RA] CoordinatorNode recibe REQUEST de StreamServer (seq=9650)
[RA] CoordinatorNode -> REPLY a StreamServer (LIBRE)
[RA] CoordinatorNode recibe REQUEST de StreamServer (seq=9655)
[RA] CoordinatorNode -> REPLY a StreamServer (LIBRE)
[RA] CoordinatorNode recibe REQUEST de StreamServer (seq=9660)
[RA] CoordinatorNode -> REPLY a StreamServer (LIBRE)
[RA] CoordinatorNode recibe REQUEST de StreamServer (seq=9668)
[RA] CoordinatorNode -> REPLY a StreamServer (LIBRE)
[RA] CoordinatorNode recibe REQUEST de StreamServer (seq=9673)
[RA] CoordinatorNode -> REPLY a StreamServer (LIBRE)
[RA] CoordinatorNode recibe REQUEST de StreamServer (seq=9678)
[RA] CoordinatorNode -> REPLY a StreamServer (LIBRE)
[RA] CoordinatorNode recibe REQUEST de StreamServer (seq=9683)
[RA] CoordinatorNode -> REPLY a StreamServer (LIBRE)
[RA] CoordinatorNode recibe REQUEST de StreamServer (seq=9688)
[RA] CoordinatorNode -> REPLY a StreamServer (LIBRE)
[RA] CoordinatorNode recibe REQUEST de StreamServer (seq=9697)
[RA] CoordinatorNode -> REPLY a StreamServer (LIBRE)
[RA] CoordinatorNode recibe REQUEST de StreamServer (seq=9702)
[RA] CoordinatorNode -> REPLY a StreamServer (LIBRE)
[RA] CoordinatorNode recibe REQUEST de StreamServer (seq=9707)
[RA] CoordinatorNode -> REPLY a StreamServer (LIBRE)
[RA] CoordinatorNode recibe REQUEST de StreamServer (seq=9712)
[RA] CoordinatorNode -> REPLY a StreamServer (LIBRE)
[RA] CoordinatorNode recibe REQUEST de StreamServer (seq=9721)
[RA] CoordinatorNode -> REPLY a StreamServer (LIBRE)
[RA] CoordinatorNode recibe REQUEST de StreamServer (seq=9726)
[RA] CoordinatorNode -> REPLY a StreamServer (LIBRE)
[CoordinatorNode] Nodo registrado: ChatServer (localhost:6001) | membresia=[ChatServer, CoordinatorNode, StreamServer]
[CoordinatorNode] Nodo registrado: StreamServer (localhost:5001) | membresia=[ChatServer, CoordinatorNode, StreamServer]
[RA] CoordinatorNode recibe REQUEST de StreamServer (seq=9732)
[RA] CoordinatorNode -> REPLY a StreamServer (LIBRE)
[RA] CoordinatorNode recibe REQUEST de StreamServer (seq=9800)
[RA] CoordinatorNode -> REPLY a StreamServer (LIBRE)
[RA] CoordinatorNode recibe REQUEST de StreamServer (seq=9805)
[RA] CoordinatorNode -> REPLY a StreamServer (LIBRE)
[RA] CoordinatorNode recibe REQUEST de StreamServer (seq=9811)
[RA] CoordinatorNode -> REPLY a StreamServer (LIBRE)
[RA] CoordinatorNode recibe REQUEST de StreamServer (seq=9816)
[RA] CoordinatorNode -> REPLY a StreamServer (LIBRE)
[RA] CoordinatorNode recibe REQUEST de StreamServer (seq=9821)
[RA] CoordinatorNode -> REPLY a StreamServer (LIBRE)
[RA] CoordinatorNode recibe REQUEST de StreamServer (seq=9827)
[RA] CoordinatorNode -> REPLY a StreamServer (LIBRE)
[RA] CoordinatorNode recibe REQUEST de StreamServer (seq=9838)
[RA] CoordinatorNode -> REPLY a StreamServer (LIBRE)
[RA] CoordinatorNode recibe REQUEST de StreamServer (seq=9843)
[RA] CoordinatorNode -> REPLY a StreamServer (LIBRE)
[RA] CoordinatorNode recibe REQUEST de StreamServer (seq=9848)
[RA] CoordinatorNode -> REPLY a StreamServer (LIBRE)
[RA] CoordinatorNode recibe REQUEST de StreamServer (seq=9854)
[RA] CoordinatorNode -> REPLY a StreamServer (LIBRE)
[RA] CoordinatorNode recibe REQUEST de StreamServer (seq=9859)
[RA] CoordinatorNode -> REPLY a StreamServer (LIBRE)
[RA] CoordinatorNode recibe REQUEST de StreamServer (seq=9864)
[RA] CoordinatorNode -> REPLY a StreamServer (LIBRE)
[RA] CoordinatorNode recibe REQUEST de StreamServer (seq=9875)
[RA] CoordinatorNode -> REPLY a StreamServer (LIBRE)
[RA] CoordinatorNode recibe REQUEST de StreamServer (seq=9880)
[RA] CoordinatorNode -> REPLY a StreamServer (LIBRE)
[RA] CoordinatorNode recibe REQUEST de StreamServer (seq=9885)
[RA] CoordinatorNode -> REPLY a StreamServer (LIBRE)
[RA] CoordinatorNode recibe REQUEST de StreamServer (seq=9890)
[RA] CoordinatorNode -> REPLY a StreamServer (LIBRE)
[RA] CoordinatorNode recibe REQUEST de StreamServer (seq=9896)
[RA] CoordinatorNode -> REPLY a StreamServer (LIBRE)
[RA] CoordinatorNode recibe REQUEST de StreamServer (seq=9902)
[RA] CoordinatorNode -> REPLY a StreamServer (LIBRE)
[RA] CoordinatorNode recibe REQUEST de StreamServer (seq=9907)
[RA] CoordinatorNode -> REPLY a StreamServer (LIBRE)
[RA] CoordinatorNode recibe REQUEST de StreamServer (seq=9912)
[RA] CoordinatorNode -> REPLY a StreamServer (LIBRE)
[RA] CoordinatorNode recibe REQUEST de StreamServer (seq=9917)
[RA] CoordinatorNode -> REPLY a StreamServer (LIBRE)
[RA] CoordinatorNode recibe REQUEST de StreamServer (seq=9922)
[RA] CoordinatorNode -> REPLY a StreamServer (LIBRE)
[RA] CoordinatorNode recibe REQUEST de StreamServer (seq=9928)
[RA] CoordinatorNode -> REPLY a StreamServer (LIBRE)
[RA] CoordinatorNode recibe REQUEST de StreamServer (seq=9937)
[RA] CoordinatorNode -> REPLY a StreamServer (LIBRE)
[RA] CoordinatorNode recibe REQUEST de StreamServer (seq=9942)
[RA] CoordinatorNode -> REPLY a StreamServer (LIBRE)
[RA] CoordinatorNode recibe REQUEST de StreamServer (seq=9947)
[RA] CoordinatorNode -> REPLY a StreamServer (LIBRE)
[RA] CoordinatorNode recibe REQUEST de StreamServer (seq=9962)
[RA] CoordinatorNode -> REPLY a StreamServer (LIBRE)
[RA] CoordinatorNode recibe REQUEST de StreamServer (seq=9967)
[RA] CoordinatorNode -> REPLY a StreamServer (LIBRE)
[RA] CoordinatorNode recibe REQUEST de StreamServer (seq=9974)
[RA] CoordinatorNode -> REPLY a StreamServer (LIBRE)
[RA] CoordinatorNode recibe REQUEST de StreamServer (seq=9979)
[RA] CoordinatorNode -> REPLY a StreamServer (LIBRE)
[RA] CoordinatorNode recibe REQUEST de StreamServer (seq=9984)
[RA] CoordinatorNode -> REPLY a StreamServer (LIBRE)
[RA] CoordinatorNode recibe REQUEST de StreamServer (seq=9989)
[RA] CoordinatorNode -> REPLY a StreamServer (LIBRE)
[RA] CoordinatorNode recibe REQUEST de StreamServer (seq=9994)
[RA] CoordinatorNode -> REPLY a StreamServer (LIBRE)
[RA] CoordinatorNode recibe REQUEST de StreamServer (seq=9999)
[RA] CoordinatorNode -> REPLY a StreamServer (LIBRE)
[RA] CoordinatorNode recibe REQUEST de StreamServer (seq=10005)
[RA] CoordinatorNode -> REPLY a StreamServer (LIBRE)
[RA] CoordinatorNode recibe REQUEST de StreamServer (seq=10017)
[RA] CoordinatorNode -> REPLY a StreamServer (LIBRE)
[RA] CoordinatorNode recibe REQUEST de StreamServer (seq=10022)
[RA] CoordinatorNode -> REPLY a StreamServer (LIBRE)
[RA] CoordinatorNode recibe REQUEST de StreamServer (seq=10027)
[RA] CoordinatorNode -> REPLY a StreamServer (LIBRE)
[RA] CoordinatorNode recibe REQUEST de StreamServer (seq=10039)
[RA] CoordinatorNode -> REPLY a StreamServer (LIBRE)
[RA] CoordinatorNode recibe REQUEST de StreamServer (seq=10044)
[RA] CoordinatorNode -> REPLY a StreamServer (LIBRE)
[RA] CoordinatorNode recibe REQUEST de StreamServer (seq=10049)
[RA] CoordinatorNode -> REPLY a StreamServer (LIBRE)
[RA] CoordinatorNode recibe REQUEST de StreamServer (seq=10054)
[RA] CoordinatorNode -> REPLY a StreamServer (LIBRE)
[RA] CoordinatorNode recibe REQUEST de StreamServer (seq=10059)
[RA] CoordinatorNode -> REPLY a StreamServer (LIBRE)
[RA] CoordinatorNode recibe REQUEST de StreamServer (seq=10064)
[RA] CoordinatorNode -> REPLY a StreamServer (LIBRE)
[RA] CoordinatorNode recibe REQUEST de StreamServer (seq=10069)
[RA] CoordinatorNode -> REPLY a StreamServer (LIBRE)
[RA] CoordinatorNode recibe REQUEST de StreamServer (seq=10074)
[RA] CoordinatorNode -> REPLY a StreamServer (LIBRE)
[RA] CoordinatorNode recibe REQUEST de StreamServer (seq=10080)
[RA] CoordinatorNode -> REPLY a StreamServer (LIBRE)
[RA] CoordinatorNode recibe REQUEST de StreamServer (seq=10090)
[RA] CoordinatorNode -> REPLY a StreamServer (LIBRE)
[RA] CoordinatorNode recibe REQUEST de StreamServer (seq=10095)
[RA] CoordinatorNode -> REPLY a StreamServer (LIBRE)
[RA] CoordinatorNode recibe REQUEST de StreamServer (seq=10100)
[RA] CoordinatorNode -> REPLY a StreamServer (LIBRE)
[RA] CoordinatorNode recibe REQUEST de StreamServer (seq=10162)
[RA] CoordinatorNode -> REPLY a StreamServer (LIBRE)
[RA] CoordinatorNode recibe REQUEST de StreamServer (seq=10167)
[RA] CoordinatorNode -> REPLY a StreamServer (LIBRE)
[RA] CoordinatorNode recibe REQUEST de StreamServer (seq=10173)
[RA] CoordinatorNode -> REPLY a StreamServer (LIBRE)
[RA] CoordinatorNode recibe REQUEST de StreamServer (seq=10178)
[RA] CoordinatorNode -> REPLY a StreamServer (LIBRE)
[RA] CoordinatorNode recibe REQUEST de StreamServer (seq=10183)
[RA] CoordinatorNode -> REPLY a StreamServer (LIBRE)
[RA] CoordinatorNode recibe REQUEST de StreamServer (seq=10189)
[RA] CoordinatorNode -> REPLY a StreamServer (LIBRE)
[RA] CoordinatorNode recibe REQUEST de StreamServer (seq=10194)
[RA] CoordinatorNode -> REPLY a StreamServer (LIBRE)
[RA] CoordinatorNode recibe REQUEST de StreamServer (seq=10200)
[RA] CoordinatorNode -> REPLY a StreamServer (LIBRE)
[RA] CoordinatorNode recibe REQUEST de StreamServer (seq=10205)
[RA] CoordinatorNode -> REPLY a StreamServer (LIBRE)
[RA] CoordinatorNode recibe REQUEST de StreamServer (seq=10213)
[RA] CoordinatorNode -> REPLY a StreamServer (LIBRE)
[RA] CoordinatorNode recibe REQUEST de StreamServer (seq=10218)
[RA] CoordinatorNode -> REPLY a StreamServer (LIBRE)
[RA] CoordinatorNode recibe REQUEST de StreamServer (seq=10223)
[RA] CoordinatorNode -> REPLY a StreamServer (LIBRE)
[RA] CoordinatorNode recibe REQUEST de StreamServer (seq=10234)
[RA] CoordinatorNode -> REPLY a StreamServer (LIBRE)
[RA] CoordinatorNode recibe REQUEST de StreamServer (seq=10239)
[RA] CoordinatorNode -> REPLY a StreamServer (LIBRE)
[RA] CoordinatorNode recibe REQUEST de StreamServer (seq=10244)
[RA] CoordinatorNode -> REPLY a StreamServer (LIBRE)
[RA] CoordinatorNode recibe REQUEST de StreamServer (seq=10249)
[RA] CoordinatorNode -> REPLY a StreamServer (LIBRE)
[RA] CoordinatorNode recibe REQUEST de StreamServer (seq=10255)
[RA] CoordinatorNode -> REPLY a StreamServer (LIBRE)
[RA] CoordinatorNode recibe REQUEST de StreamServer (seq=10261)
[RA] CoordinatorNode -> REPLY a StreamServer (LIBRE)
[RA] CoordinatorNode recibe REQUEST de StreamServer (seq=10266)
[RA] CoordinatorNode -> REPLY a StreamServer (LIBRE)
[RA] CoordinatorNode recibe REQUEST de StreamServer (seq=10271)
[RA] CoordinatorNode -> REPLY a StreamServer (LIBRE)
[RA] CoordinatorNode recibe REQUEST de StreamServer (seq=10276)
[RA] CoordinatorNode -> REPLY a StreamServer (LIBRE)
[RA] CoordinatorNode recibe REQUEST de StreamServer (seq=10281)
[RA] CoordinatorNode -> REPLY a StreamServer (LIBRE)
[RA] CoordinatorNode recibe REQUEST de StreamServer (seq=10292)
[RA] CoordinatorNode -> REPLY a StreamServer (LIBRE)
[RA] CoordinatorNode recibe REQUEST de StreamServer (seq=10299)
[RA] CoordinatorNode -> REPLY a StreamServer (LIBRE)
[RA] CoordinatorNode recibe REQUEST de StreamServer (seq=10304)
[RA] CoordinatorNode -> REPLY a StreamServer (LIBRE)
[RA] CoordinatorNode recibe REQUEST de StreamServer (seq=10309)
[RA] CoordinatorNode -> REPLY a StreamServer (LIBRE)
[RA] CoordinatorNode recibe REQUEST de StreamServer (seq=10321)
[RA] CoordinatorNode -> REPLY a StreamServer (LIBRE)
[RA] CoordinatorNode recibe REQUEST de StreamServer (seq=10326)
[RA] CoordinatorNode -> REPLY a StreamServer (LIBRE)
[RA] CoordinatorNode recibe REQUEST de StreamServer (seq=10333)
[RA] CoordinatorNode -> REPLY a StreamServer (LIBRE)
[RA] CoordinatorNode recibe REQUEST de StreamServer (seq=10338)
[RA] CoordinatorNode -> REPLY a StreamServer (LIBRE)
[RA] CoordinatorNode recibe REQUEST de StreamServer (seq=10343)
[RA] CoordinatorNode -> REPLY a StreamServer (LIBRE)
[RA] CoordinatorNode recibe REQUEST de StreamServer (seq=10348)
[RA] CoordinatorNode -> REPLY a StreamServer (LIBRE)
[RA] CoordinatorNode recibe REQUEST de StreamServer (seq=10353)
[RA] CoordinatorNode -> REPLY a StreamServer (LIBRE)
[RA] CoordinatorNode recibe REQUEST de StreamServer (seq=10358)
[RA] CoordinatorNode -> REPLY a StreamServer (LIBRE)
[RA] CoordinatorNode recibe REQUEST de StreamServer (seq=10366)
[RA] CoordinatorNode -> REPLY a StreamServer (LIBRE)
[RA] CoordinatorNode recibe REQUEST de StreamServer (seq=10375)
[RA] CoordinatorNode -> REPLY a StreamServer (LIBRE)
[RA] CoordinatorNode recibe REQUEST de StreamServer (seq=10380)
[RA] CoordinatorNode -> REPLY a StreamServer (LIBRE)
[RA] CoordinatorNode recibe REQUEST de StreamServer (seq=10385)
[RA] CoordinatorNode -> REPLY a StreamServer (LIBRE)
[RA] CoordinatorNode recibe REQUEST de StreamServer (seq=10398)
[RA] CoordinatorNode -> REPLY a StreamServer (LIBRE)
[RA] CoordinatorNode recibe REQUEST de StreamServer (seq=10403)
[RA] CoordinatorNode -> REPLY a StreamServer (LIBRE)
[RA] CoordinatorNode recibe REQUEST de StreamServer (seq=10408)
[RA] CoordinatorNode -> REPLY a StreamServer (LIBRE)
[RA] CoordinatorNode recibe REQUEST de StreamServer (seq=10413)
[RA] CoordinatorNode -> REPLY a StreamServer (LIBRE)
[RA] CoordinatorNode recibe REQUEST de StreamServer (seq=10418)
[RA] CoordinatorNode -> REPLY a StreamServer (LIBRE)
[RA] CoordinatorNode recibe REQUEST de StreamServer (seq=10423)
[RA] CoordinatorNode -> REPLY a StreamServer (LIBRE)
[RA] CoordinatorNode recibe REQUEST de StreamServer (seq=10428)
[RA] CoordinatorNode -> REPLY a StreamServer (LIBRE)
[RA] CoordinatorNode recibe REQUEST de StreamServer (seq=10433)
[RA] CoordinatorNode -> REPLY a StreamServer (LIBRE)
[RA] CoordinatorNode recibe REQUEST de StreamServer (seq=10438)
[RA] CoordinatorNode -> REPLY a StreamServer (LIBRE)
[RA] CoordinatorNode recibe REQUEST de StreamServer (seq=10450)
[RA] CoordinatorNode -> REPLY a StreamServer (LIBRE)
[RA] CoordinatorNode recibe REQUEST de StreamServer (seq=10455)
[RA] CoordinatorNode -> REPLY a StreamServer (LIBRE)
[RA] CoordinatorNode recibe REQUEST de StreamServer (seq=10460)
[RA] CoordinatorNode -> REPLY a StreamServer (LIBRE)
[RA] CoordinatorNode recibe REQUEST de StreamServer (seq=10522)
[RA] CoordinatorNode -> REPLY a StreamServer (LIBRE)
[RA] CoordinatorNode recibe REQUEST de StreamServer (seq=10527)
[RA] CoordinatorNode -> REPLY a StreamServer (LIBRE)
[RA] CoordinatorNode recibe REQUEST de StreamServer (seq=10533)
[RA] CoordinatorNode -> REPLY a StreamServer (LIBRE)
[RA] CoordinatorNode recibe REQUEST de StreamServer (seq=10538)
[RA] CoordinatorNode -> REPLY a StreamServer (LIBRE)
[RA] CoordinatorNode recibe REQUEST de StreamServer (seq=10543)
[RA] CoordinatorNode -> REPLY a StreamServer (LIBRE)
[RA] CoordinatorNode recibe REQUEST de StreamServer (seq=10549)
[RA] CoordinatorNode -> REPLY a StreamServer (LIBRE)
[RA] CoordinatorNode recibe REQUEST de StreamServer (seq=10554)
[RA] CoordinatorNode -> REPLY a StreamServer (LIBRE)
[RA] CoordinatorNode recibe REQUEST de StreamServer (seq=10560)
[RA] CoordinatorNode -> REPLY a StreamServer (LIBRE)
[RA] CoordinatorNode recibe REQUEST de StreamServer (seq=10565)
[RA] CoordinatorNode -> REPLY a StreamServer (LIBRE)
[RA] CoordinatorNode recibe REQUEST de StreamServer (seq=10571)
[RA] CoordinatorNode -> REPLY a StreamServer (LIBRE)
[RA] CoordinatorNode recibe REQUEST de StreamServer (seq=10576)
[RA] CoordinatorNode -> REPLY a StreamServer (LIBRE)
[RA] CoordinatorNode recibe REQUEST de StreamServer (seq=10581)
[RA] CoordinatorNode -> REPLY a StreamServer (LIBRE)
[RA] CoordinatorNode recibe REQUEST de StreamServer (seq=10594)
[RA] CoordinatorNode -> REPLY a StreamServer (LIBRE)
[RA] CoordinatorNode recibe REQUEST de StreamServer (seq=10599)
[RA] CoordinatorNode -> REPLY a StreamServer (LIBRE)
[RA] CoordinatorNode recibe REQUEST de StreamServer (seq=10604)
[RA] CoordinatorNode -> REPLY a StreamServer (LIBRE)
[RA] CoordinatorNode recibe REQUEST de StreamServer (seq=10609)
[RA] CoordinatorNode -> REPLY a StreamServer (LIBRE)
[RA] CoordinatorNode recibe REQUEST de StreamServer (seq=10615)
[RA] CoordinatorNode -> REPLY a StreamServer (LIBRE)
[RA] CoordinatorNode recibe REQUEST de StreamServer (seq=10620)
[RA] CoordinatorNode -> REPLY a StreamServer (LIBRE)
[RA] CoordinatorNode recibe REQUEST de StreamServer (seq=10625)
[RA] CoordinatorNode -> REPLY a StreamServer (LIBRE)
[RA] CoordinatorNode recibe REQUEST de StreamServer (seq=10630)
[RA] CoordinatorNode -> REPLY a StreamServer (LIBRE)
[RA] CoordinatorNode recibe REQUEST de StreamServer (seq=10635)
[RA] CoordinatorNode -> REPLY a StreamServer (LIBRE)
[RA] CoordinatorNode recibe REQUEST de StreamServer (seq=10640)
[RA] CoordinatorNode -> REPLY a StreamServer (LIBRE)
[RA] CoordinatorNode recibe REQUEST de StreamServer (seq=10649)
[RA] CoordinatorNode -> REPLY a StreamServer (LIBRE)
[RA] CoordinatorNode recibe REQUEST de StreamServer (seq=10657)
[RA] CoordinatorNode -> REPLY a StreamServer (LIBRE)
[RA] CoordinatorNode recibe REQUEST de StreamServer (seq=10662)
[RA] CoordinatorNode -> REPLY a StreamServer (LIBRE)
[RA] CoordinatorNode recibe REQUEST de StreamServer (seq=10669)
[RA] CoordinatorNode -> REPLY a StreamServer (LIBRE)
[RA] CoordinatorNode recibe REQUEST de StreamServer (seq=10681)
[RA] CoordinatorNode -> REPLY a StreamServer (LIBRE)
[RA] CoordinatorNode recibe REQUEST de StreamServer (seq=10686)
[RA] CoordinatorNode -> REPLY a StreamServer (LIBRE)
[RA] CoordinatorNode recibe REQUEST de StreamServer (seq=10691)
[RA] CoordinatorNode -> REPLY a StreamServer (LIBRE)
[RA] CoordinatorNode recibe REQUEST de StreamServer (seq=10696)
[RA] CoordinatorNode -> REPLY a StreamServer (LIBRE)
[RA] CoordinatorNode recibe REQUEST de StreamServer (seq=10701)
[RA] CoordinatorNode -> REPLY a StreamServer (LIBRE)
[RA] CoordinatorNode recibe REQUEST de StreamServer (seq=10706)
[RA] CoordinatorNode -> REPLY a StreamServer (LIBRE)
[RA] CoordinatorNode recibe REQUEST de StreamServer (seq=10714)
[RA] CoordinatorNode -> REPLY a StreamServer (LIBRE)
[RA] CoordinatorNode recibe REQUEST de StreamServer (seq=10719)
[RA] CoordinatorNode -> REPLY a StreamServer (LIBRE)
[RA] CoordinatorNode recibe REQUEST de StreamServer (seq=10726)
[RA] CoordinatorNode -> REPLY a StreamServer (LIBRE)
[RA] CoordinatorNode recibe REQUEST de StreamServer (seq=10736)
[RA] CoordinatorNode -> REPLY a StreamServer (LIBRE)
[RA] CoordinatorNode recibe REQUEST de StreamServer (seq=10741)
[RA] CoordinatorNode -> REPLY a StreamServer (LIBRE)
[RA] CoordinatorNode recibe REQUEST de StreamServer (seq=10746)
[RA] CoordinatorNode -> REPLY a StreamServer (LIBRE)
[RA] CoordinatorNode recibe REQUEST de StreamServer (seq=10759)
[RA] CoordinatorNode -> REPLY a StreamServer (LIBRE)
[RA] CoordinatorNode recibe REQUEST de StreamServer (seq=10764)
[RA] CoordinatorNode -> REPLY a StreamServer (LIBRE)
[RA] CoordinatorNode recibe REQUEST de StreamServer (seq=10770)
[RA] CoordinatorNode -> REPLY a StreamServer (LIBRE)
[RA] CoordinatorNode recibe REQUEST de StreamServer (seq=10775)
[RA] CoordinatorNode -> REPLY a StreamServer (LIBRE)
[RA] CoordinatorNode recibe REQUEST de StreamServer (seq=10780)
[RA] CoordinatorNode -> REPLY a StreamServer (LIBRE)
[RA] CoordinatorNode recibe REQUEST de StreamServer (seq=10785)
[RA] CoordinatorNode -> REPLY a StreamServer (LIBRE)
[RA] CoordinatorNode recibe REQUEST de StreamServer (seq=10791)
[RA] CoordinatorNode -> REPLY a StreamServer (LIBRE)
[RA] CoordinatorNode recibe REQUEST de StreamServer (seq=10796)
[RA] CoordinatorNode -> REPLY a StreamServer (LIBRE)
[RA] CoordinatorNode recibe REQUEST de StreamServer (seq=10801)
[RA] CoordinatorNode -> REPLY a StreamServer (LIBRE)
[RA] CoordinatorNode recibe REQUEST de StreamServer (seq=10806)
[RA] CoordinatorNode -> REPLY a StreamServer (LIBRE)
[RA] CoordinatorNode recibe REQUEST de StreamServer (seq=10811)
[RA] CoordinatorNode -> REPLY a StreamServer (LIBRE)
[RA] CoordinatorNode recibe REQUEST de StreamServer (seq=10834)
[RA] CoordinatorNode -> REPLY a StreamServer (LIBRE)
[RA] CoordinatorNode recibe REQUEST de StreamServer (seq=10887)
[RA] CoordinatorNode -> REPLY a StreamServer (LIBRE)
[RA] CoordinatorNode recibe REQUEST de StreamServer (seq=10892)
[RA] CoordinatorNode -> REPLY a StreamServer (LIBRE)
[RA] CoordinatorNode recibe REQUEST de StreamServer (seq=10898)
[RA] CoordinatorNode -> REPLY a StreamServer (LIBRE)
[RA] CoordinatorNode recibe REQUEST de StreamServer (seq=10903)
[RA] CoordinatorNode -> REPLY a StreamServer (LIBRE)
[RA] CoordinatorNode recibe REQUEST de StreamServer (seq=10908)
[RA] CoordinatorNode -> REPLY a StreamServer (LIBRE)
[RA] CoordinatorNode recibe REQUEST de StreamServer (seq=10914)
[RA] CoordinatorNode -> REPLY a StreamServer (LIBRE)
[RA] CoordinatorNode recibe REQUEST de StreamServer (seq=10920)
[RA] CoordinatorNode -> REPLY a StreamServer (LIBRE)
[RA] CoordinatorNode recibe REQUEST de StreamServer (seq=10925)
[RA] CoordinatorNode -> REPLY a StreamServer (LIBRE)
[RA] CoordinatorNode recibe REQUEST de StreamServer (seq=10930)
[RA] CoordinatorNode -> REPLY a StreamServer (LIBRE)
[RA] CoordinatorNode recibe REQUEST de StreamServer (seq=10936)
[RA] CoordinatorNode -> REPLY a StreamServer (LIBRE)
[RA] CoordinatorNode recibe REQUEST de StreamServer (seq=10942)
[RA] CoordinatorNode -> REPLY a StreamServer (LIBRE)
[RA] CoordinatorNode recibe REQUEST de StreamServer (seq=10947)
[RA] CoordinatorNode -> REPLY a StreamServer (LIBRE)
[RA] CoordinatorNode recibe REQUEST de StreamServer (seq=10958)
[RA] CoordinatorNode -> REPLY a StreamServer (LIBRE)
[RA] CoordinatorNode recibe REQUEST de StreamServer (seq=10963)
[RA] CoordinatorNode -> REPLY a StreamServer (LIBRE)
[RA] CoordinatorNode recibe REQUEST de StreamServer (seq=10968)
[RA] CoordinatorNode -> REPLY a StreamServer (LIBRE)
[RA] CoordinatorNode recibe REQUEST de StreamServer (seq=10973)
[RA] CoordinatorNode -> REPLY a StreamServer (LIBRE)
[RA] CoordinatorNode recibe REQUEST de StreamServer (seq=10978)
[RA] CoordinatorNode -> REPLY a StreamServer (LIBRE)
[RA] CoordinatorNode recibe REQUEST de StreamServer (seq=10984)
[RA] CoordinatorNode -> REPLY a StreamServer (LIBRE)
[RA] CoordinatorNode recibe REQUEST de StreamServer (seq=10990)
[RA] CoordinatorNode -> REPLY a StreamServer (LIBRE)
[RA] CoordinatorNode recibe REQUEST de StreamServer (seq=10995)
[RA] CoordinatorNode -> REPLY a StreamServer (LIBRE)
[RA] CoordinatorNode recibe REQUEST de StreamServer (seq=11000)
[RA] CoordinatorNode -> REPLY a StreamServer (LIBRE)
[RA] CoordinatorNode recibe REQUEST de StreamServer (seq=11005)
[RA] CoordinatorNode -> REPLY a StreamServer (LIBRE)
[RA] CoordinatorNode recibe REQUEST de StreamServer (seq=11012)
[RA] CoordinatorNode -> REPLY a StreamServer (LIBRE)
[RA] CoordinatorNode recibe REQUEST de StreamServer (seq=11020)
[RA] CoordinatorNode -> REPLY a StreamServer (LIBRE)
[RA] CoordinatorNode recibe REQUEST de StreamServer (seq=11025)
[RA] CoordinatorNode -> REPLY a StreamServer (LIBRE)
[RA] CoordinatorNode recibe REQUEST de StreamServer (seq=11030)
[RA] CoordinatorNode -> REPLY a StreamServer (LIBRE)
[RA] CoordinatorNode recibe REQUEST de StreamServer (seq=11042)
[RA] CoordinatorNode -> REPLY a StreamServer (LIBRE)
[RA] CoordinatorNode recibe REQUEST de StreamServer (seq=11047)
[RA] CoordinatorNode -> REPLY a StreamServer (LIBRE)
[RA] CoordinatorNode recibe REQUEST de StreamServer (seq=11055)
[RA] CoordinatorNode -> REPLY a StreamServer (LIBRE)
[RA] CoordinatorNode recibe REQUEST de StreamServer (seq=11060)
[RA] CoordinatorNode -> REPLY a StreamServer (LIBRE)
[RA] CoordinatorNode recibe REQUEST de StreamServer (seq=11065)
[RA] CoordinatorNode -> REPLY a StreamServer (LIBRE)
[RA] CoordinatorNode recibe REQUEST de StreamServer (seq=11070)
[RA] CoordinatorNode -> REPLY a StreamServer (LIBRE)
[RA] CoordinatorNode recibe REQUEST de StreamServer (seq=11075)
[RA] CoordinatorNode -> REPLY a StreamServer (LIBRE)
[RA] CoordinatorNode recibe REQUEST de StreamServer (seq=11080)
[RA] CoordinatorNode -> REPLY a StreamServer (LIBRE)
[RA] CoordinatorNode recibe REQUEST de StreamServer (seq=11089)
[RA] CoordinatorNode -> REPLY a StreamServer (LIBRE)
[RA] CoordinatorNode recibe REQUEST de StreamServer (seq=11096)
[RA] CoordinatorNode -> REPLY a StreamServer (LIBRE)
[RA] CoordinatorNode recibe REQUEST de StreamServer (seq=11101)
[RA] CoordinatorNode -> REPLY a StreamServer (LIBRE)
[RA] CoordinatorNode recibe REQUEST de StreamServer (seq=11112)
[RA] CoordinatorNode -> REPLY a StreamServer (LIBRE)
[RA] CoordinatorNode recibe REQUEST de StreamServer (seq=11121)
[RA] CoordinatorNode -> REPLY a StreamServer (LIBRE)
[RA] CoordinatorNode recibe REQUEST de StreamServer (seq=11126)
[RA] CoordinatorNode -> REPLY a StreamServer (LIBRE)
[RA] CoordinatorNode recibe REQUEST de StreamServer (seq=11132)
[RA] CoordinatorNode -> REPLY a StreamServer (LIBRE)
[RA] CoordinatorNode recibe REQUEST de StreamServer (seq=11139)
[RA] CoordinatorNode -> REPLY a StreamServer (LIBRE)
[RA] CoordinatorNode recibe REQUEST de StreamServer (seq=11144)
[RA] CoordinatorNode -> REPLY a StreamServer (LIBRE)
[RA] CoordinatorNode recibe REQUEST de StreamServer (seq=11149)
[RA] CoordinatorNode -> REPLY a StreamServer (LIBRE)
[RA] CoordinatorNode recibe REQUEST de StreamServer (seq=11154)
[RA] CoordinatorNode -> REPLY a StreamServer (LIBRE)
[RA] CoordinatorNode recibe REQUEST de StreamServer (seq=11159)
[RA] CoordinatorNode -> REPLY a StreamServer (LIBRE)
[RA] CoordinatorNode recibe REQUEST de StreamServer (seq=11170)
[RA] CoordinatorNode -> REPLY a StreamServer (LIBRE)
[RA] CoordinatorNode recibe REQUEST de StreamServer (seq=11175)
[RA] CoordinatorNode -> REPLY a StreamServer (LIBRE)
[RA] CoordinatorNode recibe REQUEST de StreamServer (seq=11180)
[RA] CoordinatorNode -> REPLY a StreamServer (LIBRE)
[RA] CoordinatorNode recibe REQUEST de StreamServer (seq=11185)
[RA] CoordinatorNode -> REPLY a StreamServer (LIBRE)
[RA] CoordinatorNode recibe REQUEST de StreamServer (seq=11245)
[RA] CoordinatorNode -> REPLY a StreamServer (LIBRE)
[RA] CoordinatorNode recibe REQUEST de StreamServer (seq=11250)
[RA] CoordinatorNode -> REPLY a StreamServer (LIBRE)
[RA] CoordinatorNode recibe REQUEST de StreamServer (seq=11256)
[RA] CoordinatorNode -> REPLY a StreamServer (LIBRE)
[RA] CoordinatorNode recibe REQUEST de StreamServer (seq=11261)
[RA] CoordinatorNode -> REPLY a StreamServer (LIBRE)
[RA] CoordinatorNode recibe REQUEST de StreamServer (seq=11266)
[RA] CoordinatorNode -> REPLY a StreamServer (LIBRE)
[RA] CoordinatorNode recibe REQUEST de StreamServer (seq=11272)
[RA] CoordinatorNode -> REPLY a StreamServer (LIBRE)
[RA] CoordinatorNode recibe REQUEST de StreamServer (seq=11277)
[RA] CoordinatorNode -> REPLY a StreamServer (LIBRE)
[RA] CoordinatorNode recibe REQUEST de StreamServer (seq=11283)
[RA] CoordinatorNode -> REPLY a StreamServer (LIBRE)
[RA] CoordinatorNode recibe REQUEST de StreamServer (seq=11288)
[RA] CoordinatorNode -> REPLY a StreamServer (LIBRE)
[RA] CoordinatorNode recibe REQUEST de StreamServer (seq=11294)
[RA] CoordinatorNode -> REPLY a StreamServer (LIBRE)
[RA] CoordinatorNode recibe REQUEST de StreamServer (seq=11300)
[RA] CoordinatorNode -> REPLY a StreamServer (LIBRE)
[RA] CoordinatorNode recibe REQUEST de StreamServer (seq=11305)
[RA] CoordinatorNode -> REPLY a StreamServer (LIBRE)
[RA] CoordinatorNode recibe REQUEST de StreamServer (seq=11316)
[RA] CoordinatorNode -> REPLY a StreamServer (LIBRE)
[RA] CoordinatorNode recibe REQUEST de StreamServer (seq=11321)
[RA] CoordinatorNode -> REPLY a StreamServer (LIBRE)
[RA] CoordinatorNode recibe REQUEST de StreamServer (seq=11326)
[RA] CoordinatorNode -> REPLY a StreamServer (LIBRE)
[RA] CoordinatorNode recibe REQUEST de StreamServer (seq=11332)
[RA] CoordinatorNode -> REPLY a StreamServer (LIBRE)
[RA] CoordinatorNode recibe REQUEST de StreamServer (seq=11337)
[RA] CoordinatorNode -> REPLY a StreamServer (LIBRE)
[RA] CoordinatorNode recibe REQUEST de StreamServer (seq=11342)
[RA] CoordinatorNode -> REPLY a StreamServer (LIBRE)
[RA] CoordinatorNode recibe REQUEST de StreamServer (seq=11350)
[RA] CoordinatorNode -> REPLY a StreamServer (LIBRE)
[RA] CoordinatorNode recibe REQUEST de StreamServer (seq=11355)
[RA] CoordinatorNode -> REPLY a StreamServer (LIBRE)
[RA] CoordinatorNode recibe REQUEST de StreamServer (seq=11360)
[RA] CoordinatorNode -> REPLY a StreamServer (LIBRE)
[RA] CoordinatorNode recibe REQUEST de StreamServer (seq=11365)
[RA] CoordinatorNode -> REPLY a StreamServer (LIBRE)
[RA] CoordinatorNode recibe REQUEST de StreamServer (seq=11370)
[RA] CoordinatorNode -> REPLY a StreamServer (LIBRE)
[RA] CoordinatorNode recibe REQUEST de StreamServer (seq=11380)
[RA] CoordinatorNode -> REPLY a StreamServer (LIBRE)
[RA] CoordinatorNode recibe REQUEST de StreamServer (seq=11385)
[RA] CoordinatorNode -> REPLY a StreamServer (LIBRE)
[RA] CoordinatorNode recibe REQUEST de StreamServer (seq=11390)
[RA] CoordinatorNode -> REPLY a StreamServer (LIBRE)
[RA] CoordinatorNode recibe REQUEST de StreamServer (seq=11402)
[RA] CoordinatorNode -> REPLY a StreamServer (LIBRE)
[RA] CoordinatorNode recibe REQUEST de StreamServer (seq=11407)
[RA] CoordinatorNode -> REPLY a StreamServer (LIBRE)
[RA] CoordinatorNode recibe REQUEST de StreamServer (seq=11415)
[RA] CoordinatorNode -> REPLY a StreamServer (LIBRE)
[RA] CoordinatorNode recibe REQUEST de StreamServer (seq=11420)
[RA] CoordinatorNode -> REPLY a StreamServer (LIBRE)
[RA] CoordinatorNode recibe REQUEST de StreamServer (seq=11425)
[RA] CoordinatorNode -> REPLY a StreamServer (LIBRE)
[RA] CoordinatorNode recibe REQUEST de StreamServer (seq=11434)
[RA] CoordinatorNode -> REPLY a StreamServer (LIBRE)
[RA] CoordinatorNode recibe REQUEST de StreamServer (seq=11439)
[RA] CoordinatorNode -> REPLY a StreamServer (LIBRE)
[RA] CoordinatorNode recibe REQUEST de StreamServer (seq=11444)
[RA] CoordinatorNode -> REPLY a StreamServer (LIBRE)
[RA] CoordinatorNode recibe REQUEST de StreamServer (seq=11449)
[RA] CoordinatorNode -> REPLY a StreamServer (LIBRE)
[RA] CoordinatorNode recibe REQUEST de StreamServer (seq=11458)
[RA] CoordinatorNode -> REPLY a StreamServer (LIBRE)
[RA] CoordinatorNode recibe REQUEST de StreamServer (seq=11465)
[RA] CoordinatorNode -> REPLY a StreamServer (LIBRE)
[RA] CoordinatorNode recibe REQUEST de StreamServer (seq=11470)
[RA] CoordinatorNode -> REPLY a StreamServer (LIBRE)
[RA] CoordinatorNode recibe REQUEST de StreamServer (seq=11482)
[RA] CoordinatorNode -> REPLY a StreamServer (LIBRE)
[RA] CoordinatorNode recibe REQUEST de StreamServer (seq=11487)
[RA] CoordinatorNode -> REPLY a StreamServer (LIBRE)
[RA] CoordinatorNode recibe REQUEST de StreamServer (seq=11492)
[RA] CoordinatorNode -> REPLY a StreamServer (LIBRE)
[RA] CoordinatorNode recibe REQUEST de StreamServer (seq=11501)
[RA] CoordinatorNode -> REPLY a StreamServer (LIBRE)
[RA] CoordinatorNode recibe REQUEST de StreamServer (seq=11506)
[RA] CoordinatorNode -> REPLY a StreamServer (LIBRE)
[RA] CoordinatorNode recibe REQUEST de StreamServer (seq=11517)
[RA] CoordinatorNode -> REPLY a StreamServer (LIBRE)
[RA] CoordinatorNode recibe REQUEST de StreamServer (seq=11522)
[RA] CoordinatorNode -> REPLY a StreamServer (LIBRE)
[RA] CoordinatorNode recibe REQUEST de StreamServer (seq=11527)
[RA] CoordinatorNode -> REPLY a StreamServer (LIBRE)
[RA] CoordinatorNode recibe REQUEST de StreamServer (seq=11532)
[RA] CoordinatorNode -> REPLY a StreamServer (LIBRE)
[RA] CoordinatorNode recibe REQUEST de StreamServer (seq=11537)
[RA] CoordinatorNode -> REPLY a StreamServer (LIBRE)
[RA] CoordinatorNode recibe REQUEST de StreamServer (seq=11547)
[RA] CoordinatorNode -> REPLY a StreamServer (LIBRE)
[RA] CoordinatorNode recibe REQUEST de StreamServer (seq=11608)
[RA] CoordinatorNode -> REPLY a StreamServer (LIBRE)
[RA] CoordinatorNode recibe REQUEST de StreamServer (seq=11614)
[RA] CoordinatorNode -> REPLY a StreamServer (LIBRE)
[RA] CoordinatorNode recibe REQUEST de StreamServer (seq=11619)
[RA] CoordinatorNode -> REPLY a StreamServer (LIBRE)
[RA] CoordinatorNode recibe REQUEST de StreamServer (seq=11625)
[RA] CoordinatorNode -> REPLY a StreamServer (LIBRE)
[RA] CoordinatorNode recibe REQUEST de StreamServer (seq=11630)
[RA] CoordinatorNode -> REPLY a StreamServer (LIBRE)
[RA] CoordinatorNode recibe REQUEST de StreamServer (seq=11636)
[RA] CoordinatorNode -> REPLY a StreamServer (LIBRE)
[RA] CoordinatorNode recibe REQUEST de StreamServer (seq=11641)
[RA] CoordinatorNode -> REPLY a StreamServer (LIBRE)
[RA] CoordinatorNode recibe REQUEST de StreamServer (seq=11646)
[RA] CoordinatorNode -> REPLY a StreamServer (LIBRE)
[RA] CoordinatorNode recibe REQUEST de StreamServer (seq=11652)
[RA] CoordinatorNode -> REPLY a StreamServer (LIBRE)
[RA] CoordinatorNode recibe REQUEST de StreamServer (seq=11657)
[RA] CoordinatorNode -> REPLY a StreamServer (LIBRE)
[RA] CoordinatorNode recibe REQUEST de StreamServer (seq=11663)
[RA] CoordinatorNode -> REPLY a StreamServer (LIBRE)
[RA] CoordinatorNode recibe REQUEST de StreamServer (seq=11669)
[RA] CoordinatorNode -> REPLY a StreamServer (LIBRE)
[RA] CoordinatorNode recibe REQUEST de StreamServer (seq=11674)
[RA] CoordinatorNode -> REPLY a StreamServer (LIBRE)
[RA] CoordinatorNode recibe REQUEST de StreamServer (seq=11684)
[RA] CoordinatorNode -> REPLY a StreamServer (LIBRE)
[RA] CoordinatorNode recibe REQUEST de StreamServer (seq=11689)
[RA] CoordinatorNode -> REPLY a StreamServer (LIBRE)
[RA] CoordinatorNode recibe REQUEST de StreamServer (seq=11694)
[RA] CoordinatorNode -> REPLY a StreamServer (LIBRE)
[RA] CoordinatorNode recibe REQUEST de StreamServer (seq=11700)
[RA] CoordinatorNode -> REPLY a StreamServer (LIBRE)
[RA] CoordinatorNode recibe REQUEST de StreamServer (seq=11705)
[RA] CoordinatorNode -> REPLY a StreamServer (LIBRE)
[RA] CoordinatorNode recibe REQUEST de StreamServer (seq=11710)
[RA] CoordinatorNode -> REPLY a StreamServer (LIBRE)
[RA] CoordinatorNode recibe REQUEST de StreamServer (seq=11718)
[RA] CoordinatorNode -> REPLY a StreamServer (LIBRE)
[RA] CoordinatorNode recibe REQUEST de StreamServer (seq=11723)
[RA] CoordinatorNode -> REPLY a StreamServer (LIBRE)
[RA] CoordinatorNode recibe REQUEST de StreamServer (seq=11728)
[RA] CoordinatorNode -> REPLY a StreamServer (LIBRE)
[RA] CoordinatorNode recibe REQUEST de StreamServer (seq=11738)
[RA] CoordinatorNode -> REPLY a StreamServer (LIBRE)
[RA] CoordinatorNode recibe REQUEST de StreamServer (seq=11743)
[RA] CoordinatorNode -> REPLY a StreamServer (LIBRE)
[RA] CoordinatorNode recibe REQUEST de StreamServer (seq=11748)
[RA] CoordinatorNode -> REPLY a StreamServer (LIBRE)
[RA] CoordinatorNode recibe REQUEST de StreamServer (seq=11753)
[RA] CoordinatorNode -> REPLY a StreamServer (LIBRE)
[RA] CoordinatorNode recibe REQUEST de StreamServer (seq=11759)
[RA] CoordinatorNode -> REPLY a StreamServer (LIBRE)
[RA] CoordinatorNode recibe REQUEST de StreamServer (seq=11768)
[RA] CoordinatorNode -> REPLY a StreamServer (LIBRE)
[RA] CoordinatorNode recibe REQUEST de StreamServer (seq=11773)
[RA] CoordinatorNode -> REPLY a StreamServer (LIBRE)
[RA] CoordinatorNode recibe REQUEST de StreamServer (seq=11782)
[RA] CoordinatorNode -> REPLY a StreamServer (LIBRE)
[RA] CoordinatorNode recibe REQUEST de StreamServer (seq=11787)
[RA] CoordinatorNode -> REPLY a StreamServer (LIBRE)
[RA] CoordinatorNode recibe REQUEST de StreamServer (seq=11792)
[RA] CoordinatorNode -> REPLY a StreamServer (LIBRE)
[RA] CoordinatorNode recibe REQUEST de StreamServer (seq=11800)
[RA] CoordinatorNode -> REPLY a StreamServer (LIBRE)
[RA] CoordinatorNode recibe REQUEST de StreamServer (seq=11808)
[RA] CoordinatorNode -> REPLY a StreamServer (LIBRE)
[RA] CoordinatorNode recibe REQUEST de StreamServer (seq=11813)
[RA] CoordinatorNode -> REPLY a StreamServer (LIBRE)
[RA] CoordinatorNode recibe REQUEST de StreamServer (seq=11818)
[RA] CoordinatorNode -> REPLY a StreamServer (LIBRE)
[RA] CoordinatorNode recibe REQUEST de StreamServer (seq=11823)
[RA] CoordinatorNode -> REPLY a StreamServer (LIBRE)
[RA] CoordinatorNode recibe REQUEST de StreamServer (seq=11835)
[RA] CoordinatorNode -> REPLY a StreamServer (LIBRE)
[RA] CoordinatorNode recibe REQUEST de StreamServer (seq=11840)
[RA] CoordinatorNode -> REPLY a StreamServer (LIBRE)
[RA] CoordinatorNode recibe REQUEST de StreamServer (seq=11850)
[RA] CoordinatorNode -> REPLY a StreamServer (LIBRE)
[RA] CoordinatorNode recibe REQUEST de StreamServer (seq=11856)
[RA] CoordinatorNode -> REPLY a StreamServer (LIBRE)
[RA] CoordinatorNode recibe REQUEST de StreamServer (seq=11861)
[RA] CoordinatorNode -> REPLY a StreamServer (LIBRE)
[RA] CoordinatorNode recibe REQUEST de StreamServer (seq=11866)
[RA] CoordinatorNode -> REPLY a StreamServer (LIBRE)
[RA] CoordinatorNode recibe REQUEST de StreamServer (seq=11877)
[RA] CoordinatorNode -> REPLY a StreamServer (LIBRE)
[RA] CoordinatorNode recibe REQUEST de StreamServer (seq=11882)
[RA] CoordinatorNode -> REPLY a StreamServer (LIBRE)
[RA] CoordinatorNode recibe REQUEST de StreamServer (seq=11892)
[RA] CoordinatorNode -> REPLY a StreamServer (LIBRE)
[RA] CoordinatorNode recibe REQUEST de StreamServer (seq=11897)
[RA] CoordinatorNode -> REPLY a StreamServer (LIBRE)
[RA] CoordinatorNode recibe REQUEST de StreamServer (seq=11902)
[RA] CoordinatorNode -> REPLY a StreamServer (LIBRE)
[RA] CoordinatorNode recibe REQUEST de StreamServer (seq=11907)
[RA] CoordinatorNode -> REPLY a StreamServer (LIBRE)
[RA] CoordinatorNode recibe REQUEST de StreamServer (seq=11912)
[RA] CoordinatorNode -> REPLY a StreamServer (LIBRE)
[RA] CoordinatorNode recibe REQUEST de StreamServer (seq=11917)
[RA] CoordinatorNode -> REPLY a StreamServer (LIBRE)
[RA] CoordinatorNode recibe REQUEST de StreamServer (seq=11974)
[RA] CoordinatorNode -> REPLY a StreamServer (LIBRE)
[RA] CoordinatorNode recibe REQUEST de StreamServer (seq=11979)
[RA] CoordinatorNode -> REPLY a StreamServer (LIBRE)
[RA] CoordinatorNode recibe REQUEST de StreamServer (seq=11985)
[RA] CoordinatorNode -> REPLY a StreamServer (LIBRE)
[RA] CoordinatorNode recibe REQUEST de StreamServer (seq=11990)
[RA] CoordinatorNode -> REPLY a StreamServer (LIBRE)
[RA] CoordinatorNode recibe REQUEST de StreamServer (seq=11996)
[RA] CoordinatorNode -> REPLY a StreamServer (LIBRE)
[RA] CoordinatorNode recibe REQUEST de StreamServer (seq=12001)
[RA] CoordinatorNode -> REPLY a StreamServer (LIBRE)
[RA] CoordinatorNode recibe REQUEST de StreamServer (seq=12007)
[RA] CoordinatorNode -> REPLY a StreamServer (LIBRE)
[RA] CoordinatorNode recibe REQUEST de StreamServer (seq=12012)
[RA] CoordinatorNode -> REPLY a StreamServer (LIBRE)
[RA] CoordinatorNode recibe REQUEST de StreamServer (seq=12017)
[RA] CoordinatorNode -> REPLY a StreamServer (LIBRE)
[RA] CoordinatorNode recibe REQUEST de StreamServer (seq=12023)
[RA] CoordinatorNode -> REPLY a StreamServer (LIBRE)
[RA] CoordinatorNode recibe REQUEST de StreamServer (seq=12028)
[RA] CoordinatorNode -> REPLY a StreamServer (LIBRE)
[RA] CoordinatorNode recibe REQUEST de StreamServer (seq=12033)
[RA] CoordinatorNode -> REPLY a StreamServer (LIBRE)
[RA] CoordinatorNode recibe REQUEST de StreamServer (seq=12044)
[RA] CoordinatorNode -> REPLY a StreamServer (LIBRE)
[RA] CoordinatorNode recibe REQUEST de StreamServer (seq=12049)
[RA] CoordinatorNode -> REPLY a StreamServer (LIBRE)
[RA] CoordinatorNode recibe REQUEST de StreamServer (seq=12054)
[RA] CoordinatorNode -> REPLY a StreamServer (LIBRE)
[RA] CoordinatorNode recibe REQUEST de StreamServer (seq=12061)
[RA] CoordinatorNode -> REPLY a StreamServer (LIBRE)
[RA] CoordinatorNode recibe REQUEST de StreamServer (seq=12066)
[RA] CoordinatorNode -> REPLY a StreamServer (LIBRE)
[RA] CoordinatorNode recibe REQUEST de StreamServer (seq=12071)
[RA] CoordinatorNode -> REPLY a StreamServer (LIBRE)
[RA] CoordinatorNode recibe REQUEST de StreamServer (seq=12076)
[RA] CoordinatorNode -> REPLY a StreamServer (LIBRE)
[RA] CoordinatorNode recibe REQUEST de StreamServer (seq=12081)
[RA] CoordinatorNode -> REPLY a StreamServer (LIBRE)
[RA] CoordinatorNode recibe REQUEST de StreamServer (seq=12086)
[RA] CoordinatorNode -> REPLY a StreamServer (LIBRE)
[RA] CoordinatorNode recibe REQUEST de StreamServer (seq=12097)
[RA] CoordinatorNode -> REPLY a StreamServer (LIBRE)
[RA] CoordinatorNode recibe REQUEST de StreamServer (seq=12102)
[RA] CoordinatorNode -> REPLY a StreamServer (LIBRE)
[RA] CoordinatorNode recibe REQUEST de StreamServer (seq=12107)
[RA] CoordinatorNode -> REPLY a StreamServer (LIBRE)
[RA] CoordinatorNode recibe REQUEST de StreamServer (seq=12112)
[RA] CoordinatorNode -> REPLY a StreamServer (LIBRE)
[RA] CoordinatorNode recibe REQUEST de StreamServer (seq=12117)
[RA] CoordinatorNode -> REPLY a StreamServer (LIBRE)
[RA] CoordinatorNode recibe REQUEST de StreamServer (seq=12127)
[RA] CoordinatorNode -> REPLY a StreamServer (LIBRE)
[RA] CoordinatorNode recibe REQUEST de StreamServer (seq=12134)
[RA] CoordinatorNode -> REPLY a StreamServer (LIBRE)
[RA] CoordinatorNode recibe REQUEST de StreamServer (seq=12139)
[RA] CoordinatorNode -> REPLY a StreamServer (LIBRE)
[RA] CoordinatorNode recibe REQUEST de StreamServer (seq=12144)
[RA] CoordinatorNode -> REPLY a StreamServer (LIBRE)
[RA] CoordinatorNode recibe REQUEST de StreamServer (seq=12152)
[RA] CoordinatorNode -> REPLY a StreamServer (LIBRE)
[RA] CoordinatorNode recibe REQUEST de StreamServer (seq=12157)
[RA] CoordinatorNode -> REPLY a StreamServer (LIBRE)
[RA] CoordinatorNode recibe REQUEST de StreamServer (seq=12171)
[RA] CoordinatorNode -> REPLY a StreamServer (LIBRE)
[RA] CoordinatorNode recibe REQUEST de StreamServer (seq=12176)
[RA] CoordinatorNode -> REPLY a StreamServer (LIBRE)
[RA] CoordinatorNode recibe REQUEST de StreamServer (seq=12181)
[RA] CoordinatorNode -> REPLY a StreamServer (LIBRE)
[RA] CoordinatorNode recibe REQUEST de StreamServer (seq=12186)
[RA] CoordinatorNode -> REPLY a StreamServer (LIBRE)
[RA] CoordinatorNode recibe REQUEST de StreamServer (seq=12195)
[RA] CoordinatorNode -> REPLY a StreamServer (LIBRE)
[RA] CoordinatorNode recibe REQUEST de StreamServer (seq=12202)
[RA] CoordinatorNode -> REPLY a StreamServer (LIBRE)
[RA] CoordinatorNode recibe REQUEST de StreamServer (seq=12207)
[RA] CoordinatorNode -> REPLY a StreamServer (LIBRE)
[RA] CoordinatorNode recibe REQUEST de StreamServer (seq=12216)
[RA] CoordinatorNode -> REPLY a StreamServer (LIBRE)
[RA] CoordinatorNode recibe REQUEST de StreamServer (seq=12225)
[RA] CoordinatorNode -> REPLY a StreamServer (LIBRE)
[RA] CoordinatorNode recibe REQUEST de StreamServer (seq=12230)
[RA] CoordinatorNode -> REPLY a StreamServer (LIBRE)
[RA] CoordinatorNode recibe REQUEST de StreamServer (seq=12235)
[RA] CoordinatorNode -> REPLY a StreamServer (LIBRE)
[RA] CoordinatorNode recibe REQUEST de StreamServer (seq=12244)
[RA] CoordinatorNode -> REPLY a StreamServer (LIBRE)
[RA] CoordinatorNode recibe REQUEST de StreamServer (seq=12249)
[RA] CoordinatorNode -> REPLY a StreamServer (LIBRE)
[RA] CoordinatorNode recibe REQUEST de StreamServer (seq=12259)
[RA] CoordinatorNode -> REPLY a StreamServer (LIBRE)
[RA] CoordinatorNode recibe REQUEST de StreamServer (seq=12264)
[RA] CoordinatorNode -> REPLY a StreamServer (LIBRE)
[RA] CoordinatorNode recibe REQUEST de StreamServer (seq=12269)
[RA] CoordinatorNode -> REPLY a StreamServer (LIBRE)
[RA] CoordinatorNode recibe REQUEST de StreamServer (seq=12274)
[RA] CoordinatorNode -> REPLY a StreamServer (LIBRE)
[RA] CoordinatorNode recibe REQUEST de StreamServer (seq=12281)
[RA] CoordinatorNode -> REPLY a StreamServer (LIBRE)
[RA] CoordinatorNode recibe REQUEST de StreamServer (seq=12332)
[RA] CoordinatorNode -> REPLY a StreamServer (LIBRE)
[RA] CoordinatorNode recibe REQUEST de StreamServer (seq=12337)
[RA] CoordinatorNode -> REPLY a StreamServer (LIBRE)
[RA] CoordinatorNode recibe REQUEST de StreamServer (seq=12342)
[RA] CoordinatorNode -> REPLY a StreamServer (LIBRE)
[RA] CoordinatorNode recibe REQUEST de StreamServer (seq=12347)
[RA] CoordinatorNode -> REPLY a StreamServer (LIBRE)
[RA] CoordinatorNode recibe REQUEST de StreamServer (seq=12352)
[RA] CoordinatorNode -> REPLY a StreamServer (LIBRE)
[RA] CoordinatorNode recibe REQUEST de StreamServer (seq=12358)
[RA] CoordinatorNode -> REPLY a StreamServer (LIBRE)
[RA] CoordinatorNode recibe REQUEST de StreamServer (seq=12363)
[RA] CoordinatorNode -> REPLY a StreamServer (LIBRE)
[RA] CoordinatorNode recibe REQUEST de StreamServer (seq=12368)
[RA] CoordinatorNode -> REPLY a StreamServer (LIBRE)
[RA] CoordinatorNode recibe REQUEST de StreamServer (seq=12373)
[RA] CoordinatorNode -> REPLY a StreamServer (LIBRE)
[RA] CoordinatorNode recibe REQUEST de StreamServer (seq=12378)
[RA] CoordinatorNode -> REPLY a StreamServer (LIBRE)
[RA] CoordinatorNode recibe REQUEST de StreamServer (seq=12385)
[RA] CoordinatorNode -> REPLY a StreamServer (LIBRE)
[RA] CoordinatorNode recibe REQUEST de StreamServer (seq=12390)
[RA] CoordinatorNode -> REPLY a StreamServer (LIBRE)
[RA] CoordinatorNode recibe REQUEST de StreamServer (seq=12398)
[RA] CoordinatorNode -> REPLY a StreamServer (LIBRE)
[RA] CoordinatorNode recibe REQUEST de StreamServer (seq=12405)
[RA] CoordinatorNode -> REPLY a StreamServer (LIBRE)
[RA] CoordinatorNode recibe REQUEST de StreamServer (seq=12410)
[RA] CoordinatorNode -> REPLY a StreamServer (LIBRE)
[RA] CoordinatorNode recibe REQUEST de StreamServer (seq=12418)
[RA] CoordinatorNode -> REPLY a StreamServer (LIBRE)
[RA] CoordinatorNode recibe REQUEST de StreamServer (seq=12424)
[RA] CoordinatorNode -> REPLY a StreamServer (LIBRE)
[RA] CoordinatorNode recibe REQUEST de StreamServer (seq=12429)
[RA] CoordinatorNode -> REPLY a StreamServer (LIBRE)
[RA] CoordinatorNode recibe REQUEST de StreamServer (seq=12434)
[RA] CoordinatorNode -> REPLY a StreamServer (LIBRE)
[RA] CoordinatorNode recibe REQUEST de StreamServer (seq=12445)
[RA] CoordinatorNode -> REPLY a StreamServer (LIBRE)
[RA] CoordinatorNode recibe REQUEST de StreamServer (seq=12450)
[RA] CoordinatorNode -> REPLY a StreamServer (LIBRE)
[RA] CoordinatorNode recibe REQUEST de StreamServer (seq=12458)
[RA] CoordinatorNode -> REPLY a StreamServer (LIBRE)
[RA] CoordinatorNode recibe REQUEST de StreamServer (seq=12463)
[RA] CoordinatorNode -> REPLY a StreamServer (LIBRE)
[RA] CoordinatorNode recibe REQUEST de StreamServer (seq=12468)
[RA] CoordinatorNode -> REPLY a StreamServer (LIBRE)
[RA] CoordinatorNode recibe REQUEST de StreamServer (seq=12473)
[RA] CoordinatorNode -> REPLY a StreamServer (LIBRE)
[RA] CoordinatorNode recibe REQUEST de StreamServer (seq=12481)
[RA] CoordinatorNode -> REPLY a StreamServer (LIBRE)
[RA] CoordinatorNode recibe REQUEST de StreamServer (seq=12486)
[RA] CoordinatorNode -> REPLY a StreamServer (LIBRE)
[RA] CoordinatorNode recibe REQUEST de StreamServer (seq=12496)
[RA] CoordinatorNode -> REPLY a StreamServer (LIBRE)
[RA] CoordinatorNode recibe REQUEST de StreamServer (seq=12501)
[RA] CoordinatorNode -> REPLY a StreamServer (LIBRE)
[RA] CoordinatorNode recibe REQUEST de StreamServer (seq=12506)
[RA] CoordinatorNode -> REPLY a StreamServer (LIBRE)
[RA] CoordinatorNode recibe REQUEST de StreamServer (seq=12515)
[RA] CoordinatorNode -> REPLY a StreamServer (LIBRE)
[RA] CoordinatorNode recibe REQUEST de StreamServer (seq=12520)
[RA] CoordinatorNode -> REPLY a StreamServer (LIBRE)
[RA] CoordinatorNode recibe REQUEST de StreamServer (seq=12534)
[RA] CoordinatorNode -> REPLY a StreamServer (LIBRE)
[RA] CoordinatorNode recibe REQUEST de StreamServer (seq=12539)
[RA] CoordinatorNode -> REPLY a StreamServer (LIBRE)
[RA] CoordinatorNode recibe REQUEST de StreamServer (seq=12548)
[RA] CoordinatorNode -> REPLY a StreamServer (LIBRE)
[RA] CoordinatorNode recibe REQUEST de StreamServer (seq=12553)
[RA] CoordinatorNode -> REPLY a StreamServer (LIBRE)
[RA] CoordinatorNode recibe REQUEST de StreamServer (seq=12558)
[RA] CoordinatorNode -> REPLY a StreamServer (LIBRE)
[RA] CoordinatorNode recibe REQUEST de StreamServer (seq=12565)
[RA] CoordinatorNode -> REPLY a StreamServer (LIBRE)
[RA] CoordinatorNode recibe REQUEST de StreamServer (seq=12570)
[RA] CoordinatorNode -> REPLY a StreamServer (LIBRE)
[RA] CoordinatorNode recibe REQUEST de StreamServer (seq=12581)
[RA] CoordinatorNode -> REPLY a StreamServer (LIBRE)
[RA] CoordinatorNode recibe REQUEST de StreamServer (seq=12588)
[RA] CoordinatorNode -> REPLY a StreamServer (LIBRE)
[RA] CoordinatorNode recibe REQUEST de StreamServer (seq=12593)
[RA] CoordinatorNode -> REPLY a StreamServer (LIBRE)
[RA] CoordinatorNode recibe REQUEST de StreamServer (seq=12598)
[RA] CoordinatorNode -> REPLY a StreamServer (LIBRE)
[RA] CoordinatorNode recibe REQUEST de StreamServer (seq=12609)
[RA] CoordinatorNode -> REPLY a StreamServer (LIBRE)
[RA] CoordinatorNode recibe REQUEST de StreamServer (seq=12614)
[RA] CoordinatorNode -> REPLY a StreamServer (LIBRE)
[RA] CoordinatorNode recibe REQUEST de StreamServer (seq=12619)
[RA] CoordinatorNode -> REPLY a StreamServer (LIBRE)
[RA] CoordinatorNode recibe REQUEST de StreamServer (seq=12631)
[RA] CoordinatorNode -> REPLY a StreamServer (LIBRE)
[RA] CoordinatorNode recibe REQUEST de StreamServer (seq=12636)
[RA] CoordinatorNode -> REPLY a StreamServer (LIBRE)
[RA] CoordinatorNode recibe REQUEST de StreamServer (seq=12641)
[RA] CoordinatorNode -> REPLY a StreamServer (LIBRE)
[RA] CoordinatorNode recibe REQUEST de StreamServer (seq=12646)
[RA] CoordinatorNode -> REPLY a StreamServer (LIBRE)
[RA] CoordinatorNode recibe REQUEST de StreamServer (seq=12697)
[RA] CoordinatorNode -> REPLY a StreamServer (LIBRE)
[RA] CoordinatorNode recibe REQUEST de StreamServer (seq=12702)
[RA] CoordinatorNode -> REPLY a StreamServer (LIBRE)
[RA] CoordinatorNode recibe REQUEST de StreamServer (seq=12707)
[RA] CoordinatorNode -> REPLY a StreamServer (LIBRE)
[RA] CoordinatorNode recibe REQUEST de StreamServer (seq=12712)
[RA] CoordinatorNode -> REPLY a StreamServer (LIBRE)
[RA] CoordinatorNode recibe REQUEST de StreamServer (seq=12717)
[RA] CoordinatorNode -> REPLY a StreamServer (LIBRE)
[RA] CoordinatorNode recibe REQUEST de StreamServer (seq=12722)
[RA] CoordinatorNode -> REPLY a StreamServer (LIBRE)
[RA] CoordinatorNode recibe REQUEST de StreamServer (seq=12728)
[RA] CoordinatorNode -> REPLY a StreamServer (LIBRE)
[RA] CoordinatorNode recibe REQUEST de StreamServer (seq=12733)
[RA] CoordinatorNode -> REPLY a StreamServer (LIBRE)
[RA] CoordinatorNode recibe REQUEST de StreamServer (seq=12738)
[RA] CoordinatorNode -> REPLY a StreamServer (LIBRE)
[RA] CoordinatorNode recibe REQUEST de StreamServer (seq=12743)
[RA] CoordinatorNode -> REPLY a StreamServer (LIBRE)
[RA] CoordinatorNode recibe REQUEST de StreamServer (seq=12750)
[RA] CoordinatorNode -> REPLY a StreamServer (LIBRE)
[RA] CoordinatorNode recibe REQUEST de StreamServer (seq=12755)
[RA] CoordinatorNode -> REPLY a StreamServer (LIBRE)
[RA] CoordinatorNode recibe REQUEST de StreamServer (seq=12763)
[RA] CoordinatorNode -> REPLY a StreamServer (LIBRE)
[RA] CoordinatorNode recibe REQUEST de StreamServer (seq=12769)
[RA] CoordinatorNode -> REPLY a StreamServer (LIBRE)
[RA] CoordinatorNode recibe REQUEST de StreamServer (seq=12775)
[RA] CoordinatorNode -> REPLY a StreamServer (LIBRE)
[RA] CoordinatorNode recibe REQUEST de StreamServer (seq=12780)
[RA] CoordinatorNode -> REPLY a StreamServer (LIBRE)
[RA] CoordinatorNode recibe REQUEST de StreamServer (seq=12787)
[RA] CoordinatorNode -> REPLY a StreamServer (LIBRE)
[RA] CoordinatorNode recibe REQUEST de StreamServer (seq=12792)
[RA] CoordinatorNode -> REPLY a StreamServer (LIBRE)
[RA] CoordinatorNode recibe REQUEST de StreamServer (seq=12797)
[RA] CoordinatorNode -> REPLY a StreamServer (LIBRE)
[RA] CoordinatorNode recibe REQUEST de StreamServer (seq=12802)
[RA] CoordinatorNode -> REPLY a StreamServer (LIBRE)
[RA] CoordinatorNode recibe REQUEST de StreamServer (seq=12807)
[RA] CoordinatorNode -> REPLY a StreamServer (LIBRE)
[RA] CoordinatorNode recibe REQUEST de StreamServer (seq=12816)
[RA] CoordinatorNode -> REPLY a StreamServer (LIBRE)
[RA] CoordinatorNode recibe REQUEST de StreamServer (seq=12822)
[RA] CoordinatorNode -> REPLY a StreamServer (LIBRE)
[RA] CoordinatorNode recibe REQUEST de StreamServer (seq=12828)
[RA] CoordinatorNode -> REPLY a StreamServer (LIBRE)
[RA] CoordinatorNode recibe REQUEST de StreamServer (seq=12833)
[RA] CoordinatorNode -> REPLY a StreamServer (LIBRE)
[RA] CoordinatorNode recibe REQUEST de StreamServer (seq=12838)
[RA] CoordinatorNode -> REPLY a StreamServer (LIBRE)
[RA] CoordinatorNode recibe REQUEST de StreamServer (seq=12843)
[RA] CoordinatorNode -> REPLY a StreamServer (LIBRE)
[RA] CoordinatorNode recibe REQUEST de StreamServer (seq=12852)
[RA] CoordinatorNode -> REPLY a StreamServer (LIBRE)
[RA] CoordinatorNode recibe REQUEST de StreamServer (seq=12857)
[RA] CoordinatorNode -> REPLY a StreamServer (LIBRE)
[RA] CoordinatorNode recibe REQUEST de StreamServer (seq=12867)
[RA] CoordinatorNode -> REPLY a StreamServer (LIBRE)
[RA] CoordinatorNode recibe REQUEST de StreamServer (seq=12872)
[RA] CoordinatorNode -> REPLY a StreamServer (LIBRE)
[RA] CoordinatorNode recibe REQUEST de StreamServer (seq=12877)
[RA] CoordinatorNode -> REPLY a StreamServer (LIBRE)
[RA] CoordinatorNode recibe REQUEST de StreamServer (seq=12888)
[RA] CoordinatorNode -> REPLY a StreamServer (LIBRE)
[RA] CoordinatorNode recibe REQUEST de StreamServer (seq=12893)
[RA] CoordinatorNode -> REPLY a StreamServer (LIBRE)
[RA] CoordinatorNode recibe REQUEST de StreamServer (seq=12904)
[RA] CoordinatorNode -> REPLY a StreamServer (LIBRE)
[RA] CoordinatorNode recibe REQUEST de StreamServer (seq=12910)
[RA] CoordinatorNode -> REPLY a StreamServer (LIBRE)
[RA] CoordinatorNode recibe REQUEST de StreamServer (seq=12915)
[RA] CoordinatorNode -> REPLY a StreamServer (LIBRE)
[RA] CoordinatorNode recibe REQUEST de StreamServer (seq=12920)
[RA] CoordinatorNode -> REPLY a StreamServer (LIBRE)
[RA] CoordinatorNode recibe REQUEST de StreamServer (seq=12929)
[RA] CoordinatorNode -> REPLY a StreamServer (LIBRE)
[RA] CoordinatorNode recibe REQUEST de StreamServer (seq=12934)
[RA] CoordinatorNode -> REPLY a StreamServer (LIBRE)
[CoordinatorNode] Recibido DIE. Apagando...
