[CoordinatorNode] Iniciando en puerto 7000 (HB:7001, RA:7002)
[Heartbeat] Monitor iniciado en puerto 7001
[CoordinatorNode] Esperando conexiones...
[ERROR] [CoordinatorNode] Error en handler: writing aborted; java.io.NotSerializableException: cpyd.distributed.NodeMembership$NodeInfo
[ERROR] [CoordinatorNode] Error en handler: writing aborted; java.io.NotSerializableException: cpyd.distributed.NodeMembership$NodeInfo
[ERROR] [CoordinatorNode] Error en handler: writing aborted; java.io.NotSerializableException: cpyd.distributed.NodeMembership$NodeInfo
[ERROR] [CoordinatorNode] Error en handler: writing aborted; java.io.NotSerializableException: cpyd.distributed.NodeMembership$NodeInfo
[RA] CoordinatorNode recibe REQUEST de StreamServer (seq=80)
[RA] CoordinatorNode -> REPLY a StreamServer (LIBRE)
[ERROR] [CoordinatorNode] Error en handler: writing aborted; java.io.NotSerializableException: cpyd.distributed.NodeMembership$NodeInfo
[ERROR] [CoordinatorNode] Error en handler: writing aborted; java.io.NotSerializableException: cpyd.distributed.NodeMembership$NodeInfo
[ERROR] [CoordinatorNode] Error en handler: writing aborted; java.io.NotSerializableException: cpyd.distributed.NodeMembership$NodeInfo
[ERROR] [CoordinatorNode] Error en handler: writing aborted; java.io.NotSerializableException: cpyd.distributed.NodeMembership$NodeInfo
[ERROR] [CoordinatorNode] Error en handler: writing aborted; java.io.NotSerializableException: cpyd.distributed.NodeMembership$NodeInfo
[ERROR] [CoordinatorNode] Error en handler: writing aborted; java.io.NotSerializableException: cpyd.distributed.NodeMembership$NodeInfo
[ERROR] [CoordinatorNode] Error en handler: writing aborted; java.io.NotSerializableException: cpyd.distributed.NodeMembership$NodeInfo
[ERROR] [CoordinatorNode] Error en handler: writing aborted; java.io.NotSerializableException: cpyd.distributed.NodeMembership$NodeInfo
[ERROR] [CoordinatorNode] Error en handler: writing aborted; java.io.NotSerializableException: cpyd.distributed.NodeMembership$NodeInfo
[ERROR] [CoordinatorNode] Error en handler: writing aborted; java.io.NotSerializableException: cpyd.distributed.NodeMembership$NodeInfo
[RA] CoordinatorNode recibe REQUEST de StreamServer (seq=356)
[RA] CoordinatorNode -> REPLY a StreamServer (LIBRE)
[RA] CoordinatorNode recibe REQUEST de StreamServer (seq=356)
[RA] CoordinatorNode -> REPLY a StreamServer (LIBRE)
[RA] CoordinatorNode recibe REQUEST de StreamServer (seq=356)
[RA] CoordinatorNode -> REPLY a StreamServer (LIBRE)
[RA] CoordinatorNode recibe REQUEST de StreamServer (seq=356)
[RA] CoordinatorNode -> REPLY a StreamServer (LIBRE)
[RA] CoordinatorNode recibe REQUEST de StreamServer (seq=356)
[RA] CoordinatorNode -> REPLY a StreamServer (LIBRE)
[RA] CoordinatorNode recibe REQUEST de StreamServer (seq=356)
[RA] CoordinatorNode -> REPLY a StreamServer (LIBRE)
[RA] CoordinatorNode recibe REQUEST de StreamServer (seq=356)
[RA] CoordinatorNode -> REPLY a StreamServer (LIBRE)
[RA] CoordinatorNode recibe REQUEST de StreamServer (seq=356)
[RA] CoordinatorNode -> REPLY a StreamServer (LIBRE)
[RA] CoordinatorNode recibe REQUEST de StreamServer (seq=356)
[RA] CoordinatorNode -> REPLY a StreamServer (LIBRE)
[RA] CoordinatorNode recibe REQUEST de StreamServer (seq=356)
[RA] CoordinatorNode -> REPLY a StreamServer (LIBRE)
[RA] CoordinatorNode recibe REQUEST de StreamServer (seq=356)
[RA] CoordinatorNode -> REPLY a StreamServer (LIBRE)
[RA] CoordinatorNode recibe REQUEST de StreamServer (seq=356)
[RA] CoordinatorNode -> REPLY a StreamServer (LIBRE)
[RA] CoordinatorNode recibe REQUEST de StreamServer (seq=356)
[RA] CoordinatorNode -> REPLY a StreamServer (LIBRE)
[RA] CoordinatorNode recibe REQUEST de StreamServer (seq=356)
[RA] CoordinatorNode -> REPLY a StreamServer (LIBRE)
[RA] CoordinatorNode recibe REQUEST de StreamServer (seq=356)
[RA] CoordinatorNode -> REPLY a StreamServer (LIBRE)
[RA] CoordinatorNode recibe REQUEST de StreamServer (seq=356)
[RA] CoordinatorNode -> REPLY a StreamServer (LIBRE)
[RA] CoordinatorNode recibe REQUEST de StreamServer (seq=356)
[RA] CoordinatorNode -> REPLY a StreamServer (LIBRE)
[RA] CoordinatorNode recibe REQUEST de StreamServer (seq=356)
[RA] CoordinatorNode -> REPLY a StreamServer (LIBRE)
[RA] CoordinatorNode recibe REQUEST de StreamServer (seq=356)
[RA] CoordinatorNode -> REPLY a StreamServer (LIBRE)
[RA] CoordinatorNode recibe REQUEST de StreamServer (seq=356)
[RA] CoordinatorNode -> REPLY a StreamServer (LIBRE)
[RA] CoordinatorNode recibe REQUEST de StreamServer (seq=356)
[RA] CoordinatorNode -> REPLY a StreamServer (LIBRE)
[RA] CoordinatorNode recibe REQUEST de StreamServer (seq=356)
[RA] CoordinatorNode -> REPLY a StreamServer (LIBRE)
[RA] CoordinatorNode recibe REQUEST de StreamServer (seq=356)
[RA] CoordinatorNode -> REPLY a StreamServer (LIBRE)
[RA] CoordinatorNode recibe REQUEST de StreamServer (seq=356)
[RA] CoordinatorNode -> REPLY a StreamServer (LIBRE)
[RA] CoordinatorNode recibe REQUEST de StreamServer (seq=356)
[RA] CoordinatorNode -> REPLY a StreamServer (LIBRE)
[RA] CoordinatorNode recibe REQUEST de StreamServer (seq=356)
[RA] CoordinatorNode -> REPLY a StreamServer (LIBRE)
[RA] CoordinatorNode recibe REQUEST de StreamServer (seq=356)
[RA] CoordinatorNode -> REPLY a StreamServer (LIBRE)
[RA] CoordinatorNode recibe REQUEST de StreamServer (seq=356)
[RA] CoordinatorNode -> REPLY a StreamServer (LIBRE)
[RA] CoordinatorNode recibe REQUEST de StreamServer (seq=356)
[RA] CoordinatorNode -> REPLY a StreamServer (LIBRE)
[RA] CoordinatorNode recibe REQUEST de StreamServer (seq=356)
[RA] CoordinatorNode -> REPLY a StreamServer (LIBRE)
[RA] CoordinatorNode recibe REQUEST de StreamServer (seq=356)
[RA] CoordinatorNode -> REPLY a StreamServer (LIBRE)
[RA] CoordinatorNode recibe REQUEST de StreamServer (seq=356)
[RA] CoordinatorNode -> REPLY a StreamServer (LIBRE)
[RA] CoordinatorNode recibe REQUEST de StreamServer (seq=356)
[RA] CoordinatorNode -> REPLY a StreamServer (LIBRE)
[RA] CoordinatorNode recibe REQUEST de StreamServer (seq=356)
[RA] CoordinatorNode -> REPLY a StreamServer (LIBRE)
[RA] CoordinatorNode recibe REQUEST de StreamServer (seq=356)
[RA] CoordinatorNode -> REPLY a StreamServer (LIBRE)
[RA] CoordinatorNode recibe REQUEST de StreamServer (seq=356)
[RA] CoordinatorNode -> REPLY a StreamServer (LIBRE)
[RA] CoordinatorNode recibe REQUEST de StreamServer (seq=356)
[RA] CoordinatorNode -> REPLY a StreamServer (LIBRE)
[RA] CoordinatorNode recibe REQUEST de StreamServer (seq=356)
[RA] CoordinatorNode -> REPLY a StreamServer (LIBRE)
[RA] CoordinatorNode recibe REQUEST de StreamServer (seq=356)
[RA] CoordinatorNode -> REPLY a StreamServer (LIBRE)
[RA] CoordinatorNode recibe REQUEST de StreamServer (seq=356)
[RA] CoordinatorNode -> REPLY a StreamServer (LIBRE)
[RA] CoordinatorNode recibe REQUEST de StreamServer (seq=356)
[RA] CoordinatorNode -> REPLY a StreamServer (LIBRE)
[RA] CoordinatorNode recibe REQUEST de StreamServer (seq=356)
[RA] CoordinatorNode -> REPLY a StreamServer (LIBRE)
[RA] CoordinatorNode recibe REQUEST de StreamServer (seq=356)
[RA] CoordinatorNode -> REPLY a StreamServer (LIBRE)
[RA] CoordinatorNode recibe REQUEST de StreamServer (seq=356)
[RA] CoordinatorNode -> REPLY a StreamServer (LIBRE)
[RA] CoordinatorNode recibe REQUEST de StreamServer (seq=356)
[RA] CoordinatorNode -> REPLY a StreamServer (LIBRE)
[RA] CoordinatorNode recibe REQUEST de StreamServer (seq=356)
[RA] CoordinatorNode -> REPLY a StreamServer (LIBRE)
[RA] CoordinatorNode recibe REQUEST de StreamServer (seq=356)
[RA] CoordinatorNode -> REPLY a StreamServer (LIBRE)
[RA] CoordinatorNode recibe REQUEST de StreamServer (seq=356)
[RA] CoordinatorNode -> REPLY a StreamServer (LIBRE)
[RA] CoordinatorNode recibe REQUEST de StreamServer (seq=356)
[RA] CoordinatorNode -> REPLY a StreamServer (LIBRE)
[RA] CoordinatorNode recibe REQUEST de StreamServer (seq=356)
[RA] CoordinatorNode -> REPLY a StreamServer (LIBRE)
[RA] CoordinatorNode recibe REQUEST de StreamServer (seq=658)
[RA] CoordinatorNode -> REPLY a StreamServer (LIBRE)
[RA] CoordinatorNode recibe REQUEST de StreamServer (seq=692)
[RA] CoordinatorNode -> REPLY a StreamServer (LIBRE)
[RA] CoordinatorNode recibe REQUEST de StreamServer (seq=696)
[RA] CoordinatorNode -> REPLY a StreamServer (LIBRE)
[RA] CoordinatorNode recibe REQUEST de StreamServer (seq=696)
[RA] CoordinatorNode -> REPLY a StreamServer (LIBRE)
[RA] CoordinatorNode recibe REQUEST de StreamServer (seq=696)
[RA] CoordinatorNode -> REPLY a StreamServer (LIBRE)
[RA] CoordinatorNode recibe REQUEST de StreamServer (seq=696)
[RA] CoordinatorNode -> REPLY a StreamServer (LIBRE)
[RA] CoordinatorNode recibe REQUEST de StreamServer (seq=696)
[RA] CoordinatorNode -> REPLY a StreamServer (LIBRE)
[RA] CoordinatorNode recibe REQUEST de StreamServer (seq=696)
[RA] CoordinatorNode -> REPLY a StreamServer (LIBRE)
[RA] CoordinatorNode recibe REQUEST de StreamServer (seq=696)
[RA] CoordinatorNode -> REPLY a StreamServer (LIBRE)
[RA] CoordinatorNode recibe REQUEST de StreamServer (seq=696)
[RA] CoordinatorNode -> REPLY a StreamServer (LIBRE)
[RA] CoordinatorNode recibe REQUEST de StreamServer (seq=696)
[RA] CoordinatorNode -> REPLY a StreamServer (LIBRE)
[RA] CoordinatorNode recibe REQUEST de StreamServer (seq=736)
[RA] CoordinatorNode -> REPLY a StreamServer (LIBRE)
[RA] CoordinatorNode recibe REQUEST de StreamServer (seq=736)
[RA] CoordinatorNode -> REPLY a StreamServer (LIBRE)
[RA] CoordinatorNode recibe REQUEST de StreamServer (seq=736)
[RA] CoordinatorNode -> REPLY a StreamServer (LIBRE)
[RA] CoordinatorNode recibe REQUEST de StreamServer (seq=736)
[RA] CoordinatorNode -> REPLY a StreamServer (LIBRE)
[RA] CoordinatorNode recibe REQUEST de StreamServer (seq=736)
[RA] CoordinatorNode -> REPLY a StreamServer (LIBRE)
[RA] CoordinatorNode recibe REQUEST de StreamServer (seq=736)
[RA] CoordinatorNode -> REPLY a StreamServer (LIBRE)
[RA] CoordinatorNode recibe REQUEST de StreamServer (seq=736)
[RA] CoordinatorNode -> REPLY a StreamServer (LIBRE)
[RA] CoordinatorNode recibe REQUEST de StreamServer (seq=736)
[RA] CoordinatorNode -> REPLY a StreamServer (LIBRE)
[RA] CoordinatorNode recibe REQUEST de StreamServer (seq=736)
[RA] CoordinatorNode -> REPLY a StreamServer (LIBRE)
[RA] CoordinatorNode recibe REQUEST de StreamServer (seq=736)
[RA] CoordinatorNode -> REPLY a StreamServer (LIBRE)
[RA] CoordinatorNode recibe REQUEST de StreamServer (seq=736)
[RA] CoordinatorNode -> REPLY a StreamServer (LIBRE)
[RA] CoordinatorNode recibe REQUEST de StreamServer (seq=736)
[RA] CoordinatorNode -> REPLY a StreamServer (LIBRE)
[RA] CoordinatorNode recibe REQUEST de StreamServer (seq=736)
[RA] CoordinatorNode -> REPLY a StreamServer (LIBRE)
[RA] CoordinatorNode recibe REQUEST de StreamServer (seq=736)
[RA] CoordinatorNode -> REPLY a StreamServer (LIBRE)
[RA] CoordinatorNode recibe REQUEST de StreamServer (seq=736)
[RA] CoordinatorNode -> REPLY a StreamServer (LIBRE)
[RA] CoordinatorNode recibe REQUEST de StreamServer (seq=736)
[RA] CoordinatorNode -> REPLY a StreamServer (LIBRE)
[RA] CoordinatorNode recibe REQUEST de StreamServer (seq=736)
[RA] CoordinatorNode -> REPLY a StreamServer (LIBRE)
[RA] CoordinatorNode recibe REQUEST de StreamServer (seq=736)
[RA] CoordinatorNode -> REPLY a StreamServer (LIBRE)
[RA] CoordinatorNode recibe REQUEST de StreamServer (seq=736)
[RA] CoordinatorNode -> REPLY a StreamServer (LIBRE)
[RA] CoordinatorNode recibe REQUEST de StreamServer (seq=736)
[RA] CoordinatorNode -> REPLY a StreamServer (LIBRE)
[RA] CoordinatorNode recibe REQUEST de StreamServer (seq=736)
[RA] CoordinatorNode -> REPLY a StreamServer (LIBRE)
[RA] CoordinatorNode recibe REQUEST de StreamServer (seq=736)
[RA] CoordinatorNode -> REPLY a StreamServer (LIBRE)
[RA] CoordinatorNode recibe REQUEST de StreamServer (seq=736)
[RA] CoordinatorNode -> REPLY a StreamServer (LIBRE)
[RA] CoordinatorNode recibe REQUEST de StreamServer (seq=736)
[RA] CoordinatorNode -> REPLY a StreamServer (LIBRE)
[RA] CoordinatorNode recibe REQUEST de StreamServer (seq=736)
[RA] CoordinatorNode -> REPLY a StreamServer (LIBRE)
[RA] CoordinatorNode recibe REQUEST de StreamServer (seq=736)
[RA] CoordinatorNode -> REPLY a StreamServer (LIBRE)
[RA] CoordinatorNode recibe REQUEST de StreamServer (seq=736)
[RA] CoordinatorNode -> REPLY a StreamServer (LIBRE)
[RA] CoordinatorNode recibe REQUEST de StreamServer (seq=736)
[RA] CoordinatorNode -> REPLY a StreamServer (LIBRE)
[RA] CoordinatorNode recibe REQUEST de StreamServer (seq=736)
[RA] CoordinatorNode -> REPLY a StreamServer (LIBRE)
[RA] CoordinatorNode recibe REQUEST de StreamServer (seq=736)
[RA] CoordinatorNode -> REPLY a StreamServer (LIBRE)
[RA] CoordinatorNode recibe REQUEST de StreamServer (seq=736)
[RA] CoordinatorNode -> REPLY a StreamServer (LIBRE)
[RA] CoordinatorNode recibe REQUEST de StreamServer (seq=736)
[RA] CoordinatorNode -> REPLY a StreamServer (LIBRE)
[RA] CoordinatorNode recibe REQUEST de StreamServer (seq=736)
[RA] CoordinatorNode -> REPLY a StreamServer (LIBRE)
[RA] CoordinatorNode recibe REQUEST de StreamServer (seq=736)
[RA] CoordinatorNode -> REPLY a StreamServer (LIBRE)
[RA] CoordinatorNode recibe REQUEST de StreamServer (seq=736)
[RA] CoordinatorNode -> REPLY a StreamServer (LIBRE)
[RA] CoordinatorNode recibe REQUEST de StreamServer (seq=736)
[RA] CoordinatorNode -> REPLY a StreamServer (LIBRE)
[RA] CoordinatorNode recibe REQUEST de StreamServer (seq=736)
[RA] CoordinatorNode -> REPLY a StreamServer (LIBRE)
[RA] CoordinatorNode recibe REQUEST de StreamServer (seq=736)
[RA] CoordinatorNode -> REPLY a StreamServer (LIBRE)
[RA] CoordinatorNode recibe REQUEST de StreamServer (seq=736)
[RA] CoordinatorNode -> REPLY a StreamServer (LIBRE)
[RA] CoordinatorNode recibe REQUEST de StreamServer (seq=817)
[RA] CoordinatorNode -> REPLY a StreamServer (LIBRE)
[RA] CoordinatorNode recibe REQUEST de StreamServer (seq=989)
[RA] CoordinatorNode -> REPLY a StreamServer (LIBRE)
[RA] CoordinatorNode recibe REQUEST de StreamServer (seq=989)
[RA] CoordinatorNode -> REPLY a StreamServer (LIBRE)
[RA] CoordinatorNode recibe REQUEST de StreamServer (seq=1028)
[RA] CoordinatorNode -> REPLY a StreamServer (LIBRE)
[RA] CoordinatorNode recibe REQUEST de StreamServer (seq=1028)
[RA] CoordinatorNode -> REPLY a StreamServer (LIBRE)
[RA] CoordinatorNode recibe REQUEST de StreamServer (seq=1028)
[RA] CoordinatorNode -> REPLY a StreamServer (LIBRE)
[RA] CoordinatorNode recibe REQUEST de StreamServer (seq=1028)
[RA] CoordinatorNode -> REPLY a StreamServer (LIBRE)
[RA] CoordinatorNode recibe REQUEST de StreamServer (seq=1028)
[RA] CoordinatorNode -> REPLY a StreamServer (LIBRE)
[RA] CoordinatorNode recibe REQUEST de StreamServer (seq=1028)
[RA] CoordinatorNode -> REPLY a StreamServer (LIBRE)
[RA] CoordinatorNode recibe REQUEST de StreamServer (seq=1028)
[RA] CoordinatorNode -> REPLY a StreamServer (LIBRE)
[RA] CoordinatorNode recibe REQUEST de StreamServer (seq=1028)
[RA] CoordinatorNode -> REPLY a StreamServer (LIBRE)
[RA] CoordinatorNode recibe REQUEST de StreamServer (seq=1028)
[RA] CoordinatorNode -> REPLY a StreamServer (LIBRE)
[RA] CoordinatorNode recibe REQUEST de StreamServer (seq=1028)
[RA] CoordinatorNode -> REPLY a StreamServer (LIBRE)
[RA] CoordinatorNode recibe REQUEST de StreamServer (seq=1028)
[RA] CoordinatorNode -> REPLY a StreamServer (LIBRE)
[RA] CoordinatorNode recibe REQUEST de StreamServer (seq=1028)
[RA] CoordinatorNode -> REPLY a StreamServer (LIBRE)
[RA] CoordinatorNode recibe REQUEST de StreamServer (seq=1028)
[RA] CoordinatorNode -> REPLY a StreamServer (LIBRE)
[RA] CoordinatorNode recibe REQUEST de StreamServer (seq=1028)
[RA] CoordinatorNode -> REPLY a StreamServer (LIBRE)
[RA] CoordinatorNode recibe REQUEST de StreamServer (seq=1028)
[RA] CoordinatorNode -> REPLY a StreamServer (LIBRE)
[RA] CoordinatorNode recibe REQUEST de StreamServer (seq=1028)
[RA] CoordinatorNode -> REPLY a StreamServer (LIBRE)
[RA] CoordinatorNode recibe REQUEST de StreamServer (seq=1028)
[RA] CoordinatorNode -> REPLY a StreamServer (LIBRE)
[RA] CoordinatorNode recibe REQUEST de StreamServer (seq=1028)
[RA] CoordinatorNode -> REPLY a StreamServer (LIBRE)
[RA] CoordinatorNode recibe REQUEST de StreamServer (seq=1028)
[RA] CoordinatorNode -> REPLY a StreamServer (LIBRE)
[RA] CoordinatorNode recibe REQUEST de StreamServer (seq=1028)
[RA] CoordinatorNode -> REPLY a StreamServer (LIBRE)
[RA] CoordinatorNode recibe REQUEST de StreamServer (seq=1028)
[RA] CoordinatorNode -> REPLY a StreamServer (LIBRE)
[RA] CoordinatorNode recibe REQUEST de StreamServer (seq=1028)
[RA] CoordinatorNode -> REPLY a StreamServer (LIBRE)
[RA] CoordinatorNode recibe REQUEST de StreamServer (seq=1028)
[RA] CoordinatorNode -> REPLY a StreamServer (LIBRE)
[RA] CoordinatorNode recibe REQUEST de StreamServer (seq=1028)
[RA] CoordinatorNode -> REPLY a StreamServer (LIBRE)
[RA] CoordinatorNode recibe REQUEST de StreamServer (seq=1028)
[RA] CoordinatorNode -> REPLY a StreamServer (LIBRE)
[RA] CoordinatorNode recibe REQUEST de StreamServer (seq=1028)
[RA] CoordinatorNode -> REPLY a StreamServer (LIBRE)
[RA] CoordinatorNode recibe REQUEST de StreamServer (seq=1028)
[RA] CoordinatorNode -> REPLY a StreamServer (LIBRE)
[RA] CoordinatorNode recibe REQUEST de StreamServer (seq=1028)
[RA] CoordinatorNode -> REPLY a StreamServer (LIBRE)
[RA] CoordinatorNode recibe REQUEST de StreamServer (seq=1028)
[RA] CoordinatorNode -> REPLY a StreamServer (LIBRE)
[RA] CoordinatorNode recibe REQUEST de StreamServer (seq=1095)
[RA] CoordinatorNode -> REPLY a StreamServer (LIBRE)
[RA] CoordinatorNode recibe REQUEST de StreamServer (seq=1173)
[RA] CoordinatorNode -> REPLY a StreamServer (LIBRE)
[RA] CoordinatorNode recibe REQUEST de StreamServer (seq=1173)
[RA] CoordinatorNode -> REPLY a StreamServer (LIBRE)
[RA] CoordinatorNode recibe REQUEST de StreamServer (seq=1173)
[RA] CoordinatorNode -> REPLY a StreamServer (LIBRE)
[RA] CoordinatorNode recibe REQUEST de StreamServer (seq=1173)
[RA] CoordinatorNode -> REPLY a StreamServer (LIBRE)
[RA] CoordinatorNode recibe REQUEST de StreamServer (seq=1173)
[RA] CoordinatorNode -> REPLY a StreamServer (LIBRE)
[RA] CoordinatorNode recibe REQUEST de StreamServer (seq=1173)
[RA] CoordinatorNode -> REPLY a StreamServer (LIBRE)
[RA] CoordinatorNode recibe REQUEST de StreamServer (seq=1173)
[RA] CoordinatorNode -> REPLY a StreamServer (LIBRE)
[RA] CoordinatorNode recibe REQUEST de StreamServer (seq=1173)
[RA] CoordinatorNode -> REPLY a StreamServer (LIBRE)
[RA] CoordinatorNode recibe REQUEST de StreamServer (seq=1173)
[RA] CoordinatorNode -> REPLY a StreamServer (LIBRE)
[RA] CoordinatorNode recibe REQUEST de StreamServer (seq=1173)
[RA] CoordinatorNode -> REPLY a StreamServer (LIBRE)
[RA] CoordinatorNode recibe REQUEST de StreamServer (seq=1173)
[RA] CoordinatorNode -> REPLY a StreamServer (LIBRE)
[RA] CoordinatorNode recibe REQUEST de StreamServer (seq=1173)
[RA] CoordinatorNode -> REPLY a StreamServer (LIBRE)
[RA] CoordinatorNode recibe REQUEST de StreamServer (seq=1173)
[RA] CoordinatorNode -> REPLY a StreamServer (LIBRE)
[RA] CoordinatorNode recibe REQUEST de StreamServer (seq=1173)
[RA] CoordinatorNode -> REPLY a StreamServer (LIBRE)
[RA] CoordinatorNode recibe REQUEST de StreamServer (seq=1173)
[RA] CoordinatorNode -> REPLY a StreamServer (LIBRE)
[RA] CoordinatorNode recibe REQUEST de StreamServer (seq=1173)
[RA] CoordinatorNode -> REPLY a StreamServer (LIBRE)
[RA] CoordinatorNode recibe REQUEST de StreamServer (seq=1173)
[RA] CoordinatorNode -> REPLY a StreamServer (LIBRE)
[RA] CoordinatorNode recibe REQUEST de StreamServer (seq=1222)
[RA] CoordinatorNode -> REPLY a StreamServer (LIBRE)
[RA] CoordinatorNode recibe REQUEST de StreamServer (seq=1299)
[RA] CoordinatorNode -> REPLY a StreamServer (LIBRE)
[RA] CoordinatorNode recibe REQUEST de StreamServer (seq=1299)
[RA] CoordinatorNode -> REPLY a StreamServer (LIBRE)
[RA] CoordinatorNode recibe REQUEST de StreamServer (seq=1299)
[RA] CoordinatorNode -> REPLY a StreamServer (LIBRE)
[RA] CoordinatorNode recibe REQUEST de StreamServer (seq=1299)
[RA] CoordinatorNode -> REPLY a StreamServer (LIBRE)
[RA] CoordinatorNode recibe REQUEST de StreamServer (seq=1299)
[RA] CoordinatorNode -> REPLY a StreamServer (LIBRE)
[RA] CoordinatorNode recibe REQUEST de StreamServer (seq=1299)
[RA] CoordinatorNode -> REPLY a StreamServer (LIBRE)
[RA] CoordinatorNode recibe REQUEST de StreamServer (seq=1299)
[RA] CoordinatorNode -> REPLY a StreamServer (LIBRE)
[RA] CoordinatorNode recibe REQUEST de StreamServer (seq=1299)
[RA] CoordinatorNode -> REPLY a StreamServer (LIBRE)
[RA] CoordinatorNode recibe REQUEST de StreamServer (seq=1299)
[RA] CoordinatorNode -> REPLY a StreamServer (LIBRE)
[RA] CoordinatorNode recibe REQUEST de StreamServer (seq=1299)
[RA] CoordinatorNode -> REPLY a StreamServer (LIBRE)
[RA] CoordinatorNode recibe REQUEST de StreamServer (seq=1299)
[RA] CoordinatorNode -> REPLY a StreamServer (LIBRE)
[RA] CoordinatorNode recibe REQUEST de StreamServer (seq=1299)
[RA] CoordinatorNode -> REPLY a StreamServer (LIBRE)
[RA] CoordinatorNode recibe REQUEST de StreamServer (seq=1299)
[RA] CoordinatorNode -> REPLY a StreamServer (LIBRE)
[RA] CoordinatorNode recibe REQUEST de StreamServer (seq=1299)
[RA] CoordinatorNode -> REPLY a StreamServer (LIBRE)
[RA] CoordinatorNode recibe REQUEST de StreamServer (seq=1299)
[RA] CoordinatorNode -> REPLY a StreamServer (LIBRE)
[RA] CoordinatorNode recibe REQUEST de StreamServer (seq=1299)
[RA] CoordinatorNode -> REPLY a StreamServer (LIBRE)
[RA] CoordinatorNode recibe REQUEST de StreamServer (seq=1299)
[RA] CoordinatorNode -> REPLY a StreamServer (LIBRE)
[RA] CoordinatorNode recibe REQUEST de StreamServer (seq=1299)
[RA] CoordinatorNode -> REPLY a StreamServer (LIBRE)
[RA] CoordinatorNode recibe REQUEST de StreamServer (seq=1299)
[RA] CoordinatorNode -> REPLY a StreamServer (LIBRE)
[RA] CoordinatorNode recibe REQUEST de StreamServer (seq=1360)
[RA] CoordinatorNode -> REPLY a StreamServer (LIBRE)
[RA] CoordinatorNode recibe REQUEST de StreamServer (seq=1360)
[RA] CoordinatorNode -> REPLY a StreamServer (LIBRE)
[RA] CoordinatorNode recibe REQUEST de StreamServer (seq=1360)
[RA] CoordinatorNode -> REPLY a StreamServer (LIBRE)
[RA] CoordinatorNode recibe REQUEST de StreamServer (seq=1360)
[RA] CoordinatorNode -> REPLY a StreamServer (LIBRE)
[RA] CoordinatorNode recibe REQUEST de StreamServer (seq=1360)
[RA] CoordinatorNode -> REPLY a StreamServer (LIBRE)
[RA] CoordinatorNode recibe REQUEST de StreamServer (seq=1360)
[RA] CoordinatorNode -> REPLY a StreamServer (LIBRE)
[RA] CoordinatorNode recibe REQUEST de StreamServer (seq=1360)
[RA] CoordinatorNode -> REPLY a StreamServer (LIBRE)
[RA] CoordinatorNode recibe REQUEST de StreamServer (seq=1360)
[RA] CoordinatorNode -> REPLY a StreamServer (LIBRE)
[RA] CoordinatorNode recibe REQUEST de StreamServer (seq=1360)
[RA] CoordinatorNode -> REPLY a StreamServer (LIBRE)
[RA] CoordinatorNode recibe REQUEST de StreamServer (seq=1360)
[RA] CoordinatorNode -> REPLY a StreamServer (LIBRE)
[RA] CoordinatorNode recibe REQUEST de StreamServer (seq=1360)
[RA] CoordinatorNode -> REPLY a StreamServer (LIBRE)
[RA] CoordinatorNode recibe REQUEST de StreamServer (seq=1360)
[RA] CoordinatorNode -> REPLY a StreamServer (LIBRE)
[RA] CoordinatorNode recibe REQUEST de StreamServer (seq=1360)
[RA] CoordinatorNode -> REPLY a StreamServer (LIBRE)
[RA] CoordinatorNode recibe REQUEST de StreamServer (seq=1360)
[RA] CoordinatorNode -> REPLY a StreamServer (LIBRE)
[RA] CoordinatorNode recibe REQUEST de StreamServer (seq=1360)
[RA] CoordinatorNode -> REPLY a StreamServer (LIBRE)
[RA] CoordinatorNode recibe REQUEST de StreamServer (seq=1360)
[RA] CoordinatorNode -> REPLY a StreamServer (LIBRE)
[RA] CoordinatorNode recibe REQUEST de StreamServer (seq=1360)
[RA] CoordinatorNode -> REPLY a StreamServer (LIBRE)
[RA] CoordinatorNode recibe REQUEST de StreamServer (seq=1360)
[RA] CoordinatorNode -> REPLY a StreamServer (LIBRE)
[RA] CoordinatorNode recibe REQUEST de StreamServer (seq=1360)
[RA] CoordinatorNode -> REPLY a StreamServer (LIBRE)
[RA] CoordinatorNode recibe REQUEST de StreamServer (seq=1360)
[RA] CoordinatorNode -> REPLY a StreamServer (LIBRE)
[RA] CoordinatorNode recibe REQUEST de StreamServer (seq=1457)
[RA] CoordinatorNode -> REPLY a StreamServer (LIBRE)
[RA] CoordinatorNode recibe REQUEST de StreamServer (seq=1545)
[RA] CoordinatorNode -> REPLY a StreamServer (LIBRE)
[RA] CoordinatorNode recibe REQUEST de StreamServer (seq=1545)
[RA] CoordinatorNode -> REPLY a StreamServer (LIBRE)
[RA] CoordinatorNode recibe REQUEST de StreamServer (seq=1545)
[RA] CoordinatorNode -> REPLY a StreamServer (LIBRE)
[RA] CoordinatorNode recibe REQUEST de StreamServer (seq=1545)
[RA] CoordinatorNode -> REPLY a StreamServer (LIBRE)
[RA] CoordinatorNode recibe REQUEST de StreamServer (seq=1545)
[RA] CoordinatorNode -> REPLY a StreamServer (LIBRE)
[RA] CoordinatorNode recibe REQUEST de StreamServer (seq=1545)
[RA] CoordinatorNode -> REPLY a StreamServer (LIBRE)
[RA] CoordinatorNode recibe REQUEST de StreamServer (seq=1545)
[RA] CoordinatorNode -> REPLY a StreamServer (LIBRE)
[RA] CoordinatorNode recibe REQUEST de StreamServer (seq=1545)
[RA] CoordinatorNode -> REPLY a StreamServer (LIBRE)
[RA] CoordinatorNode recibe REQUEST de StreamServer (seq=1545)
[RA] CoordinatorNode -> REPLY a StreamServer (LIBRE)
[RA] CoordinatorNode recibe REQUEST de StreamServer (seq=1545)
[RA] CoordinatorNode -> REPLY a StreamServer (LIBRE)
[RA] CoordinatorNode recibe REQUEST de StreamServer (seq=1545)
[RA] CoordinatorNode -> REPLY a StreamServer (LIBRE)
[RA] CoordinatorNode recibe REQUEST de StreamServer (seq=1545)
[RA] CoordinatorNode -> REPLY a StreamServer (LIBRE)
[RA] CoordinatorNode recibe REQUEST de StreamServer (seq=1545)
[RA] CoordinatorNode -> REPLY a StreamServer (LIBRE)
[RA] CoordinatorNode recibe REQUEST de StreamServer (seq=1545)
[RA] CoordinatorNode -> REPLY a StreamServer (LIBRE)
[RA] CoordinatorNode recibe REQUEST de StreamServer (seq=1545)
[RA] CoordinatorNode -> REPLY a StreamServer (LIBRE)
[RA] CoordinatorNode recibe REQUEST de StreamServer (seq=1545)
[RA] CoordinatorNode -> REPLY a StreamServer (LIBRE)
[RA] CoordinatorNode recibe REQUEST de StreamServer (seq=1602)
[RA] CoordinatorNode -> REPLY a StreamServer (LIBRE)
[RA] CoordinatorNode recibe REQUEST de StreamServer (seq=1680)
[RA] CoordinatorNode -> REPLY a StreamServer (LIBRE)
[RA] CoordinatorNode recibe REQUEST de StreamServer (seq=1680)
[RA] CoordinatorNode -> REPLY a StreamServer (LIBRE)
[RA] CoordinatorNode recibe REQUEST de StreamServer (seq=1680)
[RA] CoordinatorNode -> REPLY a StreamServer (LIBRE)
[RA] CoordinatorNode recibe REQUEST de StreamServer (seq=1680)
[RA] CoordinatorNode -> REPLY a StreamServer (LIBRE)
[RA] CoordinatorNode recibe REQUEST de StreamServer (seq=1680)
[RA] CoordinatorNode -> REPLY a StreamServer (LIBRE)
[RA] CoordinatorNode recibe REQUEST de StreamServer (seq=1680)
[RA] CoordinatorNode -> REPLY a StreamServer (LIBRE)
[RA] CoordinatorNode recibe REQUEST de StreamServer (seq=1680)
[RA] CoordinatorNode -> REPLY a StreamServer (LIBRE)
[RA] CoordinatorNode recibe REQUEST de StreamServer (seq=1680)
[RA] CoordinatorNode -> REPLY a StreamServer (LIBRE)
[RA] CoordinatorNode recibe REQUEST de StreamServer (seq=1680)
[RA] CoordinatorNode -> REPLY a StreamServer (LIBRE)
[RA] CoordinatorNode recibe REQUEST de StreamServer (seq=1680)
[RA] CoordinatorNode -> REPLY a StreamServer (LIBRE)
[RA] CoordinatorNode recibe REQUEST de StreamServer (seq=1680)
[RA] CoordinatorNode -> REPLY a StreamServer (LIBRE)
[RA] CoordinatorNode recibe REQUEST de StreamServer (seq=1680)
[RA] CoordinatorNode -> REPLY a StreamServer (LIBRE)
[RA] CoordinatorNode recibe REQUEST de StreamServer (seq=1680)
[RA] CoordinatorNode -> REPLY a StreamServer (LIBRE)
[RA] CoordinatorNode recibe REQUEST de StreamServer (seq=1680)
[RA] CoordinatorNode -> REPLY a StreamServer (LIBRE)
[RA] CoordinatorNode recibe REQUEST de StreamServer (seq=1680)
[RA] CoordinatorNode -> REPLY a StreamServer (LIBRE)
[RA] CoordinatorNode recibe REQUEST de StreamServer (seq=1680)
[RA] CoordinatorNode -> REPLY a StreamServer (LIBRE)
[RA] CoordinatorNode recibe REQUEST de StreamServer (seq=1680)
[RA] CoordinatorNode -> REPLY a StreamServer (LIBRE)
[RA] CoordinatorNode recibe REQUEST de StreamServer (seq=1680)
[RA] CoordinatorNode -> REPLY a StreamServer (LIBRE)
[RA] CoordinatorNode recibe REQUEST de StreamServer (seq=1680)
[RA] CoordinatorNode -> REPLY a StreamServer (LIBRE)
[RA] CoordinatorNode recibe REQUEST de StreamServer (seq=1680)
[RA] CoordinatorNode -> REPLY a StreamServer (LIBRE)
[RA] CoordinatorNode recibe REQUEST de StreamServer (seq=1680)
[RA] CoordinatorNode -> REPLY a StreamServer (LIBRE)
[RA] CoordinatorNode recibe REQUEST de StreamServer (seq=1680)
[RA] CoordinatorNode -> REPLY a StreamServer (LIBRE)
[RA] CoordinatorNode recibe REQUEST de StreamServer (seq=1735)
[RA] CoordinatorNode -> REPLY a StreamServer (LIBRE)
[RA] CoordinatorNode recibe REQUEST de StreamServer (seq=1745)
[RA] CoordinatorNode -> REPLY a StreamServer (LIBRE)
[RA] CoordinatorNode recibe REQUEST de StreamServer (seq=1745)
[RA] CoordinatorNode -> REPLY a StreamServer (LIBRE)
[RA] CoordinatorNode recibe REQUEST de StreamServer (seq=1762)
[RA] CoordinatorNode -> REPLY a StreamServer (LIBRE)
[RA] CoordinatorNode recibe REQUEST de StreamServer (seq=1762)
[RA] CoordinatorNode -> REPLY a StreamServer (LIBRE)
[RA] CoordinatorNode recibe REQUEST de StreamServer (seq=1762)
[RA] CoordinatorNode -> REPLY a StreamServer (LIBRE)
[RA] CoordinatorNode recibe REQUEST de StreamServer (seq=1762)
[RA] CoordinatorNode -> REPLY a StreamServer (LIBRE)
[RA] CoordinatorNode recibe REQUEST de StreamServer (seq=1762)
[RA] CoordinatorNode -> REPLY a StreamServer (LIBRE)
[RA] CoordinatorNode recibe REQUEST de StreamServer (seq=1762)
[RA] CoordinatorNode -> REPLY a StreamServer (LIBRE)
[RA] CoordinatorNode recibe REQUEST de StreamServer (seq=1762)
[RA] CoordinatorNode -> REPLY a StreamServer (LIBRE)
[RA] CoordinatorNode recibe REQUEST de StreamServer (seq=1762)
[RA] CoordinatorNode -> REPLY a StreamServer (LIBRE)
[RA] CoordinatorNode recibe REQUEST de StreamServer (seq=1762)
[RA] CoordinatorNode -> REPLY a StreamServer (LIBRE)
[RA] CoordinatorNode recibe REQUEST de StreamServer (seq=1762)
[RA] CoordinatorNode -> REPLY a StreamServer (LIBRE)
[RA] CoordinatorNode recibe REQUEST de StreamServer (seq=1762)
[RA] CoordinatorNode -> REPLY a StreamServer (LIBRE)
[RA] CoordinatorNode recibe REQUEST de StreamServer (seq=1762)
[RA] CoordinatorNode -> REPLY a StreamServer (LIBRE)
[RA] CoordinatorNode recibe REQUEST de StreamServer (seq=1762)
[RA] CoordinatorNode -> REPLY a StreamServer (LIBRE)
[RA] CoordinatorNode recibe REQUEST de StreamServer (seq=1793)
[RA] CoordinatorNode -> REPLY a StreamServer (LIBRE)
[RA] CoordinatorNode recibe REQUEST de StreamServer (seq=1793)
[RA] CoordinatorNode -> REPLY a StreamServer (LIBRE)
[RA] CoordinatorNode recibe REQUEST de StreamServer (seq=1793)
[RA] CoordinatorNode -> REPLY a StreamServer (LIBRE)
[RA] CoordinatorNode recibe REQUEST de StreamServer (seq=1793)
[RA] CoordinatorNode -> REPLY a StreamServer (LIBRE)
[RA] CoordinatorNode recibe REQUEST de StreamServer (seq=1866)
[RA] CoordinatorNode -> REPLY a StreamServer (LIBRE)
[RA] CoordinatorNode recibe REQUEST de StreamServer (seq=1869)
[RA] CoordinatorNode -> REPLY a StreamServer (LIBRE)
[RA] CoordinatorNode recibe REQUEST de StreamServer (seq=1874)
[RA] CoordinatorNode -> REPLY a StreamServer (LIBRE)
[RA] CoordinatorNode recibe REQUEST de StreamServer (seq=1879)
[RA] CoordinatorNode -> REPLY a StreamServer (LIBRE)
[RA] CoordinatorNode recibe REQUEST de StreamServer (seq=1879)
[RA] CoordinatorNode -> REPLY a StreamServer (LIBRE)
[RA] CoordinatorNode recibe REQUEST de StreamServer (seq=1879)
[RA] CoordinatorNode -> REPLY a StreamServer (LIBRE)
[RA] CoordinatorNode recibe REQUEST de StreamServer (seq=1879)
[RA] CoordinatorNode -> REPLY a StreamServer (LIBRE)
[RA] CoordinatorNode recibe REQUEST de StreamServer (seq=1879)
[RA] CoordinatorNode -> REPLY a StreamServer (LIBRE)
[RA] CoordinatorNode recibe REQUEST de StreamServer (seq=1879)
[RA] CoordinatorNode -> REPLY a StreamServer (LIBRE)
[RA] CoordinatorNode recibe REQUEST de StreamServer (seq=1897)
[RA] CoordinatorNode -> REPLY a StreamServer (LIBRE)
[RA] CoordinatorNode recibe REQUEST de StreamServer (seq=1922)
[RA] CoordinatorNode -> REPLY a StreamServer (LIBRE)
[RA] CoordinatorNode recibe REQUEST de StreamServer (seq=1922)
[RA] CoordinatorNode -> REPLY a StreamServer (LIBRE)
[RA] CoordinatorNode recibe REQUEST de StreamServer (seq=1922)
[RA] CoordinatorNode -> REPLY a StreamServer (LIBRE)
[RA] CoordinatorNode recibe REQUEST de StreamServer (seq=1922)
[RA] CoordinatorNode -> REPLY a StreamServer (LIBRE)
[RA] CoordinatorNode recibe REQUEST de StreamServer (seq=1922)
[RA] CoordinatorNode -> REPLY a StreamServer (LIBRE)
[RA] CoordinatorNode recibe REQUEST de StreamServer (seq=1922)
[RA] CoordinatorNode -> REPLY a StreamServer (LIBRE)
[RA] CoordinatorNode recibe REQUEST de StreamServer (seq=1922)
[RA] CoordinatorNode -> REPLY a StreamServer (LIBRE)
[RA] CoordinatorNode recibe REQUEST de StreamServer (seq=1922)
[RA] CoordinatorNode -> REPLY a StreamServer (LIBRE)
[RA] CoordinatorNode recibe REQUEST de StreamServer (seq=1922)
[RA] CoordinatorNode -> REPLY a StreamServer (LIBRE)
[RA] CoordinatorNode recibe REQUEST de StreamServer (seq=1922)
[RA] CoordinatorNode -> REPLY a StreamServer (LIBRE)
[RA] CoordinatorNode recibe REQUEST de StreamServer (seq=1944)
[RA] CoordinatorNode -> REPLY a StreamServer (LIBRE)
[RA] CoordinatorNode recibe REQUEST de StreamServer (seq=2117)
[RA] CoordinatorNode -> REPLY a StreamServer (LIBRE)
[RA] CoordinatorNode recibe REQUEST de StreamServer (seq=2117)
[RA] CoordinatorNode -> REPLY a StreamServer (LIBRE)
[RA] CoordinatorNode recibe REQUEST de StreamServer (seq=2117)
[RA] CoordinatorNode -> REPLY a StreamServer (LIBRE)
[RA] CoordinatorNode recibe REQUEST de StreamServer (seq=2117)
[RA] CoordinatorNode -> REPLY a StreamServer (LIBRE)
[RA] CoordinatorNode recibe REQUEST de StreamServer (seq=2117)
[RA] CoordinatorNode -> REPLY a StreamServer (LIBRE)
[RA] CoordinatorNode recibe REQUEST de StreamServer (seq=2165)
[RA] CoordinatorNode -> REPLY a StreamServer (LIBRE)
[RA] CoordinatorNode recibe REQUEST de StreamServer (seq=2174)
[RA] CoordinatorNode -> REPLY a StreamServer (LIBRE)
[RA] CoordinatorNode recibe REQUEST de StreamServer (seq=2174)
[RA] CoordinatorNode -> REPLY a StreamServer (LIBRE)
[RA] CoordinatorNode recibe REQUEST de StreamServer (seq=2234)
[RA] CoordinatorNode -> REPLY a StreamServer (LIBRE)
[RA] CoordinatorNode recibe REQUEST de StreamServer (seq=2234)
[RA] CoordinatorNode -> REPLY a StreamServer (LIBRE)
[RA] CoordinatorNode recibe REQUEST de StreamServer (seq=2234)
[RA] CoordinatorNode -> REPLY a StreamServer (LIBRE)
[RA] CoordinatorNode recibe REQUEST de StreamServer (seq=2234)
[RA] CoordinatorNode -> REPLY a StreamServer (LIBRE)
[RA] CoordinatorNode recibe REQUEST de StreamServer (seq=2234)
[RA] CoordinatorNode -> REPLY a StreamServer (LIBRE)
[RA] CoordinatorNode recibe REQUEST de StreamServer (seq=2234)
[RA] CoordinatorNode -> REPLY a StreamServer (LIBRE)
[RA] CoordinatorNode recibe REQUEST de StreamServer (seq=2234)
[RA] CoordinatorNode -> REPLY a StreamServer (LIBRE)
[RA] CoordinatorNode recibe REQUEST de StreamServer (seq=2234)
[RA] CoordinatorNode -> REPLY a StreamServer (LIBRE)
[RA] CoordinatorNode recibe REQUEST de StreamServer (seq=2234)
[RA] CoordinatorNode -> REPLY a StreamServer (LIBRE)
[RA] CoordinatorNode recibe REQUEST de StreamServer (seq=2234)
[RA] CoordinatorNode -> REPLY a StreamServer (LIBRE)
[RA] CoordinatorNode recibe REQUEST de StreamServer (seq=2234)
[RA] CoordinatorNode -> REPLY a StreamServer (LIBRE)
[RA] CoordinatorNode recibe REQUEST de StreamServer (seq=2234)
[RA] CoordinatorNode -> REPLY a StreamServer (LIBRE)
[RA] CoordinatorNode recibe REQUEST de StreamServer (seq=2234)
[RA] CoordinatorNode -> REPLY a StreamServer (LIBRE)
[RA] CoordinatorNode recibe REQUEST de StreamServer (seq=2234)
[RA] CoordinatorNode -> REPLY a StreamServer (LIBRE)
[RA] CoordinatorNode recibe REQUEST de StreamServer (seq=2234)
[RA] CoordinatorNode -> REPLY a StreamServer (LIBRE)
[RA] CoordinatorNode recibe REQUEST de StreamServer (seq=2234)
[RA] CoordinatorNode -> REPLY a StreamServer (LIBRE)
[RA] CoordinatorNode recibe REQUEST de StreamServer (seq=2234)
[RA] CoordinatorNode -> REPLY a StreamServer (LIBRE)
[RA] CoordinatorNode recibe REQUEST de StreamServer (seq=2234)
[RA] CoordinatorNode -> REPLY a StreamServer (LIBRE)
[RA] CoordinatorNode recibe REQUEST de StreamServer (seq=2234)
[RA] CoordinatorNode -> REPLY a StreamServer (LIBRE)
[RA] CoordinatorNode recibe REQUEST de StreamServer (seq=2234)
[RA] CoordinatorNode -> REPLY a StreamServer (LIBRE)
[RA] CoordinatorNode recibe REQUEST de StreamServer (seq=2234)
[RA] CoordinatorNode -> REPLY a StreamServer (LIBRE)
[RA] CoordinatorNode recibe REQUEST de StreamServer (seq=2234)
[RA] CoordinatorNode -> REPLY a StreamServer (LIBRE)
[RA] CoordinatorNode recibe REQUEST de StreamServer (seq=2234)
[RA] CoordinatorNode -> REPLY a StreamServer (LIBRE)
[RA] CoordinatorNode recibe REQUEST de StreamServer (seq=2234)
[RA] CoordinatorNode -> REPLY a StreamServer (LIBRE)
[RA] CoordinatorNode recibe REQUEST de StreamServer (seq=2234)
[RA] CoordinatorNode -> REPLY a StreamServer (LIBRE)
[RA] CoordinatorNode recibe REQUEST de StreamServer (seq=2234)
[RA] CoordinatorNode -> REPLY a StreamServer (LIBRE)
[RA] CoordinatorNode recibe REQUEST de StreamServer (seq=2234)
[RA] CoordinatorNode -> REPLY a StreamServer (LIBRE)
[RA] CoordinatorNode recibe REQUEST de StreamServer (seq=2234)
[RA] CoordinatorNode -> REPLY a StreamServer (LIBRE)
[RA] CoordinatorNode recibe REQUEST de StreamServer (seq=2234)
[RA] CoordinatorNode -> REPLY a StreamServer (LIBRE)
[RA] CoordinatorNode recibe REQUEST de StreamServer (seq=2234)
[RA] CoordinatorNode -> REPLY a StreamServer (LIBRE)
[RA] CoordinatorNode recibe REQUEST de StreamServer (seq=2234)
[RA] CoordinatorNode -> REPLY a StreamServer (LIBRE)
[RA] CoordinatorNode recibe REQUEST de StreamServer (seq=2234)
[RA] CoordinatorNode -> REPLY a StreamServer (LIBRE)
[RA] CoordinatorNode recibe REQUEST de StreamServer (seq=2234)
[RA] CoordinatorNode -> REPLY a StreamServer (LIBRE)
[RA] CoordinatorNode recibe REQUEST de StreamServer (seq=2234)
[RA] CoordinatorNode -> REPLY a StreamServer (LIBRE)
[RA] CoordinatorNode recibe REQUEST de StreamServer (seq=2234)
[RA] CoordinatorNode -> REPLY a StreamServer (LIBRE)
[RA] CoordinatorNode recibe REQUEST de StreamServer (seq=2234)
[RA] CoordinatorNode -> REPLY a StreamServer (LIBRE)
[RA] CoordinatorNode recibe REQUEST de StreamServer (seq=2234)
[RA] CoordinatorNode -> REPLY a StreamServer (LIBRE)
[RA] CoordinatorNode recibe REQUEST de StreamServer (seq=2234)
[RA] CoordinatorNode -> REPLY a StreamServer (LIBRE)
[RA] CoordinatorNode recibe REQUEST de StreamServer (seq=2234)
[RA] CoordinatorNode -> REPLY a StreamServer (LIBRE)
[RA] CoordinatorNode recibe REQUEST de StreamServer (seq=2234)
[RA] CoordinatorNode -> REPLY a StreamServer (LIBRE)
[RA] CoordinatorNode recibe REQUEST de StreamServer (seq=2438)
[RA] CoordinatorNode -> REPLY a StreamServer (LIBRE)
[RA] CoordinatorNode recibe REQUEST de StreamServer (seq=2439)
[RA] CoordinatorNode -> REPLY a StreamServer (LIBRE)
[RA] CoordinatorNode recibe REQUEST de StreamServer (seq=2439)
[RA] CoordinatorNode -> REPLY a StreamServer (LIBRE)
[RA] CoordinatorNode recibe REQUEST de StreamServer (seq=2439)
[RA] CoordinatorNode -> REPLY a StreamServer (LIBRE)
[RA] CoordinatorNode recibe REQUEST de StreamServer (seq=2439)
[RA] CoordinatorNode -> REPLY a StreamServer (LIBRE)
[RA] CoordinatorNode recibe REQUEST de StreamServer (seq=2471)
[RA] CoordinatorNode -> REPLY a StreamServer (LIBRE)
[RA] CoordinatorNode recibe REQUEST de StreamServer (seq=2480)
[RA] CoordinatorNode -> REPLY a StreamServer (LIBRE)
[RA] CoordinatorNode recibe REQUEST de StreamServer (seq=2480)
[RA] CoordinatorNode -> REPLY a StreamServer (LIBRE)
[RA] CoordinatorNode recibe REQUEST de StreamServer (seq=2518)
[RA] CoordinatorNode -> REPLY a StreamServer (LIBRE)
[RA] CoordinatorNode recibe REQUEST de StreamServer (seq=2518)
[RA] CoordinatorNode -> REPLY a StreamServer (LIBRE)
[RA] CoordinatorNode recibe REQUEST de StreamServer (seq=2518)
[RA] CoordinatorNode -> REPLY a StreamServer (LIBRE)
[RA] CoordinatorNode recibe REQUEST de StreamServer (seq=2518)
[RA] CoordinatorNode -> REPLY a StreamServer (LIBRE)
[RA] CoordinatorNode recibe REQUEST de StreamServer (seq=2518)
[RA] CoordinatorNode -> REPLY a StreamServer (LIBRE)
[RA] CoordinatorNode recibe REQUEST de StreamServer (seq=2518)
[RA] CoordinatorNode -> REPLY a StreamServer (LIBRE)
[RA] CoordinatorNode recibe REQUEST de StreamServer (seq=2518)
[RA] CoordinatorNode -> REPLY a StreamServer (LIBRE)
[RA] CoordinatorNode recibe REQUEST de StreamServer (seq=2518)
[RA] CoordinatorNode -> REPLY a StreamServer (LIBRE)
[RA] CoordinatorNode recibe REQUEST de StreamServer (seq=2518)
[RA] CoordinatorNode -> REPLY a StreamServer (LIBRE)
[RA] CoordinatorNode recibe REQUEST de StreamServer (seq=2568)
[RA] CoordinatorNode -> REPLY a StreamServer (LIBRE)
[RA] CoordinatorNode recibe REQUEST de StreamServer (seq=2568)
[RA] CoordinatorNode -> REPLY a StreamServer (LIBRE)
[RA] CoordinatorNode recibe REQUEST de StreamServer (seq=2568)
[RA] CoordinatorNode -> REPLY a StreamServer (LIBRE)
[RA] CoordinatorNode recibe REQUEST de StreamServer (seq=2568)
[RA] CoordinatorNode -> REPLY a StreamServer (LIBRE)
[RA] CoordinatorNode recibe REQUEST de StreamServer (seq=2568)
[RA] CoordinatorNode -> REPLY a StreamServer (LIBRE)
[RA] CoordinatorNode recibe REQUEST de StreamServer (seq=2568)
[RA] CoordinatorNode -> REPLY a StreamServer (LIBRE)
[RA] CoordinatorNode recibe REQUEST de StreamServer (seq=2568)
[RA] CoordinatorNode -> REPLY a StreamServer (LIBRE)
[RA] CoordinatorNode recibe REQUEST de StreamServer (seq=2568)
[RA] CoordinatorNode -> REPLY a StreamServer (LIBRE)
[RA] CoordinatorNode recibe REQUEST de StreamServer (seq=2568)
[RA] CoordinatorNode -> REPLY a StreamServer (LIBRE)
[RA] CoordinatorNode recibe REQUEST de StreamServer (seq=2568)
[RA] CoordinatorNode -> REPLY a StreamServer (LIBRE)
[RA] CoordinatorNode recibe REQUEST de StreamServer (seq=2568)
[RA] CoordinatorNode -> REPLY a StreamServer (LIBRE)
[RA] CoordinatorNode recibe REQUEST de StreamServer (seq=2568)
[RA] CoordinatorNode -> REPLY a StreamServer (LIBRE)
[RA] CoordinatorNode recibe REQUEST de StreamServer (seq=2568)
[RA] CoordinatorNode -> REPLY a StreamServer (LIBRE)
[RA] CoordinatorNode recibe REQUEST de StreamServer (seq=2568)
[RA] CoordinatorNode -> REPLY a StreamServer (LIBRE)
[RA] CoordinatorNode recibe REQUEST de StreamServer (seq=2568)
[RA] CoordinatorNode -> REPLY a StreamServer (LIBRE)
[RA] CoordinatorNode recibe REQUEST de StreamServer (seq=2568)
[RA] CoordinatorNode -> REPLY a StreamServer (LIBRE)
[RA] CoordinatorNode recibe REQUEST de StreamServer (seq=2568)
[RA] CoordinatorNode -> REPLY a StreamServer (LIBRE)
[RA] CoordinatorNode recibe REQUEST de StreamServer (seq=2568)
[RA] CoordinatorNode -> REPLY a StreamServer (LIBRE)
[RA] CoordinatorNode recibe REQUEST de StreamServer (seq=2568)
[RA] CoordinatorNode -> REPLY a StreamServer (LIBRE)
[RA] CoordinatorNode recibe REQUEST de StreamServer (seq=2568)
[RA] CoordinatorNode -> REPLY a StreamServer (LIBRE)
[RA] CoordinatorNode recibe REQUEST de StreamServer (seq=2568)
[RA] CoordinatorNode -> REPLY a StreamServer (LIBRE)
[RA] CoordinatorNode recibe REQUEST de StreamServer (seq=2568)
[RA] CoordinatorNode -> REPLY a StreamServer (LIBRE)
[RA] CoordinatorNode recibe REQUEST de StreamServer (seq=2568)
[RA] CoordinatorNode -> REPLY a StreamServer (LIBRE)
[RA] CoordinatorNode recibe REQUEST de StreamServer (seq=2568)
[RA] CoordinatorNode -> REPLY a StreamServer (LIBRE)
[RA] CoordinatorNode recibe REQUEST de StreamServer (seq=2568)
[RA] CoordinatorNode -> REPLY a StreamServer (LIBRE)
[RA] CoordinatorNode recibe REQUEST de StreamServer (seq=2568)
[RA] CoordinatorNode -> REPLY a StreamServer (LIBRE)
[RA] CoordinatorNode recibe REQUEST de StreamServer (seq=2568)
[RA] CoordinatorNode -> REPLY a StreamServer (LIBRE)
[RA] CoordinatorNode recibe REQUEST de StreamServer (seq=2568)
[RA] CoordinatorNode -> REPLY a StreamServer (LIBRE)
[RA] CoordinatorNode recibe REQUEST de StreamServer (seq=2568)
[RA] CoordinatorNode -> REPLY a StreamServer (LIBRE)
[RA] CoordinatorNode recibe REQUEST de StreamServer (seq=2568)
[RA] CoordinatorNode -> REPLY a StreamServer (LIBRE)
[RA] CoordinatorNode recibe REQUEST de StreamServer (seq=2568)
[RA] CoordinatorNode -> REPLY a StreamServer (LIBRE)
[RA] CoordinatorNode recibe REQUEST de StreamServer (seq=2568)
[RA] CoordinatorNode -> REPLY a StreamServer (LIBRE)
[RA] CoordinatorNode recibe REQUEST de StreamServer (seq=2634)
[RA] CoordinatorNode -> REPLY a StreamServer (LIBRE)
[RA] CoordinatorNode recibe REQUEST de StreamServer (seq=2747)
[RA] CoordinatorNode -> REPLY a StreamServer (LIBRE)
[RA] CoordinatorNode recibe REQUEST de StreamServer (seq=2747)
[RA] CoordinatorNode -> REPLY a StreamServer (LIBRE)
[RA] CoordinatorNode recibe REQUEST de StreamServer (seq=2747)
[RA] CoordinatorNode -> REPLY a StreamServer (LIBRE)
[RA] CoordinatorNode recibe REQUEST de StreamServer (seq=2747)
[RA] CoordinatorNode -> REPLY a StreamServer (LIBRE)
[RA] CoordinatorNode recibe REQUEST de StreamServer (seq=2760)
[RA] CoordinatorNode -> REPLY a StreamServer (LIBRE)
[RA] CoordinatorNode recibe REQUEST de StreamServer (seq=2777)
[RA] CoordinatorNode -> REPLY a StreamServer (LIBRE)
[RA] CoordinatorNode recibe REQUEST de StreamServer (seq=2777)
[RA] CoordinatorNode -> REPLY a StreamServer (LIBRE)
[RA] CoordinatorNode recibe REQUEST de StreamServer (seq=2808)
[RA] CoordinatorNode -> REPLY a StreamServer (LIBRE)
[RA] CoordinatorNode recibe REQUEST de StreamServer (seq=2808)
[RA] CoordinatorNode -> REPLY a StreamServer (LIBRE)
[RA] CoordinatorNode recibe REQUEST de StreamServer (seq=2865)
[RA] CoordinatorNode -> REPLY a StreamServer (LIBRE)
[RA] CoordinatorNode recibe REQUEST de StreamServer (seq=2865)
[RA] CoordinatorNode -> REPLY a StreamServer (LIBRE)
[RA] CoordinatorNode recibe REQUEST de StreamServer (seq=2865)
[RA] CoordinatorNode -> REPLY a StreamServer (LIBRE)
[RA] CoordinatorNode recibe REQUEST de StreamServer (seq=2865)
[RA] CoordinatorNode -> REPLY a StreamServer (LIBRE)
[RA] CoordinatorNode recibe REQUEST de StreamServer (seq=2865)
[RA] CoordinatorNode -> REPLY a StreamServer (LIBRE)
[RA] CoordinatorNode recibe REQUEST de StreamServer (seq=2865)
[RA] CoordinatorNode -> REPLY a StreamServer (LIBRE)
[RA] CoordinatorNode recibe REQUEST de StreamServer (seq=2865)
[RA] CoordinatorNode -> REPLY a StreamServer (LIBRE)
[RA] CoordinatorNode recibe REQUEST de StreamServer (seq=2865)
[RA] CoordinatorNode -> REPLY a StreamServer (LIBRE)
[RA] CoordinatorNode recibe REQUEST de StreamServer (seq=2865)
[RA] CoordinatorNode -> REPLY a StreamServer (LIBRE)
[RA] CoordinatorNode recibe REQUEST de StreamServer (seq=2865)
[RA] CoordinatorNode -> REPLY a StreamServer (LIBRE)
[RA] CoordinatorNode recibe REQUEST de StreamServer (seq=2865)
[RA] CoordinatorNode -> REPLY a StreamServer (LIBRE)
[RA] CoordinatorNode recibe REQUEST de StreamServer (seq=2865)
[RA] CoordinatorNode -> REPLY a StreamServer (LIBRE)
[RA] CoordinatorNode recibe REQUEST de StreamServer (seq=2865)
[RA] CoordinatorNode -> REPLY a StreamServer (LIBRE)
[RA] CoordinatorNode recibe REQUEST de StreamServer (seq=2865)
[RA] CoordinatorNode -> REPLY a StreamServer (LIBRE)
[RA] CoordinatorNode recibe REQUEST de StreamServer (seq=2865)
[RA] CoordinatorNode -> REPLY a StreamServer (LIBRE)
[RA] CoordinatorNode recibe REQUEST de StreamServer (seq=2865)
[RA] CoordinatorNode -> REPLY a StreamServer (LIBRE)
[RA] CoordinatorNode recibe REQUEST de StreamServer (seq=2865)
[RA] CoordinatorNode -> REPLY a StreamServer (LIBRE)
[RA] CoordinatorNode recibe REQUEST de StreamServer (seq=2865)
[RA] CoordinatorNode -> REPLY a StreamServer (LIBRE)
[RA] CoordinatorNode recibe REQUEST de StreamServer (seq=2865)
[RA] CoordinatorNode -> REPLY a StreamServer (LIBRE)
[RA] CoordinatorNode recibe REQUEST de StreamServer (seq=2865)
[RA] CoordinatorNode -> REPLY a StreamServer (LIBRE)
[RA] CoordinatorNode recibe REQUEST de StreamServer (seq=2865)
[RA] CoordinatorNode -> REPLY a StreamServer (LIBRE)
[RA] CoordinatorNode recibe REQUEST de StreamServer (seq=2865)
[RA] CoordinatorNode -> REPLY a StreamServer (LIBRE)
[RA] CoordinatorNode recibe REQUEST de StreamServer (seq=2865)
[RA] CoordinatorNode -> REPLY a StreamServer (LIBRE)
[RA] CoordinatorNode recibe REQUEST de StreamServer (seq=2865)
[RA] CoordinatorNode -> REPLY a StreamServer (LIBRE)
[RA] CoordinatorNode recibe REQUEST de StreamServer (seq=2865)
[RA] CoordinatorNode -> REPLY a StreamServer (LIBRE)
[RA] CoordinatorNode recibe REQUEST de StreamServer (seq=2865)
[RA] CoordinatorNode -> REPLY a StreamServer (LIBRE)
[RA] CoordinatorNode recibe REQUEST de StreamServer (seq=2865)
[RA] CoordinatorNode -> REPLY a StreamServer (LIBRE)
[RA] CoordinatorNode recibe REQUEST de StreamServer (seq=2865)
[RA] CoordinatorNode -> REPLY a StreamServer (LIBRE)
[RA] CoordinatorNode recibe REQUEST de StreamServer (seq=2865)
[RA] CoordinatorNode -> REPLY a StreamServer (LIBRE)
[RA] CoordinatorNode recibe REQUEST de StreamServer (seq=2865)
[RA] CoordinatorNode -> REPLY a StreamServer (LIBRE)
[RA] CoordinatorNode recibe REQUEST de StreamServer (seq=2865)
[RA] CoordinatorNode -> REPLY a StreamServer (LIBRE)
[RA] CoordinatorNode recibe REQUEST de StreamServer (seq=2865)
[RA] CoordinatorNode -> REPLY a StreamServer (LIBRE)
[RA] CoordinatorNode recibe REQUEST de StreamServer (seq=2865)
[RA] CoordinatorNode -> REPLY a StreamServer (LIBRE)
[RA] CoordinatorNode recibe REQUEST de StreamServer (seq=2938)
[RA] CoordinatorNode -> REPLY a StreamServer (LIBRE)
[RA] CoordinatorNode recibe REQUEST de StreamServer (seq=2938)
[RA] CoordinatorNode -> REPLY a StreamServer (LIBRE)
[RA] CoordinatorNode recibe REQUEST de StreamServer (seq=2938)
[RA] CoordinatorNode -> REPLY a StreamServer (LIBRE)
[RA] CoordinatorNode recibe REQUEST de StreamServer (seq=2938)
[RA] CoordinatorNode -> REPLY a StreamServer (LIBRE)
[RA] CoordinatorNode recibe REQUEST de StreamServer (seq=3050)
[RA] CoordinatorNode -> REPLY a StreamServer (LIBRE)
[RA] CoordinatorNode recibe REQUEST de StreamServer (seq=3075)
[RA] CoordinatorNode -> REPLY a StreamServer (LIBRE)
[RA] CoordinatorNode recibe REQUEST de StreamServer (seq=3101)
[RA] CoordinatorNode -> REPLY a StreamServer (LIBRE)
[RA] CoordinatorNode recibe REQUEST de StreamServer (seq=3101)
[RA] CoordinatorNode -> REPLY a StreamServer (LIBRE)
[RA] CoordinatorNode recibe REQUEST de StreamServer (seq=3101)
[RA] CoordinatorNode -> REPLY a StreamServer (LIBRE)
[RA] CoordinatorNode recibe REQUEST de StreamServer (seq=3101)
[RA] CoordinatorNode -> REPLY a StreamServer (LIBRE)
[RA] CoordinatorNode recibe REQUEST de StreamServer (seq=3101)
[RA] CoordinatorNode -> REPLY a StreamServer (LIBRE)
[RA] CoordinatorNode recibe REQUEST de StreamServer (seq=3126)
[RA] CoordinatorNode -> REPLY a StreamServer (LIBRE)
[RA] CoordinatorNode recibe REQUEST de StreamServer (seq=3126)
[RA] CoordinatorNode -> REPLY a StreamServer (LIBRE)
[RA] CoordinatorNode recibe REQUEST de StreamServer (seq=3126)
[RA] CoordinatorNode -> REPLY a StreamServer (LIBRE)
[RA] CoordinatorNode recibe REQUEST de StreamServer (seq=3126)
[RA] CoordinatorNode -> REPLY a StreamServer (LIBRE)
[RA] CoordinatorNode recibe REQUEST de StreamServer (seq=3126)
[RA] CoordinatorNode -> REPLY a StreamServer (LIBRE)
[RA] CoordinatorNode recibe REQUEST de StreamServer (seq=3126)
[RA] CoordinatorNode -> REPLY a StreamServer (LIBRE)
[RA] CoordinatorNode recibe REQUEST de StreamServer (seq=3126)
[RA] CoordinatorNode -> REPLY a StreamServer (LIBRE)
[RA] CoordinatorNode recibe REQUEST de StreamServer (seq=3126)
[RA] CoordinatorNode -> REPLY a StreamServer (LIBRE)
[RA] CoordinatorNode recibe REQUEST de StreamServer (seq=3126)
[RA] CoordinatorNode -> REPLY a StreamServer (LIBRE)
[RA] CoordinatorNode recibe REQUEST de StreamServer (seq=3126)
[RA] CoordinatorNode -> REPLY a StreamServer (LIBRE)
[RA] CoordinatorNode recibe REQUEST de StreamServer (seq=3126)
[RA] CoordinatorNode -> REPLY a StreamServer (LIBRE)
[RA] CoordinatorNode recibe REQUEST de StreamServer (seq=3126)
[RA] CoordinatorNode -> REPLY a StreamServer (LIBRE)
[RA] CoordinatorNode recibe REQUEST de StreamServer (seq=3126)
[RA] CoordinatorNode -> REPLY a StreamServer (LIBRE)
[RA] CoordinatorNode recibe REQUEST de StreamServer (seq=3126)
[RA] CoordinatorNode -> REPLY a StreamServer (LIBRE)
[RA] CoordinatorNode recibe REQUEST de StreamServer (seq=3126)
[RA] CoordinatorNode -> REPLY a StreamServer (LIBRE)
[RA] CoordinatorNode recibe REQUEST de StreamServer (seq=3126)
[RA] CoordinatorNode -> REPLY a StreamServer (LIBRE)
[RA] CoordinatorNode recibe REQUEST de StreamServer (seq=3126)
[RA] CoordinatorNode -> REPLY a StreamServer (LIBRE)
[RA] CoordinatorNode recibe REQUEST de StreamServer (seq=3126)
[RA] CoordinatorNode -> REPLY a StreamServer (LIBRE)
[RA] CoordinatorNode recibe REQUEST de StreamServer (seq=3126)
[RA] CoordinatorNode -> REPLY a StreamServer (LIBRE)
[RA] CoordinatorNode recibe REQUEST de StreamServer (seq=3126)
[RA] CoordinatorNode -> REPLY a StreamServer (LIBRE)
[RA] CoordinatorNode recibe REQUEST de StreamServer (seq=3126)
[RA] CoordinatorNode -> REPLY a StreamServer (LIBRE)
[RA] CoordinatorNode recibe REQUEST de StreamServer (seq=3126)
[RA] CoordinatorNode -> REPLY a StreamServer (LIBRE)
[RA] CoordinatorNode recibe REQUEST de StreamServer (seq=3126)
[RA] CoordinatorNode -> REPLY a StreamServer (LIBRE)
[RA] CoordinatorNode recibe REQUEST de StreamServer (seq=3126)
[RA] CoordinatorNode -> REPLY a StreamServer (LIBRE)
[RA] CoordinatorNode recibe REQUEST de StreamServer (seq=3126)
[RA] CoordinatorNode -> REPLY a StreamServer (LIBRE)
[RA] CoordinatorNode recibe REQUEST de StreamServer (seq=3126)
[RA] CoordinatorNode -> REPLY a StreamServer (LIBRE)
[RA] CoordinatorNode recibe REQUEST de StreamServer (seq=3126)
[RA] CoordinatorNode -> REPLY a StreamServer (LIBRE)
[RA] CoordinatorNode recibe REQUEST de StreamServer (seq=3126)
[RA] CoordinatorNode -> REPLY a StreamServer (LIBRE)
[RA] CoordinatorNode recibe REQUEST de StreamServer (seq=3126)
[RA] CoordinatorNode -> REPLY a StreamServer (LIBRE)
[RA] CoordinatorNode recibe REQUEST de StreamServer (seq=3126)
[RA] CoordinatorNode -> REPLY a StreamServer (LIBRE)
[RA] CoordinatorNode recibe REQUEST de StreamServer (seq=3192)
[RA] CoordinatorNode -> REPLY a StreamServer (LIBRE)
[RA] CoordinatorNode recibe REQUEST de StreamServer (seq=3308)
[RA] CoordinatorNode -> REPLY a StreamServer (LIBRE)
[RA] CoordinatorNode recibe REQUEST de StreamServer (seq=3308)
[RA] CoordinatorNode -> REPLY a StreamServer (LIBRE)
[RA] CoordinatorNode recibe REQUEST de StreamServer (seq=3317)
[RA] CoordinatorNode -> REPLY a StreamServer (LIBRE)
[RA] CoordinatorNode recibe REQUEST de StreamServer (seq=3317)
[RA] CoordinatorNode -> REPLY a StreamServer (LIBRE)
[RA] CoordinatorNode recibe REQUEST de StreamServer (seq=3317)
[RA] CoordinatorNode -> REPLY a StreamServer (LIBRE)
[RA] CoordinatorNode recibe REQUEST de StreamServer (seq=3317)
[RA] CoordinatorNode -> REPLY a StreamServer (LIBRE)
[RA] CoordinatorNode recibe REQUEST de StreamServer (seq=3331)
[RA] CoordinatorNode -> REPLY a StreamServer (LIBRE)
[RA] CoordinatorNode recibe REQUEST de StreamServer (seq=3352)
[RA] CoordinatorNode -> REPLY a StreamServer (LIBRE)
[RA] CoordinatorNode recibe REQUEST de StreamServer (seq=3366)
[RA] CoordinatorNode -> REPLY a StreamServer (LIBRE)
[RA] CoordinatorNode recibe REQUEST de StreamServer (seq=3366)
[RA] CoordinatorNode -> REPLY a StreamServer (LIBRE)
[RA] CoordinatorNode recibe REQUEST de StreamServer (seq=3366)
[RA] CoordinatorNode -> REPLY a StreamServer (LIBRE)
[RA] CoordinatorNode recibe REQUEST de StreamServer (seq=3375)
[RA] CoordinatorNode -> REPLY a StreamServer (LIBRE)
[RA] CoordinatorNode recibe REQUEST de StreamServer (seq=3405)
[RA] CoordinatorNode -> REPLY a StreamServer (LIBRE)
[RA] CoordinatorNode recibe REQUEST de StreamServer (seq=3405)
[RA] CoordinatorNode -> REPLY a StreamServer (LIBRE)
[RA] CoordinatorNode recibe REQUEST de StreamServer (seq=3405)
[RA] CoordinatorNode -> REPLY a StreamServer (LIBRE)
[RA] CoordinatorNode recibe REQUEST de StreamServer (seq=3405)
[RA] CoordinatorNode -> REPLY a StreamServer (LIBRE)
[RA] CoordinatorNode recibe REQUEST de StreamServer (seq=3405)
[RA] CoordinatorNode -> REPLY a StreamServer (LIBRE)
[RA] CoordinatorNode recibe REQUEST de StreamServer (seq=3405)
[RA] CoordinatorNode -> REPLY a StreamServer (LIBRE)
[RA] CoordinatorNode recibe REQUEST de StreamServer (seq=3405)
[RA] CoordinatorNode -> REPLY a StreamServer (LIBRE)
[RA] CoordinatorNode recibe REQUEST de StreamServer (seq=3405)
[RA] CoordinatorNode -> REPLY a StreamServer (LIBRE)
[RA] CoordinatorNode recibe REQUEST de StreamServer (seq=3405)
[RA] CoordinatorNode -> REPLY a StreamServer (LIBRE)
[RA] CoordinatorNode recibe REQUEST de StreamServer (seq=3405)
[RA] CoordinatorNode -> REPLY a StreamServer (LIBRE)
[RA] CoordinatorNode recibe REQUEST de StreamServer (seq=3405)
[RA] CoordinatorNode -> REPLY a StreamServer (LIBRE)
[RA] CoordinatorNode recibe REQUEST de StreamServer (seq=3405)
[RA] CoordinatorNode -> REPLY a StreamServer (LIBRE)
[RA] CoordinatorNode recibe REQUEST de StreamServer (seq=3405)
[RA] CoordinatorNode -> REPLY a StreamServer (LIBRE)
[RA] CoordinatorNode recibe REQUEST de StreamServer (seq=3405)
[RA] CoordinatorNode -> REPLY a StreamServer (LIBRE)
[RA] CoordinatorNode recibe REQUEST de StreamServer (seq=3405)
[RA] CoordinatorNode -> REPLY a StreamServer (LIBRE)
[RA] CoordinatorNode recibe REQUEST de StreamServer (seq=3405)
[RA] CoordinatorNode -> REPLY a StreamServer (LIBRE)
[RA] CoordinatorNode recibe REQUEST de StreamServer (seq=3405)
[RA] CoordinatorNode -> REPLY a StreamServer (LIBRE)
[RA] CoordinatorNode recibe REQUEST de StreamServer (seq=3405)
[RA] CoordinatorNode -> REPLY a StreamServer (LIBRE)
[RA] CoordinatorNode recibe REQUEST de StreamServer (seq=3405)
[RA] CoordinatorNode -> REPLY a StreamServer (LIBRE)
[RA] CoordinatorNode recibe REQUEST de StreamServer (seq=3405)
[RA] CoordinatorNode -> REPLY a StreamServer (LIBRE)
[RA] CoordinatorNode recibe REQUEST de StreamServer (seq=3405)
[RA] CoordinatorNode -> REPLY a StreamServer (LIBRE)
[RA] CoordinatorNode recibe REQUEST de StreamServer (seq=3405)
[RA] CoordinatorNode -> REPLY a StreamServer (LIBRE)
[RA] CoordinatorNode recibe REQUEST de StreamServer (seq=3405)
[RA] CoordinatorNode -> REPLY a StreamServer (LIBRE)
[RA] CoordinatorNode recibe REQUEST de StreamServer (seq=3405)
[RA] CoordinatorNode -> REPLY a StreamServer (LIBRE)
[RA] CoordinatorNode recibe REQUEST de StreamServer (seq=3405)
[RA] CoordinatorNode -> REPLY a StreamServer (LIBRE)
[RA] CoordinatorNode recibe REQUEST de StreamServer (seq=3405)
[RA] CoordinatorNode -> REPLY a StreamServer (LIBRE)
[RA] CoordinatorNode recibe REQUEST de StreamServer (seq=3405)
[RA] CoordinatorNode -> REPLY a StreamServer (LIBRE)
[RA] CoordinatorNode recibe REQUEST de StreamServer (seq=3405)
[RA] CoordinatorNode -> REPLY a StreamServer (LIBRE)
[RA] CoordinatorNode recibe REQUEST de StreamServer (seq=3468)
[RA] CoordinatorNode -> REPLY a StreamServer (LIBRE)
[RA] CoordinatorNode recibe REQUEST de StreamServer (seq=3553)
[RA] CoordinatorNode -> REPLY a StreamServer (LIBRE)
[RA] CoordinatorNode recibe REQUEST de StreamServer (seq=3553)
[RA] CoordinatorNode -> REPLY a StreamServer (LIBRE)
[RA] CoordinatorNode recibe REQUEST de StreamServer (seq=3553)
[RA] CoordinatorNode -> REPLY a StreamServer (LIBRE)
[RA] CoordinatorNode recibe REQUEST de StreamServer (seq=3553)
[RA] CoordinatorNode -> REPLY a StreamServer (LIBRE)
[RA] CoordinatorNode recibe REQUEST de StreamServer (seq=3575)
[RA] CoordinatorNode -> REPLY a StreamServer (LIBRE)
[RA] CoordinatorNode recibe REQUEST de StreamServer (seq=3606)
[RA] CoordinatorNode -> REPLY a StreamServer (LIBRE)
[RA] CoordinatorNode recibe REQUEST de StreamServer (seq=3606)
[RA] CoordinatorNode -> REPLY a StreamServer (LIBRE)
[RA] CoordinatorNode recibe REQUEST de StreamServer (seq=3606)
[RA] CoordinatorNode -> REPLY a StreamServer (LIBRE)
[RA] CoordinatorNode recibe REQUEST de StreamServer (seq=3606)
[RA] CoordinatorNode -> REPLY a StreamServer (LIBRE)
[RA] CoordinatorNode recibe REQUEST de StreamServer (seq=3606)
[RA] CoordinatorNode -> REPLY a StreamServer (LIBRE)
[RA] CoordinatorNode recibe REQUEST de StreamServer (seq=3606)
[RA] CoordinatorNode -> REPLY a StreamServer (LIBRE)
[RA] CoordinatorNode recibe REQUEST de StreamServer (seq=3606)
[RA] CoordinatorNode -> REPLY a StreamServer (LIBRE)
[RA] CoordinatorNode recibe REQUEST de StreamServer (seq=3606)
[RA] CoordinatorNode -> REPLY a StreamServer (LIBRE)
[RA] CoordinatorNode recibe REQUEST de StreamServer (seq=3606)
[RA] CoordinatorNode -> REPLY a StreamServer (LIBRE)
[RA] CoordinatorNode recibe REQUEST de StreamServer (seq=3606)
[RA] CoordinatorNode -> REPLY a StreamServer (LIBRE)
[RA] CoordinatorNode recibe REQUEST de StreamServer (seq=3606)
[RA] CoordinatorNode -> REPLY a StreamServer (LIBRE)
[RA] CoordinatorNode recibe REQUEST de StreamServer (seq=3606)
[RA] CoordinatorNode -> REPLY a StreamServer (LIBRE)
[RA] CoordinatorNode recibe REQUEST de StreamServer (seq=3606)
[RA] CoordinatorNode -> REPLY a StreamServer (LIBRE)
[RA] CoordinatorNode recibe REQUEST de StreamServer (seq=3606)
[RA] CoordinatorNode -> REPLY a StreamServer (LIBRE)
[RA] CoordinatorNode recibe REQUEST de StreamServer (seq=3606)
[RA] CoordinatorNode -> REPLY a StreamServer (LIBRE)
[RA] CoordinatorNode recibe REQUEST de StreamServer (seq=3606)
[RA] CoordinatorNode -> REPLY a StreamServer (LIBRE)
[RA] CoordinatorNode recibe REQUEST de StreamServer (seq=3606)
[RA] CoordinatorNode -> REPLY a StreamServer (LIBRE)
[RA] CoordinatorNode recibe REQUEST de StreamServer (seq=3606)
[RA] CoordinatorNode -> REPLY a StreamServer (LIBRE)
[RA] CoordinatorNode recibe REQUEST de StreamServer (seq=3606)
[RA] CoordinatorNode -> REPLY a StreamServer (LIBRE)
[RA] CoordinatorNode recibe REQUEST de StreamServer (seq=3606)
[RA] CoordinatorNode -> REPLY a StreamServer (LIBRE)
[RA] CoordinatorNode recibe REQUEST de StreamServer (seq=3606)
[RA] CoordinatorNode -> REPLY a StreamServer (LIBRE)
[RA] CoordinatorNode recibe REQUEST de StreamServer (seq=3606)
[RA] CoordinatorNode -> REPLY a StreamServer (LIBRE)
[RA] CoordinatorNode recibe REQUEST de StreamServer (seq=3606)
[RA] CoordinatorNode -> REPLY a StreamServer (LIBRE)
[RA] CoordinatorNode recibe REQUEST de StreamServer (seq=3606)
[RA] CoordinatorNode -> REPLY a StreamServer (LIBRE)
[RA] CoordinatorNode recibe REQUEST de StreamServer (seq=3677)
[RA] CoordinatorNode -> REPLY a StreamServer (LIBRE)
[RA] CoordinatorNode recibe REQUEST de StreamServer (seq=3677)
[RA] CoordinatorNode -> REPLY a StreamServer (LIBRE)
[RA] CoordinatorNode recibe REQUEST de StreamServer (seq=3813)
[RA] CoordinatorNode -> REPLY a StreamServer (LIBRE)
[RA] CoordinatorNode recibe REQUEST de StreamServer (seq=3818)
[RA] CoordinatorNode -> REPLY a StreamServer (LIBRE)
[RA] CoordinatorNode recibe REQUEST de StreamServer (seq=3818)
[RA] CoordinatorNode -> REPLY a StreamServer (LIBRE)
[RA] CoordinatorNode recibe REQUEST de StreamServer (seq=3818)
[RA] CoordinatorNode -> REPLY a StreamServer (LIBRE)
[RA] CoordinatorNode recibe REQUEST de StreamServer (seq=3848)
[RA] CoordinatorNode -> REPLY a StreamServer (LIBRE)
[RA] CoordinatorNode recibe REQUEST de StreamServer (seq=3861)
[RA] CoordinatorNode -> REPLY a StreamServer (LIBRE)
[RA] CoordinatorNode recibe REQUEST de StreamServer (seq=3861)
[RA] CoordinatorNode -> REPLY a StreamServer (LIBRE)
[RA] CoordinatorNode recibe REQUEST de StreamServer (seq=3902)
[RA] CoordinatorNode -> REPLY a StreamServer (LIBRE)
[RA] CoordinatorNode recibe REQUEST de StreamServer (seq=3902)
[RA] CoordinatorNode -> REPLY a StreamServer (LIBRE)
[RA] CoordinatorNode recibe REQUEST de StreamServer (seq=3902)
[RA] CoordinatorNode -> REPLY a StreamServer (LIBRE)
[RA] CoordinatorNode recibe REQUEST de StreamServer (seq=3902)
[RA] CoordinatorNode -> REPLY a StreamServer (LIBRE)
[RA] CoordinatorNode recibe REQUEST de StreamServer (seq=3902)
[RA] CoordinatorNode -> REPLY a StreamServer (LIBRE)
[RA] CoordinatorNode recibe REQUEST de StreamServer (seq=3902)
[RA] CoordinatorNode -> REPLY a StreamServer (LIBRE)
[RA] CoordinatorNode recibe REQUEST de StreamServer (seq=3902)
[RA] CoordinatorNode -> REPLY a StreamServer (LIBRE)
[RA] CoordinatorNode recibe REQUEST de StreamServer (seq=3902)
[RA] CoordinatorNode -> REPLY a StreamServer (LIBRE)
[RA] CoordinatorNode recibe REQUEST de StreamServer (seq=3902)
[RA] CoordinatorNode -> REPLY a StreamServer (LIBRE)
[RA] CoordinatorNode recibe REQUEST de StreamServer (seq=3902)
[RA] CoordinatorNode -> REPLY a StreamServer (LIBRE)
[RA] CoordinatorNode recibe REQUEST de StreamServer (seq=3902)
[RA] CoordinatorNode -> REPLY a StreamServer (LIBRE)
[RA] CoordinatorNode recibe REQUEST de StreamServer (seq=3902)
[RA] CoordinatorNode -> REPLY a StreamServer (LIBRE)
[RA] CoordinatorNode recibe REQUEST de StreamServer (seq=3902)
[RA] CoordinatorNode -> REPLY a StreamServer (LIBRE)
[RA] CoordinatorNode recibe REQUEST de StreamServer (seq=3902)
[RA] CoordinatorNode -> REPLY a StreamServer (LIBRE)
[RA] CoordinatorNode recibe REQUEST de StreamServer (seq=3902)
[RA] CoordinatorNode -> REPLY a StreamServer (LIBRE)
[RA] CoordinatorNode recibe REQUEST de StreamServer (seq=3902)
[RA] CoordinatorNode -> REPLY a StreamServer (LIBRE)
[RA] CoordinatorNode recibe REQUEST de StreamServer (seq=3902)
[RA] CoordinatorNode -> REPLY a StreamServer (LIBRE)
[RA] CoordinatorNode recibe REQUEST de StreamServer (seq=3902)
[RA] CoordinatorNode -> REPLY a StreamServer (LIBRE)
[RA] CoordinatorNode recibe REQUEST de StreamServer (seq=3902)
[RA] CoordinatorNode -> REPLY a StreamServer (LIBRE)
[RA] CoordinatorNode recibe REQUEST de StreamServer (seq=3902)
[RA] CoordinatorNode -> REPLY a StreamServer (LIBRE)
[RA] CoordinatorNode recibe REQUEST de StreamServer (seq=3902)
[RA] CoordinatorNode -> REPLY a StreamServer (LIBRE)
[RA] CoordinatorNode recibe REQUEST de StreamServer (seq=3902)
[RA] CoordinatorNode -> REPLY a StreamServer (LIBRE)
[RA] CoordinatorNode recibe REQUEST de StreamServer (seq=3902)
[RA] CoordinatorNode -> REPLY a StreamServer (LIBRE)
[RA] CoordinatorNode recibe REQUEST de StreamServer (seq=3902)
[RA] CoordinatorNode -> REPLY a StreamServer (LIBRE)
[RA] CoordinatorNode recibe REQUEST de StreamServer (seq=3902)
[RA] CoordinatorNode -> REPLY a StreamServer (LIBRE)
[RA] CoordinatorNode recibe REQUEST de StreamServer (seq=3902)
[RA] CoordinatorNode -> REPLY a StreamServer (LIBRE)
[RA] CoordinatorNode recibe REQUEST de StreamServer (seq=3902)
[RA] CoordinatorNode -> REPLY a StreamServer (LIBRE)
[RA] CoordinatorNode recibe REQUEST de StreamServer (seq=3902)
[RA] CoordinatorNode -> REPLY a StreamServer (LIBRE)
[RA] CoordinatorNode recibe REQUEST de StreamServer (seq=3902)
[RA] CoordinatorNode -> REPLY a StreamServer (LIBRE)
[RA] CoordinatorNode recibe REQUEST de StreamServer (seq=3902)
[RA] CoordinatorNode -> REPLY a StreamServer (LIBRE)
[RA] CoordinatorNode recibe REQUEST de StreamServer (seq=3902)
[RA] CoordinatorNode -> REPLY a StreamServer (LIBRE)
[RA] CoordinatorNode recibe REQUEST de StreamServer (seq=3902)
[RA] CoordinatorNode -> REPLY a StreamServer (LIBRE)
[RA] CoordinatorNode recibe REQUEST de StreamServer (seq=3902)
[RA] CoordinatorNode -> REPLY a StreamServer (LIBRE)
[RA] CoordinatorNode recibe REQUEST de StreamServer (seq=3902)
[RA] CoordinatorNode -> REPLY a StreamServer (LIBRE)
[RA] CoordinatorNode recibe REQUEST de StreamServer (seq=3902)
[RA] CoordinatorNode -> REPLY a StreamServer (LIBRE)
[RA] CoordinatorNode recibe REQUEST de StreamServer (seq=3976)
[RA] CoordinatorNode -> REPLY a StreamServer (LIBRE)
[RA] CoordinatorNode recibe REQUEST de StreamServer (seq=3976)
[RA] CoordinatorNode -> REPLY a StreamServer (LIBRE)
[RA] CoordinatorNode recibe REQUEST de StreamServer (seq=3976)
[RA] CoordinatorNode -> REPLY a StreamServer (LIBRE)
[RA] CoordinatorNode recibe REQUEST de StreamServer (seq=4093)
[RA] CoordinatorNode -> REPLY a StreamServer (LIBRE)
[RA] CoordinatorNode recibe REQUEST de StreamServer (seq=4093)
[RA] CoordinatorNode -> REPLY a StreamServer (LIBRE)
[RA] CoordinatorNode recibe REQUEST de StreamServer (seq=4105)
[RA] CoordinatorNode -> REPLY a StreamServer (LIBRE)
[RA] CoordinatorNode recibe REQUEST de StreamServer (seq=4112)
[RA] CoordinatorNode -> REPLY a StreamServer (LIBRE)
[RA] CoordinatorNode recibe REQUEST de StreamServer (seq=4151)
[RA] CoordinatorNode -> REPLY a StreamServer (LIBRE)
[RA] CoordinatorNode recibe REQUEST de StreamServer (seq=4151)
[RA] CoordinatorNode -> REPLY a StreamServer (LIBRE)
[RA] CoordinatorNode recibe REQUEST de StreamServer (seq=4164)
[RA] CoordinatorNode -> REPLY a StreamServer (LIBRE)
[RA] CoordinatorNode recibe REQUEST de StreamServer (seq=4164)
[RA] CoordinatorNode -> REPLY a StreamServer (LIBRE)
[RA] CoordinatorNode recibe REQUEST de StreamServer (seq=4164)
[RA] CoordinatorNode -> REPLY a StreamServer (LIBRE)
[RA] CoordinatorNode recibe REQUEST de StreamServer (seq=4164)
[RA] CoordinatorNode -> REPLY a StreamServer (LIBRE)
[RA] CoordinatorNode recibe REQUEST de StreamServer (seq=4164)
[RA] CoordinatorNode -> REPLY a StreamServer (LIBRE)
[RA] CoordinatorNode recibe REQUEST de StreamServer (seq=4164)
[RA] CoordinatorNode -> REPLY a StreamServer (LIBRE)
[RA] CoordinatorNode recibe REQUEST de StreamServer (seq=4164)
[RA] CoordinatorNode -> REPLY a StreamServer (LIBRE)
[RA] CoordinatorNode recibe REQUEST de StreamServer (seq=4164)
[RA] CoordinatorNode -> REPLY a StreamServer (LIBRE)
[RA] CoordinatorNode recibe REQUEST de StreamServer (seq=4164)
[RA] CoordinatorNode -> REPLY a StreamServer (LIBRE)
[RA] CoordinatorNode recibe REQUEST de StreamServer (seq=4164)
[RA] CoordinatorNode -> REPLY a StreamServer (LIBRE)
[RA] CoordinatorNode recibe REQUEST de StreamServer (seq=4164)
[RA] CoordinatorNode -> REPLY a StreamServer (LIBRE)
[RA] CoordinatorNode recibe REQUEST de StreamServer (seq=4164)
[RA] CoordinatorNode -> REPLY a StreamServer (LIBRE)
[RA] CoordinatorNode recibe REQUEST de StreamServer (seq=4164)
[RA] CoordinatorNode -> REPLY a StreamServer (LIBRE)
[RA] CoordinatorNode recibe REQUEST de StreamServer (seq=4164)
[RA] CoordinatorNode -> REPLY a StreamServer (LIBRE)
[RA] CoordinatorNode recibe REQUEST de StreamServer (seq=4164)
[RA] CoordinatorNode -> REPLY a StreamServer (LIBRE)
[RA] CoordinatorNode recibe REQUEST de StreamServer (seq=4164)
[RA] CoordinatorNode -> REPLY a StreamServer (LIBRE)
[RA] CoordinatorNode recibe REQUEST de StreamServer (seq=4164)
[RA] CoordinatorNode -> REPLY a StreamServer (LIBRE)
[RA] CoordinatorNode recibe REQUEST de StreamServer (seq=4164)
[RA] CoordinatorNode -> REPLY a StreamServer (LIBRE)
[RA] CoordinatorNode recibe REQUEST de StreamServer (seq=4164)
[RA] CoordinatorNode -> REPLY a StreamServer (LIBRE)
[RA] CoordinatorNode recibe REQUEST de StreamServer (seq=4164)
[RA] CoordinatorNode -> REPLY a StreamServer (LIBRE)
[RA] CoordinatorNode recibe REQUEST de StreamServer (seq=4164)
[RA] CoordinatorNode -> REPLY a StreamServer (LIBRE)
[RA] CoordinatorNode recibe REQUEST de StreamServer (seq=4164)
[RA] CoordinatorNode -> REPLY a StreamServer (LIBRE)
[RA] CoordinatorNode recibe REQUEST de StreamServer (seq=4164)
[RA] CoordinatorNode -> REPLY a StreamServer (LIBRE)
[RA] CoordinatorNode recibe REQUEST de StreamServer (seq=4164)
[RA] CoordinatorNode -> REPLY a StreamServer (LIBRE)
[RA] CoordinatorNode recibe REQUEST de StreamServer (seq=4164)
[RA] CoordinatorNode -> REPLY a StreamServer (LIBRE)
[RA] CoordinatorNode recibe REQUEST de StreamServer (seq=4164)
[RA] CoordinatorNode -> REPLY a StreamServer (LIBRE)
[RA] CoordinatorNode recibe REQUEST de StreamServer (seq=4164)
[RA] CoordinatorNode -> REPLY a StreamServer (LIBRE)
[RA] CoordinatorNode recibe REQUEST de StreamServer (seq=4164)
[RA] CoordinatorNode -> REPLY a StreamServer (LIBRE)
[RA] CoordinatorNode recibe REQUEST de StreamServer (seq=4164)
[RA] CoordinatorNode -> REPLY a StreamServer (LIBRE)
[RA] CoordinatorNode recibe REQUEST de StreamServer (seq=4164)
[RA] CoordinatorNode -> REPLY a StreamServer (LIBRE)
[RA] CoordinatorNode recibe REQUEST de StreamServer (seq=4164)
[RA] CoordinatorNode -> REPLY a StreamServer (LIBRE)
[RA] CoordinatorNode recibe REQUEST de StreamServer (seq=4164)
[RA] CoordinatorNode -> REPLY a StreamServer (LIBRE)
[RA] CoordinatorNode recibe REQUEST de StreamServer (seq=4164)
[RA] CoordinatorNode -> REPLY a StreamServer (LIBRE)
[RA] CoordinatorNode recibe REQUEST de StreamServer (seq=4164)
[RA] CoordinatorNode -> REPLY a StreamServer (LIBRE)
[RA] CoordinatorNode recibe REQUEST de StreamServer (seq=4395)
[RA] CoordinatorNode -> REPLY a StreamServer (LIBRE)
[RA] CoordinatorNode recibe REQUEST de StreamServer (seq=4396)
[RA] CoordinatorNode -> REPLY a StreamServer (LIBRE)
[RA] CoordinatorNode recibe REQUEST de StreamServer (seq=4396)
[RA] CoordinatorNode -> REPLY a StreamServer (LIBRE)
[RA] CoordinatorNode recibe REQUEST de StreamServer (seq=4406)
[RA] CoordinatorNode -> REPLY a StreamServer (LIBRE)
[RA] CoordinatorNode recibe REQUEST de StreamServer (seq=4416)
[RA] CoordinatorNode -> REPLY a StreamServer (LIBRE)
[RA] CoordinatorNode recibe REQUEST de StreamServer (seq=4424)
[RA] CoordinatorNode -> REPLY a StreamServer (LIBRE)
[RA] CoordinatorNode recibe REQUEST de StreamServer (seq=4441)
[RA] CoordinatorNode -> REPLY a StreamServer (LIBRE)
[RA] CoordinatorNode recibe REQUEST de StreamServer (seq=4446)
[RA] CoordinatorNode -> REPLY a StreamServer (LIBRE)
[RA] CoordinatorNode recibe REQUEST de StreamServer (seq=4450)
[RA] CoordinatorNode -> REPLY a StreamServer (LIBRE)
[RA] CoordinatorNode recibe REQUEST de StreamServer (seq=4480)
[RA] CoordinatorNode -> REPLY a StreamServer (LIBRE)
[RA] CoordinatorNode recibe REQUEST de StreamServer (seq=4480)
[RA] CoordinatorNode -> REPLY a StreamServer (LIBRE)
[RA] CoordinatorNode recibe REQUEST de StreamServer (seq=4480)
[RA] CoordinatorNode -> REPLY a StreamServer (LIBRE)
[RA] CoordinatorNode recibe REQUEST de StreamServer (seq=4480)
[RA] CoordinatorNode -> REPLY a StreamServer (LIBRE)
[RA] CoordinatorNode recibe REQUEST de StreamServer (seq=4480)
[RA] CoordinatorNode -> REPLY a StreamServer (LIBRE)
[RA] CoordinatorNode recibe REQUEST de StreamServer (seq=4480)
[RA] CoordinatorNode -> REPLY a StreamServer (LIBRE)
[RA] CoordinatorNode recibe REQUEST de StreamServer (seq=4480)
[RA] CoordinatorNode -> REPLY a StreamServer (LIBRE)
[RA] CoordinatorNode recibe REQUEST de StreamServer (seq=4496)
[RA] CoordinatorNode -> REPLY a StreamServer (LIBRE)
[RA] CoordinatorNode recibe REQUEST de StreamServer (seq=4523)
[RA] CoordinatorNode -> REPLY a StreamServer (LIBRE)
[RA] CoordinatorNode recibe REQUEST de StreamServer (seq=4523)
[RA] CoordinatorNode -> REPLY a StreamServer (LIBRE)
[RA] CoordinatorNode recibe REQUEST de StreamServer (seq=4523)
[RA] CoordinatorNode -> REPLY a StreamServer (LIBRE)
[RA] CoordinatorNode recibe REQUEST de StreamServer (seq=4523)
[RA] CoordinatorNode -> REPLY a StreamServer (LIBRE)
[RA] CoordinatorNode recibe REQUEST de StreamServer (seq=4523)
[RA] CoordinatorNode -> REPLY a StreamServer (LIBRE)
[RA] CoordinatorNode recibe REQUEST de StreamServer (seq=4523)
[RA] CoordinatorNode -> REPLY a StreamServer (LIBRE)
[RA] CoordinatorNode recibe REQUEST de StreamServer (seq=4523)
[RA] CoordinatorNode -> REPLY a StreamServer (LIBRE)
[RA] CoordinatorNode recibe REQUEST de StreamServer (seq=4523)
[RA] CoordinatorNode -> REPLY a StreamServer (LIBRE)
[RA] CoordinatorNode recibe REQUEST de StreamServer (seq=4523)
[RA] CoordinatorNode -> REPLY a StreamServer (LIBRE)
[RA] CoordinatorNode recibe REQUEST de StreamServer (seq=4544)
[RA] CoordinatorNode -> REPLY a StreamServer (LIBRE)
[RA] CoordinatorNode recibe REQUEST de StreamServer (seq=4546)
[RA] CoordinatorNode -> REPLY a StreamServer (LIBRE)
[RA] CoordinatorNode recibe REQUEST de StreamServer (seq=4546)
[RA] CoordinatorNode -> REPLY a StreamServer (LIBRE)
[RA] CoordinatorNode recibe REQUEST de StreamServer (seq=4552)
[RA] CoordinatorNode -> REPLY a StreamServer (LIBRE)
[RA] CoordinatorNode recibe REQUEST de StreamServer (seq=4552)
[RA] CoordinatorNode -> REPLY a StreamServer (LIBRE)
[RA] CoordinatorNode recibe REQUEST de StreamServer (seq=4552)
[RA] CoordinatorNode -> REPLY a StreamServer (LIBRE)
[RA] CoordinatorNode recibe REQUEST de StreamServer (seq=4552)
[RA] CoordinatorNode -> REPLY a StreamServer (LIBRE)
[RA] CoordinatorNode recibe REQUEST de StreamServer (seq=4552)
[RA] CoordinatorNode -> REPLY a StreamServer (LIBRE)
[RA] CoordinatorNode recibe REQUEST de StreamServer (seq=4552)
[RA] CoordinatorNode -> REPLY a StreamServer (LIBRE)
[RA] CoordinatorNode recibe REQUEST de StreamServer (seq=4564)
[RA] CoordinatorNode -> REPLY a StreamServer (LIBRE)
[RA] CoordinatorNode recibe REQUEST de StreamServer (seq=4564)
[RA] CoordinatorNode -> REPLY a StreamServer (LIBRE)
[RA] CoordinatorNode recibe REQUEST de StreamServer (seq=4564)
[RA] CoordinatorNode -> REPLY a StreamServer (LIBRE)
[RA] CoordinatorNode recibe REQUEST de StreamServer (seq=4564)
[RA] CoordinatorNode -> REPLY a StreamServer (LIBRE)
[RA] CoordinatorNode recibe REQUEST de StreamServer (seq=4564)
[RA] CoordinatorNode -> REPLY a StreamServer (LIBRE)
[RA] CoordinatorNode recibe REQUEST de StreamServer (seq=4564)
[RA] CoordinatorNode -> REPLY a StreamServer (LIBRE)
[RA] CoordinatorNode recibe REQUEST de StreamServer (seq=4564)
[RA] CoordinatorNode -> REPLY a StreamServer (LIBRE)
[RA] CoordinatorNode recibe REQUEST de StreamServer (seq=4564)
[RA] CoordinatorNode -> REPLY a StreamServer (LIBRE)
[RA] CoordinatorNode recibe REQUEST de StreamServer (seq=4564)
[RA] CoordinatorNode -> REPLY a StreamServer (LIBRE)
[RA] CoordinatorNode recibe REQUEST de StreamServer (seq=4564)
[RA] CoordinatorNode -> REPLY a StreamServer (LIBRE)
[RA] CoordinatorNode recibe REQUEST de StreamServer (seq=4564)
[RA] CoordinatorNode -> REPLY a StreamServer (LIBRE)
[RA] CoordinatorNode recibe REQUEST de StreamServer (seq=4564)
[RA] CoordinatorNode -> REPLY a StreamServer (LIBRE)
[RA] CoordinatorNode recibe REQUEST de StreamServer (seq=4564)
[RA] CoordinatorNode -> REPLY a StreamServer (LIBRE)
[RA] CoordinatorNode recibe REQUEST de StreamServer (seq=4564)
[RA] CoordinatorNode -> REPLY a StreamServer (LIBRE)
[RA] CoordinatorNode recibe REQUEST de StreamServer (seq=4564)
[RA] CoordinatorNode -> REPLY a StreamServer (LIBRE)
[RA] CoordinatorNode recibe REQUEST de StreamServer (seq=4701)
[RA] CoordinatorNode -> REPLY a StreamServer (LIBRE)
[RA] CoordinatorNode recibe REQUEST de StreamServer (seq=4702)
[RA] CoordinatorNode -> REPLY a StreamServer (LIBRE)
[RA] CoordinatorNode recibe REQUEST de StreamServer (seq=4702)
[RA] CoordinatorNode -> REPLY a StreamServer (LIBRE)
[RA] CoordinatorNode recibe REQUEST de StreamServer (seq=4712)
[RA] CoordinatorNode -> REPLY a StreamServer (LIBRE)
[RA] CoordinatorNode recibe REQUEST de StreamServer (seq=4725)
[RA] CoordinatorNode -> REPLY a StreamServer (LIBRE)
[RA] CoordinatorNode recibe REQUEST de StreamServer (seq=4735)
[RA] CoordinatorNode -> REPLY a StreamServer (LIBRE)
[RA] CoordinatorNode recibe REQUEST de StreamServer (seq=4760)
[RA] CoordinatorNode -> REPLY a StreamServer (LIBRE)
[RA] CoordinatorNode recibe REQUEST de StreamServer (seq=4785)
[RA] CoordinatorNode -> REPLY a StreamServer (LIBRE)
[RA] CoordinatorNode recibe REQUEST de StreamServer (seq=4785)
[RA] CoordinatorNode -> REPLY a StreamServer (LIBRE)
[RA] CoordinatorNode recibe REQUEST de StreamServer (seq=4785)
[RA] CoordinatorNode -> REPLY a StreamServer (LIBRE)
[RA] CoordinatorNode recibe REQUEST de StreamServer (seq=4785)
[RA] CoordinatorNode -> REPLY a StreamServer (LIBRE)
[RA] CoordinatorNode recibe REQUEST de StreamServer (seq=4785)
[RA] CoordinatorNode -> REPLY a StreamServer (LIBRE)
[RA] CoordinatorNode recibe REQUEST de StreamServer (seq=4818)
[RA] CoordinatorNode -> REPLY a StreamServer (LIBRE)
[RA] CoordinatorNode recibe REQUEST de StreamServer (seq=4818)
[RA] CoordinatorNode -> REPLY a StreamServer (LIBRE)
[RA] CoordinatorNode recibe REQUEST de StreamServer (seq=4818)
[RA] CoordinatorNode -> REPLY a StreamServer (LIBRE)
[RA] CoordinatorNode recibe REQUEST de StreamServer (seq=4818)
[RA] CoordinatorNode -> REPLY a StreamServer (LIBRE)
[RA] CoordinatorNode recibe REQUEST de StreamServer (seq=4818)
[RA] CoordinatorNode -> REPLY a StreamServer (LIBRE)
[RA] CoordinatorNode recibe REQUEST de StreamServer (seq=4818)
[RA] CoordinatorNode -> REPLY a StreamServer (LIBRE)
[RA] CoordinatorNode recibe REQUEST de StreamServer (seq=4818)
[RA] CoordinatorNode -> REPLY a StreamServer (LIBRE)
[RA] CoordinatorNode recibe REQUEST de StreamServer (seq=4818)
[RA] CoordinatorNode -> REPLY a StreamServer (LIBRE)
[RA] CoordinatorNode recibe REQUEST de StreamServer (seq=4818)
[RA] CoordinatorNode -> REPLY a StreamServer (LIBRE)
[RA] CoordinatorNode recibe REQUEST de StreamServer (seq=4818)
[RA] CoordinatorNode -> REPLY a StreamServer (LIBRE)
[RA] CoordinatorNode recibe REQUEST de StreamServer (seq=4818)
[RA] CoordinatorNode -> REPLY a StreamServer (LIBRE)
[RA] CoordinatorNode recibe REQUEST de StreamServer (seq=4818)
[RA] CoordinatorNode -> REPLY a StreamServer (LIBRE)
[RA] CoordinatorNode recibe REQUEST de StreamServer (seq=4818)
[RA] CoordinatorNode -> REPLY a StreamServer (LIBRE)
[RA] CoordinatorNode recibe REQUEST de StreamServer (seq=4818)
[RA] CoordinatorNode -> REPLY a StreamServer (LIBRE)
[RA] CoordinatorNode recibe REQUEST de StreamServer (seq=4818)
[RA] CoordinatorNode -> REPLY a StreamServer (LIBRE)
[RA] CoordinatorNode recibe REQUEST de StreamServer (seq=4818)
[RA] CoordinatorNode -> REPLY a StreamServer (LIBRE)
[RA] CoordinatorNode recibe REQUEST de StreamServer (seq=4862)
[RA] CoordinatorNode -> REPLY a StreamServer (LIBRE)
[RA] CoordinatorNode recibe REQUEST de StreamServer (seq=4862)
[RA] CoordinatorNode -> REPLY a StreamServer (LIBRE)
[RA] CoordinatorNode recibe REQUEST de StreamServer (seq=4862)
[RA] CoordinatorNode -> REPLY a StreamServer (LIBRE)
[RA] CoordinatorNode recibe REQUEST de StreamServer (seq=4862)
[RA] CoordinatorNode -> REPLY a StreamServer (LIBRE)
[RA] CoordinatorNode recibe REQUEST de StreamServer (seq=4862)
[RA] CoordinatorNode -> REPLY a StreamServer (LIBRE)
[RA] CoordinatorNode recibe REQUEST de StreamServer (seq=4862)
[RA] CoordinatorNode -> REPLY a StreamServer (LIBRE)
[RA] CoordinatorNode recibe REQUEST de StreamServer (seq=4862)
[RA] CoordinatorNode -> REPLY a StreamServer (LIBRE)
[RA] CoordinatorNode recibe REQUEST de StreamServer (seq=4862)
[RA] CoordinatorNode -> REPLY a StreamServer (LIBRE)
[RA] CoordinatorNode recibe REQUEST de StreamServer (seq=4862)
[RA] CoordinatorNode -> REPLY a StreamServer (LIBRE)
[RA] CoordinatorNode recibe REQUEST de StreamServer (seq=4862)
[RA] CoordinatorNode -> REPLY a StreamServer (LIBRE)
[RA] CoordinatorNode recibe REQUEST de StreamServer (seq=4862)
[RA] CoordinatorNode -> REPLY a StreamServer (LIBRE)
[RA] CoordinatorNode recibe REQUEST de StreamServer (seq=4862)
[RA] CoordinatorNode -> REPLY a StreamServer (LIBRE)
[RA] CoordinatorNode recibe REQUEST de StreamServer (seq=4889)
[RA] CoordinatorNode -> REPLY a StreamServer (LIBRE)
[RA] CoordinatorNode recibe REQUEST de StreamServer (seq=4922)
[RA] CoordinatorNode -> REPLY a StreamServer (LIBRE)
[RA] CoordinatorNode recibe REQUEST de StreamServer (seq=4922)
[RA] CoordinatorNode -> REPLY a StreamServer (LIBRE)
[RA] CoordinatorNode recibe REQUEST de StreamServer (seq=4936)
[RA] CoordinatorNode -> REPLY a StreamServer (LIBRE)
[RA] CoordinatorNode recibe REQUEST de StreamServer (seq=4936)
[RA] CoordinatorNode -> REPLY a StreamServer (LIBRE)
[RA] CoordinatorNode recibe REQUEST de StreamServer (seq=4936)
[RA] CoordinatorNode -> REPLY a StreamServer (LIBRE)
[RA] CoordinatorNode recibe REQUEST de StreamServer (seq=4936)
[RA] CoordinatorNode -> REPLY a StreamServer (LIBRE)
[RA] CoordinatorNode recibe REQUEST de StreamServer (seq=4948)
[RA] CoordinatorNode -> REPLY a StreamServer (LIBRE)
[RA] CoordinatorNode recibe REQUEST de StreamServer (seq=4972)
[RA] CoordinatorNode -> REPLY a StreamServer (LIBRE)
[RA] CoordinatorNode recibe REQUEST de StreamServer (seq=5035)
[RA] CoordinatorNode -> REPLY a StreamServer (LIBRE)
[RA] CoordinatorNode recibe REQUEST de StreamServer (seq=5035)
[RA] CoordinatorNode -> REPLY a StreamServer (LIBRE)
[RA] CoordinatorNode recibe REQUEST de StreamServer (seq=5035)
[RA] CoordinatorNode -> REPLY a StreamServer (LIBRE)
[RA] CoordinatorNode recibe REQUEST de StreamServer (seq=5035)
[RA] CoordinatorNode -> REPLY a StreamServer (LIBRE)
[RA] CoordinatorNode recibe REQUEST de StreamServer (seq=5035)
[RA] CoordinatorNode -> REPLY a StreamServer (LIBRE)
[RA] CoordinatorNode recibe REQUEST de StreamServer (seq=5035)
[RA] CoordinatorNode -> REPLY a StreamServer (LIBRE)
[RA] CoordinatorNode recibe REQUEST de StreamServer (seq=5035)
[RA] CoordinatorNode -> REPLY a StreamServer (LIBRE)
[RA] CoordinatorNode recibe REQUEST de StreamServer (seq=5035)
[RA] CoordinatorNode -> REPLY a StreamServer (LIBRE)
[RA] CoordinatorNode recibe REQUEST de StreamServer (seq=5035)
[RA] CoordinatorNode -> REPLY a StreamServer (LIBRE)
[RA] CoordinatorNode recibe REQUEST de StreamServer (seq=5035)
[RA] CoordinatorNode -> REPLY a StreamServer (LIBRE)
[RA] CoordinatorNode recibe REQUEST de StreamServer (seq=5035)
[RA] CoordinatorNode -> REPLY a StreamServer (LIBRE)
[RA] CoordinatorNode recibe REQUEST de StreamServer (seq=5061)
[RA] CoordinatorNode -> REPLY a StreamServer (LIBRE)
[RA] CoordinatorNode recibe REQUEST de StreamServer (seq=5061)
[RA] CoordinatorNode -> REPLY a StreamServer (LIBRE)
[RA] CoordinatorNode recibe REQUEST de StreamServer (seq=5105)
[RA] CoordinatorNode -> REPLY a StreamServer (LIBRE)
[RA] CoordinatorNode recibe REQUEST de StreamServer (seq=5121)
[RA] CoordinatorNode -> REPLY a StreamServer (LIBRE)
[RA] CoordinatorNode recibe REQUEST de StreamServer (seq=5121)
[RA] CoordinatorNode -> REPLY a StreamServer (LIBRE)
[RA] CoordinatorNode recibe REQUEST de StreamServer (seq=5121)
[RA] CoordinatorNode -> REPLY a StreamServer (LIBRE)
[RA] CoordinatorNode recibe REQUEST de StreamServer (seq=5121)
[RA] CoordinatorNode -> REPLY a StreamServer (LIBRE)
[RA] CoordinatorNode recibe REQUEST de StreamServer (seq=5121)
[RA] CoordinatorNode -> REPLY a StreamServer (LIBRE)
[RA] CoordinatorNode recibe REQUEST de StreamServer (seq=5121)
[RA] CoordinatorNode -> REPLY a StreamServer (LIBRE)
[RA] CoordinatorNode recibe REQUEST de StreamServer (seq=5121)
[RA] CoordinatorNode -> REPLY a StreamServer (LIBRE)
[RA] CoordinatorNode recibe REQUEST de StreamServer (seq=5121)
[RA] CoordinatorNode -> REPLY a StreamServer (LIBRE)
[RA] CoordinatorNode recibe REQUEST de StreamServer (seq=5121)
[RA] CoordinatorNode -> REPLY a StreamServer (LIBRE)
[RA] CoordinatorNode recibe REQUEST de StreamServer (seq=5121)
[RA] CoordinatorNode -> REPLY a StreamServer (LIBRE)
[RA] CoordinatorNode recibe REQUEST de StreamServer (seq=5121)
[RA] CoordinatorNode -> REPLY a StreamServer (LIBRE)
[RA] CoordinatorNode recibe REQUEST de StreamServer (seq=5121)
[RA] CoordinatorNode -> REPLY a StreamServer (LIBRE)
[RA] CoordinatorNode recibe REQUEST de StreamServer (seq=5121)
[RA] CoordinatorNode -> REPLY a StreamServer (LIBRE)
[RA] CoordinatorNode recibe REQUEST de StreamServer (seq=5149)
[RA] CoordinatorNode -> REPLY a StreamServer (LIBRE)
[RA] CoordinatorNode recibe REQUEST de StreamServer (seq=5159)
[RA] CoordinatorNode -> REPLY a StreamServer (LIBRE)
[RA] CoordinatorNode recibe REQUEST de StreamServer (seq=5159)
[RA] CoordinatorNode -> REPLY a StreamServer (LIBRE)
[RA] CoordinatorNode recibe REQUEST de StreamServer (seq=5159)
[RA] CoordinatorNode -> REPLY a StreamServer (LIBRE)
[RA] CoordinatorNode recibe REQUEST de StreamServer (seq=5277)
[RA] CoordinatorNode -> REPLY a StreamServer (LIBRE)
[RA] CoordinatorNode recibe REQUEST de StreamServer (seq=5277)
[RA] CoordinatorNode -> REPLY a StreamServer (LIBRE)
[RA] CoordinatorNode recibe REQUEST de StreamServer (seq=5277)
[RA] CoordinatorNode -> REPLY a StreamServer (LIBRE)
[RA] CoordinatorNode recibe REQUEST de StreamServer (seq=5277)
[RA] CoordinatorNode -> REPLY a StreamServer (LIBRE)
[RA] CoordinatorNode recibe REQUEST de StreamServer (seq=5277)
[RA] CoordinatorNode -> REPLY a StreamServer (LIBRE)
[RA] CoordinatorNode recibe REQUEST de StreamServer (seq=5277)
[RA] CoordinatorNode -> REPLY a StreamServer (LIBRE)
[RA] CoordinatorNode recibe REQUEST de StreamServer (seq=5277)
[RA] CoordinatorNode -> REPLY a StreamServer (LIBRE)
[RA] CoordinatorNode recibe REQUEST de StreamServer (seq=5277)
[RA] CoordinatorNode -> REPLY a StreamServer (LIBRE)
[RA] CoordinatorNode recibe REQUEST de StreamServer (seq=5301)
[RA] CoordinatorNode -> REPLY a StreamServer (LIBRE)
[RA] CoordinatorNode recibe REQUEST de StreamServer (seq=5356)
[RA] CoordinatorNode -> REPLY a StreamServer (LIBRE)
[RA] CoordinatorNode recibe REQUEST de StreamServer (seq=5379)
[RA] CoordinatorNode -> REPLY a StreamServer (LIBRE)
[RA] CoordinatorNode recibe REQUEST de StreamServer (seq=5379)
[RA] CoordinatorNode -> REPLY a StreamServer (LIBRE)
[RA] CoordinatorNode recibe REQUEST de StreamServer (seq=5379)
[RA] CoordinatorNode -> REPLY a StreamServer (LIBRE)
[RA] CoordinatorNode recibe REQUEST de StreamServer (seq=5379)
[RA] CoordinatorNode -> REPLY a StreamServer (LIBRE)
[RA] CoordinatorNode recibe REQUEST de StreamServer (seq=5379)
[RA] CoordinatorNode -> REPLY a StreamServer (LIBRE)
[RA] CoordinatorNode recibe REQUEST de StreamServer (seq=5379)
[RA] CoordinatorNode -> REPLY a StreamServer (LIBRE)
[RA] CoordinatorNode recibe REQUEST de StreamServer (seq=5379)
[RA] CoordinatorNode -> REPLY a StreamServer (LIBRE)
[RA] CoordinatorNode recibe REQUEST de StreamServer (seq=5379)
[RA] CoordinatorNode -> REPLY a StreamServer (LIBRE)
[RA] CoordinatorNode recibe REQUEST de StreamServer (seq=5379)
[RA] CoordinatorNode -> REPLY a StreamServer (LIBRE)
[RA] CoordinatorNode recibe REQUEST de StreamServer (seq=5379)
[RA] CoordinatorNode -> REPLY a StreamServer (LIBRE)
[RA] CoordinatorNode recibe REQUEST de StreamServer (seq=5379)
[RA] CoordinatorNode -> REPLY a StreamServer (LIBRE)
[RA] CoordinatorNode recibe REQUEST de StreamServer (seq=5379)
[RA] CoordinatorNode -> REPLY a StreamServer (LIBRE)
[RA] CoordinatorNode recibe REQUEST de StreamServer (seq=5379)
[RA] CoordinatorNode -> REPLY a StreamServer (LIBRE)
[RA] CoordinatorNode recibe REQUEST de StreamServer (seq=5379)
[RA] CoordinatorNode -> REPLY a StreamServer (LIBRE)
[RA] CoordinatorNode recibe REQUEST de StreamServer (seq=5379)
[RA] CoordinatorNode -> REPLY a StreamServer (LIBRE)
[RA] CoordinatorNode recibe REQUEST de StreamServer (seq=5379)
[RA] CoordinatorNode -> REPLY a StreamServer (LIBRE)
[RA] CoordinatorNode recibe REQUEST de StreamServer (seq=5379)
[RA] CoordinatorNode -> REPLY a StreamServer (LIBRE)
[RA] CoordinatorNode recibe REQUEST de StreamServer (seq=5379)
[RA] CoordinatorNode -> REPLY a StreamServer (LIBRE)
[RA] CoordinatorNode recibe REQUEST de StreamServer (seq=5379)
[RA] CoordinatorNode -> REPLY a StreamServer (LIBRE)
[RA] CoordinatorNode recibe REQUEST de StreamServer (seq=5379)
[RA] CoordinatorNode -> REPLY a StreamServer (LIBRE)
[RA] CoordinatorNode recibe REQUEST de StreamServer (seq=5432)
[RA] CoordinatorNode -> REPLY a StreamServer (LIBRE)
[RA] CoordinatorNode recibe REQUEST de StreamServer (seq=5432)
[RA] CoordinatorNode -> REPLY a StreamServer (LIBRE)
[RA] CoordinatorNode recibe REQUEST de StreamServer (seq=5432)
[RA] CoordinatorNode -> REPLY a StreamServer (LIBRE)
[RA] CoordinatorNode recibe REQUEST de StreamServer (seq=5432)
[RA] CoordinatorNode -> REPLY a StreamServer (LIBRE)
[RA] CoordinatorNode recibe REQUEST de StreamServer (seq=5432)
[RA] CoordinatorNode -> REPLY a StreamServer (LIBRE)
[RA] CoordinatorNode recibe REQUEST de StreamServer (seq=5432)
[RA] CoordinatorNode -> REPLY a StreamServer (LIBRE)
[RA] CoordinatorNode recibe REQUEST de StreamServer (seq=5432)
[RA] CoordinatorNode -> REPLY a StreamServer (LIBRE)
[RA] CoordinatorNode recibe REQUEST de StreamServer (seq=5432)
[RA] CoordinatorNode -> REPLY a StreamServer (LIBRE)
[RA] CoordinatorNode recibe REQUEST de StreamServer (seq=5432)
[RA] CoordinatorNode -> REPLY a StreamServer (LIBRE)
[RA] CoordinatorNode recibe REQUEST de StreamServer (seq=5432)
[RA] CoordinatorNode -> REPLY a StreamServer (LIBRE)
[RA] CoordinatorNode recibe REQUEST de StreamServer (seq=5454)
[RA] CoordinatorNode -> REPLY a StreamServer (LIBRE)
[RA] CoordinatorNode recibe REQUEST de StreamServer (seq=5510)
[RA] CoordinatorNode -> REPLY a StreamServer (LIBRE)
[RA] CoordinatorNode recibe REQUEST de StreamServer (seq=5516)
[RA] CoordinatorNode -> REPLY a StreamServer (LIBRE)
[RA] CoordinatorNode recibe REQUEST de StreamServer (seq=5516)
[RA] CoordinatorNode -> REPLY a StreamServer (LIBRE)
[RA] CoordinatorNode recibe REQUEST de StreamServer (seq=5527)
[RA] CoordinatorNode -> REPLY a StreamServer (LIBRE)
[RA] CoordinatorNode recibe REQUEST de StreamServer (seq=5532)
[RA] CoordinatorNode -> REPLY a StreamServer (LIBRE)
[RA] CoordinatorNode recibe REQUEST de StreamServer (seq=5532)
[RA] CoordinatorNode -> REPLY a StreamServer (LIBRE)
[RA] CoordinatorNode recibe REQUEST de StreamServer (seq=5532)
[RA] CoordinatorNode -> REPLY a StreamServer (LIBRE)
[RA] CoordinatorNode recibe REQUEST de StreamServer (seq=5532)
[RA] CoordinatorNode -> REPLY a StreamServer (LIBRE)
[RA] CoordinatorNode recibe REQUEST de StreamServer (seq=5532)
[RA] CoordinatorNode -> REPLY a StreamServer (LIBRE)
[RA] CoordinatorNode recibe REQUEST de StreamServer (seq=5532)
[RA] CoordinatorNode -> REPLY a StreamServer (LIBRE)
[RA] CoordinatorNode recibe REQUEST de StreamServer (seq=5532)
[RA] CoordinatorNode -> REPLY a StreamServer (LIBRE)
[ERROR] [CoordinatorNode] Error en handler: writing aborted; java.io.NotSerializableException: cpyd.distributed.NodeMembership$NodeInfo
[RA] CoordinatorNode recibe REQUEST de StreamServer (seq=5553)
[RA] CoordinatorNode -> REPLY a StreamServer (LIBRE)
[RA] CoordinatorNode recibe REQUEST de StreamServer (seq=5591)
[RA] CoordinatorNode -> REPLY a StreamServer (LIBRE)
[RA] CoordinatorNode recibe REQUEST de StreamServer (seq=5601)
[RA] CoordinatorNode -> REPLY a StreamServer (LIBRE)
[RA] CoordinatorNode recibe REQUEST de StreamServer (seq=5604)
[RA] CoordinatorNode -> REPLY a StreamServer (LIBRE)
[RA] CoordinatorNode recibe REQUEST de StreamServer (seq=5604)
[RA] CoordinatorNode -> REPLY a StreamServer (LIBRE)
[RA] CoordinatorNode recibe REQUEST de StreamServer (seq=5604)
[RA] CoordinatorNode -> REPLY a StreamServer (LIBRE)
[RA] CoordinatorNode recibe REQUEST de StreamServer (seq=5604)
[RA] CoordinatorNode -> REPLY a StreamServer (LIBRE)
[RA] CoordinatorNode recibe REQUEST de StreamServer (seq=5604)
[RA] CoordinatorNode -> REPLY a StreamServer (LIBRE)
[RA] CoordinatorNode recibe REQUEST de StreamServer (seq=5604)
[RA] CoordinatorNode -> REPLY a StreamServer (LIBRE)
[RA] CoordinatorNode recibe REQUEST de StreamServer (seq=5604)
[RA] CoordinatorNode -> REPLY a StreamServer (LIBRE)
[RA] CoordinatorNode recibe REQUEST de StreamServer (seq=5604)
[RA] CoordinatorNode -> REPLY a StreamServer (LIBRE)
[RA] CoordinatorNode recibe REQUEST de StreamServer (seq=5604)
[RA] CoordinatorNode -> REPLY a StreamServer (LIBRE)
[RA] CoordinatorNode recibe REQUEST de StreamServer (seq=5604)
[RA] CoordinatorNode -> REPLY a StreamServer (LIBRE)
[RA] CoordinatorNode recibe REQUEST de StreamServer (seq=5604)
[RA] CoordinatorNode -> REPLY a StreamServer (LIBRE)
[RA] CoordinatorNode recibe REQUEST de StreamServer (seq=5604)
[RA] CoordinatorNode -> REPLY a StreamServer (LIBRE)
[RA] CoordinatorNode recibe REQUEST de StreamServer (seq=5604)
[RA] CoordinatorNode -> REPLY a StreamServer (LIBRE)
[RA] CoordinatorNode recibe REQUEST de StreamServer (seq=5604)
[RA] CoordinatorNode -> REPLY a StreamServer (LIBRE)
[RA] CoordinatorNode recibe REQUEST de StreamServer (seq=5604)
[RA] CoordinatorNode -> REPLY a StreamServer (LIBRE)
[RA] CoordinatorNode recibe REQUEST de StreamServer (seq=5604)
[RA] CoordinatorNode -> REPLY a StreamServer (LIBRE)
[RA] CoordinatorNode recibe REQUEST de StreamServer (seq=5648)
[RA] CoordinatorNode -> REPLY a StreamServer (LIBRE)
[RA] CoordinatorNode recibe REQUEST de StreamServer (seq=5654)
[RA] CoordinatorNode -> REPLY a StreamServer (LIBRE)
[RA] CoordinatorNode recibe REQUEST de StreamServer (seq=5758)
[RA] CoordinatorNode -> REPLY a StreamServer (LIBRE)
[RA] CoordinatorNode recibe REQUEST de StreamServer (seq=5763)
[RA] CoordinatorNode -> REPLY a StreamServer (LIBRE)
[RA] CoordinatorNode recibe REQUEST de StreamServer (seq=5776)
[RA] CoordinatorNode -> REPLY a StreamServer (LIBRE)
[RA] CoordinatorNode recibe REQUEST de StreamServer (seq=5776)
[RA] CoordinatorNode -> REPLY a StreamServer (LIBRE)
[RA] CoordinatorNode recibe REQUEST de StreamServer (seq=5776)
[RA] CoordinatorNode -> REPLY a StreamServer (LIBRE)
[RA] CoordinatorNode recibe REQUEST de StreamServer (seq=5776)
[RA] CoordinatorNode -> REPLY a StreamServer (LIBRE)
[RA] CoordinatorNode recibe REQUEST de StreamServer (seq=5776)
[RA] CoordinatorNode -> REPLY a StreamServer (LIBRE)
[RA] CoordinatorNode recibe REQUEST de StreamServer (seq=5776)
[RA] CoordinatorNode -> REPLY a StreamServer (LIBRE)
[RA] CoordinatorNode recibe REQUEST de StreamServer (seq=5776)
[RA] CoordinatorNode -> REPLY a StreamServer (LIBRE)
[RA] CoordinatorNode recibe REQUEST de StreamServer (seq=5794)
[RA] CoordinatorNode -> REPLY a StreamServer (LIBRE)
[RA] CoordinatorNode recibe REQUEST de StreamServer (seq=5794)
[RA] CoordinatorNode -> REPLY a StreamServer (LIBRE)
[RA] CoordinatorNode recibe REQUEST de StreamServer (seq=5808)
[RA] CoordinatorNode -> REPLY a StreamServer (LIBRE)
[RA] CoordinatorNode recibe REQUEST de StreamServer (seq=5816)
[RA] CoordinatorNode -> REPLY a StreamServer (LIBRE)
[RA] CoordinatorNode recibe REQUEST de StreamServer (seq=5827)
[RA] CoordinatorNode -> REPLY a StreamServer (LIBRE)
[RA] CoordinatorNode recibe REQUEST de StreamServer (seq=5845)
[RA] CoordinatorNode -> REPLY a StreamServer (LIBRE)
[RA] CoordinatorNode recibe REQUEST de StreamServer (seq=5845)
[RA] CoordinatorNode -> REPLY a StreamServer (LIBRE)
[RA] CoordinatorNode recibe REQUEST de StreamServer (seq=5845)
[RA] CoordinatorNode -> REPLY a StreamServer (LIBRE)
[RA] CoordinatorNode recibe REQUEST de StreamServer (seq=5845)
[RA] CoordinatorNode -> REPLY a StreamServer (LIBRE)
[RA] CoordinatorNode recibe REQUEST de StreamServer (seq=5845)
[RA] CoordinatorNode -> REPLY a StreamServer (LIBRE)
[RA] CoordinatorNode recibe REQUEST de StreamServer (seq=5845)
[RA] CoordinatorNode -> REPLY a StreamServer (LIBRE)
[RA] CoordinatorNode recibe REQUEST de StreamServer (seq=5845)
[RA] CoordinatorNode -> REPLY a StreamServer (LIBRE)
[RA] CoordinatorNode recibe REQUEST de StreamServer (seq=5845)
[RA] CoordinatorNode -> REPLY a StreamServer (LIBRE)
[RA] CoordinatorNode recibe REQUEST de StreamServer (seq=5845)
[RA] CoordinatorNode -> REPLY a StreamServer (LIBRE)
[RA] CoordinatorNode recibe REQUEST de StreamServer (seq=5845)
[RA] CoordinatorNode -> REPLY a StreamServer (LIBRE)
[RA] CoordinatorNode recibe REQUEST de StreamServer (seq=5845)
[RA] CoordinatorNode -> REPLY a StreamServer (LIBRE)
[RA] CoordinatorNode recibe REQUEST de StreamServer (seq=5882)
[RA] CoordinatorNode -> REPLY a StreamServer (LIBRE)
[RA] CoordinatorNode recibe REQUEST de StreamServer (seq=5882)
[RA] CoordinatorNode -> REPLY a StreamServer (LIBRE)
[RA] CoordinatorNode recibe REQUEST de StreamServer (seq=5882)
[RA] CoordinatorNode -> REPLY a StreamServer (LIBRE)
[RA] CoordinatorNode recibe REQUEST de StreamServer (seq=5882)
[RA] CoordinatorNode -> REPLY a StreamServer (LIBRE)
[RA] CoordinatorNode recibe REQUEST de StreamServer (seq=5882)
[RA] CoordinatorNode -> REPLY a StreamServer (LIBRE)
[RA] CoordinatorNode recibe REQUEST de StreamServer (seq=5882)
[RA] CoordinatorNode -> REPLY a StreamServer (LIBRE)
[RA] CoordinatorNode recibe REQUEST de StreamServer (seq=5882)
[RA] CoordinatorNode -> REPLY a StreamServer (LIBRE)
[RA] CoordinatorNode recibe REQUEST de StreamServer (seq=5882)
[RA] CoordinatorNode -> REPLY a StreamServer (LIBRE)
[RA] CoordinatorNode recibe REQUEST de StreamServer (seq=5882)
[RA] CoordinatorNode -> REPLY a StreamServer (LIBRE)
[RA] CoordinatorNode recibe REQUEST de StreamServer (seq=5882)
[RA] CoordinatorNode -> REPLY a StreamServer (LIBRE)
[RA] CoordinatorNode recibe REQUEST de StreamServer (seq=5882)
[RA] CoordinatorNode -> REPLY a StreamServer (LIBRE)
[RA] CoordinatorNode recibe REQUEST de StreamServer (seq=5882)
[RA] CoordinatorNode -> REPLY a StreamServer (LIBRE)
[RA] CoordinatorNode recibe REQUEST de StreamServer (seq=5908)
[RA] CoordinatorNode -> REPLY a StreamServer (LIBRE)
[RA] CoordinatorNode recibe REQUEST de StreamServer (seq=6030)
[RA] CoordinatorNode -> REPLY a StreamServer (LIBRE)
[RA] CoordinatorNode recibe REQUEST de StreamServer (seq=6036)
[RA] CoordinatorNode -> REPLY a StreamServer (LIBRE)
[RA] CoordinatorNode recibe REQUEST de StreamServer (seq=6036)
[RA] CoordinatorNode -> REPLY a StreamServer (LIBRE)
[RA] CoordinatorNode recibe REQUEST de StreamServer (seq=6043)
[RA] CoordinatorNode -> REPLY a StreamServer (LIBRE)
[RA] CoordinatorNode recibe REQUEST de StreamServer (seq=6070)
[RA] CoordinatorNode -> REPLY a StreamServer (LIBRE)
[RA] CoordinatorNode recibe REQUEST de StreamServer (seq=6087)
[RA] CoordinatorNode -> REPLY a StreamServer (LIBRE)
[RA] CoordinatorNode recibe REQUEST de StreamServer (seq=6087)
[RA] CoordinatorNode -> REPLY a StreamServer (LIBRE)
[RA] CoordinatorNode recibe REQUEST de StreamServer (seq=6087)
[RA] CoordinatorNode -> REPLY a StreamServer (LIBRE)
[RA] CoordinatorNode recibe REQUEST de StreamServer (seq=6123)
[RA] CoordinatorNode -> REPLY a StreamServer (LIBRE)
[RA] CoordinatorNode recibe REQUEST de StreamServer (seq=6123)
[RA] CoordinatorNode -> REPLY a StreamServer (LIBRE)
[RA] CoordinatorNode recibe REQUEST de StreamServer (seq=6123)
[RA] CoordinatorNode -> REPLY a StreamServer (LIBRE)
[RA] CoordinatorNode recibe REQUEST de StreamServer (seq=6123)
[RA] CoordinatorNode -> REPLY a StreamServer (LIBRE)
[RA] CoordinatorNode recibe REQUEST de StreamServer (seq=6123)
[RA] CoordinatorNode -> REPLY a StreamServer (LIBRE)
[RA] CoordinatorNode recibe REQUEST de StreamServer (seq=6123)
[RA] CoordinatorNode -> REPLY a StreamServer (LIBRE)
[RA] CoordinatorNode recibe REQUEST de StreamServer (seq=6123)
[RA] CoordinatorNode -> REPLY a StreamServer (LIBRE)
[RA] CoordinatorNode recibe REQUEST de StreamServer (seq=6123)
[RA] CoordinatorNode -> REPLY a StreamServer (LIBRE)
[RA] CoordinatorNode recibe REQUEST de StreamServer (seq=6123)
[RA] CoordinatorNode -> REPLY a StreamServer (LIBRE)
[RA] CoordinatorNode recibe REQUEST de StreamServer (seq=6123)
[RA] CoordinatorNode -> REPLY a StreamServer (LIBRE)
[RA] CoordinatorNode recibe REQUEST de StreamServer (seq=6123)
[RA] CoordinatorNode -> REPLY a StreamServer (LIBRE)
[RA] CoordinatorNode recibe REQUEST de StreamServer (seq=6123)
[RA] CoordinatorNode -> REPLY a StreamServer (LIBRE)
[RA] CoordinatorNode recibe REQUEST de StreamServer (seq=6123)
[RA] CoordinatorNode -> REPLY a StreamServer (LIBRE)
[RA] CoordinatorNode recibe REQUEST de StreamServer (seq=6123)
[RA] CoordinatorNode -> REPLY a StreamServer (LIBRE)
[RA] CoordinatorNode recibe REQUEST de StreamServer (seq=6123)
[RA] CoordinatorNode -> REPLY a StreamServer (LIBRE)
[RA] CoordinatorNode recibe REQUEST de StreamServer (seq=6123)
[RA] CoordinatorNode -> REPLY a StreamServer (LIBRE)
[RA] CoordinatorNode recibe REQUEST de StreamServer (seq=6123)
[RA] CoordinatorNode -> REPLY a StreamServer (LIBRE)
[RA] CoordinatorNode recibe REQUEST de StreamServer (seq=6123)
[RA] CoordinatorNode -> REPLY a StreamServer (LIBRE)
[RA] CoordinatorNode recibe REQUEST de StreamServer (seq=6123)
[RA] CoordinatorNode -> REPLY a StreamServer (LIBRE)
[RA] CoordinatorNode recibe REQUEST de StreamServer (seq=6123)
[RA] CoordinatorNode -> REPLY a StreamServer (LIBRE)
[RA] CoordinatorNode recibe REQUEST de StreamServer (seq=6123)
[RA] CoordinatorNode -> REPLY a StreamServer (LIBRE)
[RA] CoordinatorNode recibe REQUEST de StreamServer (seq=6123)
[RA] CoordinatorNode -> REPLY a StreamServer (LIBRE)
[RA] CoordinatorNode recibe REQUEST de StreamServer (seq=6123)
[RA] CoordinatorNode -> REPLY a StreamServer (LIBRE)
[RA] CoordinatorNode recibe REQUEST de StreamServer (seq=6123)
[RA] CoordinatorNode -> REPLY a StreamServer (LIBRE)
[RA] CoordinatorNode recibe REQUEST de StreamServer (seq=6123)
[RA] CoordinatorNode -> REPLY a StreamServer (LIBRE)
[RA] CoordinatorNode recibe REQUEST de StreamServer (seq=6123)
[RA] CoordinatorNode -> REPLY a StreamServer (LIBRE)
[RA] CoordinatorNode recibe REQUEST de StreamServer (seq=6123)
[RA] CoordinatorNode -> REPLY a StreamServer (LIBRE)
[RA] CoordinatorNode recibe REQUEST de StreamServer (seq=6123)
[RA] CoordinatorNode -> REPLY a StreamServer (LIBRE)
[RA] CoordinatorNode recibe REQUEST de StreamServer (seq=6123)
[RA] CoordinatorNode -> REPLY a StreamServer (LIBRE)
[RA] CoordinatorNode recibe REQUEST de StreamServer (seq=6123)
[RA] CoordinatorNode -> REPLY a StreamServer (LIBRE)
[RA] CoordinatorNode recibe REQUEST de StreamServer (seq=6123)
[RA] CoordinatorNode -> REPLY a StreamServer (LIBRE)
[RA] CoordinatorNode recibe REQUEST de StreamServer (seq=6187)
[RA] CoordinatorNode -> REPLY a StreamServer (LIBRE)
[RA] CoordinatorNode recibe REQUEST de StreamServer (seq=6236)
[RA] CoordinatorNode -> REPLY a StreamServer (LIBRE)
[RA] CoordinatorNode recibe REQUEST de StreamServer (seq=6245)
[RA] CoordinatorNode -> REPLY a StreamServer (LIBRE)
[RA] CoordinatorNode recibe REQUEST de StreamServer (seq=6245)
[RA] CoordinatorNode -> REPLY a StreamServer (LIBRE)
[RA] CoordinatorNode recibe REQUEST de StreamServer (seq=6268)
[RA] CoordinatorNode -> REPLY a StreamServer (LIBRE)
[RA] CoordinatorNode recibe REQUEST de StreamServer (seq=6268)
[RA] CoordinatorNode -> REPLY a StreamServer (LIBRE)
[RA] CoordinatorNode recibe REQUEST de StreamServer (seq=6279)
[RA] CoordinatorNode -> REPLY a StreamServer (LIBRE)
[RA] CoordinatorNode recibe REQUEST de StreamServer (seq=6279)
[RA] CoordinatorNode -> REPLY a StreamServer (LIBRE)
[RA] CoordinatorNode recibe REQUEST de StreamServer (seq=6279)
[RA] CoordinatorNode -> REPLY a StreamServer (LIBRE)
[RA] CoordinatorNode recibe REQUEST de StreamServer (seq=6298)
[RA] CoordinatorNode -> REPLY a StreamServer (LIBRE)
[RA] CoordinatorNode recibe REQUEST de StreamServer (seq=6309)
[RA] CoordinatorNode -> REPLY a StreamServer (LIBRE)
[RA] CoordinatorNode recibe REQUEST de StreamServer (seq=6309)
[RA] CoordinatorNode -> REPLY a StreamServer (LIBRE)
[RA] CoordinatorNode recibe REQUEST de StreamServer (seq=6309)
[RA] CoordinatorNode -> REPLY a StreamServer (LIBRE)
[RA] CoordinatorNode recibe REQUEST de StreamServer (seq=6309)
[RA] CoordinatorNode -> REPLY a StreamServer (LIBRE)
[RA] CoordinatorNode recibe REQUEST de StreamServer (seq=6309)
[RA] CoordinatorNode -> REPLY a StreamServer (LIBRE)
[RA] CoordinatorNode recibe REQUEST de StreamServer (seq=6309)
[RA] CoordinatorNode -> REPLY a StreamServer (LIBRE)
[RA] CoordinatorNode recibe REQUEST de StreamServer (seq=6309)
[RA] CoordinatorNode -> REPLY a StreamServer (LIBRE)
[RA] CoordinatorNode recibe REQUEST de StreamServer (seq=6309)
[RA] CoordinatorNode -> REPLY a StreamServer (LIBRE)
[RA] CoordinatorNode recibe REQUEST de StreamServer (seq=6309)
[RA] CoordinatorNode -> REPLY a StreamServer (LIBRE)
[RA] CoordinatorNode recibe REQUEST de StreamServer (seq=6309)
[RA] CoordinatorNode -> REPLY a StreamServer (LIBRE)
[RA] CoordinatorNode recibe REQUEST de StreamServer (seq=6309)
[RA] CoordinatorNode -> REPLY a StreamServer (LIBRE)
[RA] CoordinatorNode recibe REQUEST de StreamServer (seq=6309)
[RA] CoordinatorNode -> REPLY a StreamServer (LIBRE)
[RA] CoordinatorNode recibe REQUEST de StreamServer (seq=6309)
[RA] CoordinatorNode -> REPLY a StreamServer (LIBRE)
[RA] CoordinatorNode recibe REQUEST de StreamServer (seq=6309)
[RA] CoordinatorNode -> REPLY a StreamServer (LIBRE)
[RA] CoordinatorNode recibe REQUEST de StreamServer (seq=6309)
[RA] CoordinatorNode -> REPLY a StreamServer (LIBRE)
[RA] CoordinatorNode recibe REQUEST de StreamServer (seq=6309)
[RA] CoordinatorNode -> REPLY a StreamServer (LIBRE)
[RA] CoordinatorNode recibe REQUEST de StreamServer (seq=6352)
[RA] CoordinatorNode -> REPLY a StreamServer (LIBRE)
[RA] CoordinatorNode recibe REQUEST de StreamServer (seq=6352)
[RA] CoordinatorNode -> REPLY a StreamServer (LIBRE)
[RA] CoordinatorNode recibe REQUEST de StreamServer (seq=6418)
[RA] CoordinatorNode -> REPLY a StreamServer (LIBRE)
[RA] CoordinatorNode recibe REQUEST de StreamServer (seq=6418)
[RA] CoordinatorNode -> REPLY a StreamServer (LIBRE)
[RA] CoordinatorNode recibe REQUEST de StreamServer (seq=6425)
[RA] CoordinatorNode -> REPLY a StreamServer (LIBRE)
[RA] CoordinatorNode recibe REQUEST de StreamServer (seq=6425)
[RA] CoordinatorNode -> REPLY a StreamServer (LIBRE)
[RA] CoordinatorNode recibe REQUEST de StreamServer (seq=6432)
[RA] CoordinatorNode -> REPLY a StreamServer (LIBRE)
[RA] CoordinatorNode recibe REQUEST de StreamServer (seq=6447)
[RA] CoordinatorNode -> REPLY a StreamServer (LIBRE)
[RA] CoordinatorNode recibe REQUEST de StreamServer (seq=6454)
[RA] CoordinatorNode -> REPLY a StreamServer (LIBRE)
[RA] CoordinatorNode recibe REQUEST de StreamServer (seq=6454)
[RA] CoordinatorNode -> REPLY a StreamServer (LIBRE)
[RA] CoordinatorNode recibe REQUEST de StreamServer (seq=6454)
[RA] CoordinatorNode -> REPLY a StreamServer (LIBRE)
[RA] CoordinatorNode recibe REQUEST de StreamServer (seq=6469)
[RA] CoordinatorNode -> REPLY a StreamServer (LIBRE)
[RA] CoordinatorNode recibe REQUEST de StreamServer (seq=6482)
[RA] CoordinatorNode -> REPLY a StreamServer (LIBRE)
[RA] CoordinatorNode recibe REQUEST de StreamServer (seq=6482)
[RA] CoordinatorNode -> REPLY a StreamServer (LIBRE)
[RA] CoordinatorNode recibe REQUEST de StreamServer (seq=6482)
[RA] CoordinatorNode -> REPLY a StreamServer (LIBRE)
[RA] CoordinatorNode recibe REQUEST de StreamServer (seq=6493)
[RA] CoordinatorNode -> REPLY a StreamServer (LIBRE)
[RA] CoordinatorNode recibe REQUEST de StreamServer (seq=6493)
[RA] CoordinatorNode -> REPLY a StreamServer (LIBRE)
[RA] CoordinatorNode recibe REQUEST de StreamServer (seq=6493)
[RA] CoordinatorNode -> REPLY a StreamServer (LIBRE)
[RA] CoordinatorNode recibe REQUEST de StreamServer (seq=6493)
[RA] CoordinatorNode -> REPLY a StreamServer (LIBRE)
[RA] CoordinatorNode recibe REQUEST de StreamServer (seq=6493)
[RA] CoordinatorNode -> REPLY a StreamServer (LIBRE)
[RA] CoordinatorNode recibe REQUEST de StreamServer (seq=6493)
[RA] CoordinatorNode -> REPLY a StreamServer (LIBRE)
[RA] CoordinatorNode recibe REQUEST de StreamServer (seq=6493)
[RA] CoordinatorNode -> REPLY a StreamServer (LIBRE)
[RA] CoordinatorNode recibe REQUEST de StreamServer (seq=6493)
[RA] CoordinatorNode -> REPLY a StreamServer (LIBRE)
[RA] CoordinatorNode recibe REQUEST de StreamServer (seq=6493)
[RA] CoordinatorNode -> REPLY a StreamServer (LIBRE)
[RA] CoordinatorNode recibe REQUEST de StreamServer (seq=6493)
[RA] CoordinatorNode -> REPLY a StreamServer (LIBRE)
[RA] CoordinatorNode recibe REQUEST de StreamServer (seq=6493)
[RA] CoordinatorNode -> REPLY a StreamServer (LIBRE)
[RA] CoordinatorNode recibe REQUEST de StreamServer (seq=6493)
[RA] CoordinatorNode -> REPLY a StreamServer (LIBRE)
[RA] CoordinatorNode recibe REQUEST de StreamServer (seq=6493)
[RA] CoordinatorNode -> REPLY a StreamServer (LIBRE)
[RA] CoordinatorNode recibe REQUEST de StreamServer (seq=6524)
[RA] CoordinatorNode -> REPLY a StreamServer (LIBRE)
[RA] CoordinatorNode recibe REQUEST de StreamServer (seq=6574)
[RA] CoordinatorNode -> REPLY a StreamServer (LIBRE)
[RA] CoordinatorNode recibe REQUEST de StreamServer (seq=6574)
[RA] CoordinatorNode -> REPLY a StreamServer (LIBRE)
[RA] CoordinatorNode recibe REQUEST de StreamServer (seq=6593)
[RA] CoordinatorNode -> REPLY a StreamServer (LIBRE)
[RA] CoordinatorNode recibe REQUEST de StreamServer (seq=6593)
[RA] CoordinatorNode -> REPLY a StreamServer (LIBRE)
[RA] CoordinatorNode recibe REQUEST de StreamServer (seq=6602)
[RA] CoordinatorNode -> REPLY a StreamServer (LIBRE)
[RA] CoordinatorNode recibe REQUEST de StreamServer (seq=6685)
[RA] CoordinatorNode -> REPLY a StreamServer (LIBRE)
[RA] CoordinatorNode recibe REQUEST de StreamServer (seq=6685)
[RA] CoordinatorNode -> REPLY a StreamServer (LIBRE)
[RA] CoordinatorNode recibe REQUEST de StreamServer (seq=6685)
[RA] CoordinatorNode -> REPLY a StreamServer (LIBRE)
[RA] CoordinatorNode recibe REQUEST de StreamServer (seq=6720)
[RA] CoordinatorNode -> REPLY a StreamServer (LIBRE)
[RA] CoordinatorNode recibe REQUEST de StreamServer (seq=6729)
[RA] CoordinatorNode -> REPLY a StreamServer (LIBRE)
[RA] CoordinatorNode recibe REQUEST de StreamServer (seq=6729)
[RA] CoordinatorNode -> REPLY a StreamServer (LIBRE)
[RA] CoordinatorNode recibe REQUEST de StreamServer (seq=6737)
[RA] CoordinatorNode -> REPLY a StreamServer (LIBRE)
[RA] CoordinatorNode recibe REQUEST de StreamServer (seq=6737)
[RA] CoordinatorNode -> REPLY a StreamServer (LIBRE)
[RA] CoordinatorNode recibe REQUEST de StreamServer (seq=6737)
[RA] CoordinatorNode -> REPLY a StreamServer (LIBRE)
[RA] CoordinatorNode recibe REQUEST de StreamServer (seq=6737)
[RA] CoordinatorNode -> REPLY a StreamServer (LIBRE)
[RA] CoordinatorNode recibe REQUEST de StreamServer (seq=6737)
[RA] CoordinatorNode -> REPLY a StreamServer (LIBRE)
[RA] CoordinatorNode recibe REQUEST de StreamServer (seq=6737)
[RA] CoordinatorNode -> REPLY a StreamServer (LIBRE)
[RA] CoordinatorNode recibe REQUEST de StreamServer (seq=6737)
[RA] CoordinatorNode -> REPLY a StreamServer (LIBRE)
[RA] CoordinatorNode recibe REQUEST de StreamServer (seq=6737)
[RA] CoordinatorNode -> REPLY a StreamServer (LIBRE)
[RA] CoordinatorNode recibe REQUEST de StreamServer (seq=6737)
[RA] CoordinatorNode -> REPLY a StreamServer (LIBRE)
[RA] CoordinatorNode recibe REQUEST de StreamServer (seq=6737)
[RA] CoordinatorNode -> REPLY a StreamServer (LIBRE)
[RA] CoordinatorNode recibe REQUEST de StreamServer (seq=6737)
[RA] CoordinatorNode -> REPLY a StreamServer (LIBRE)
[RA] CoordinatorNode recibe REQUEST de StreamServer (seq=6737)
[RA] CoordinatorNode -> REPLY a StreamServer (LIBRE)
[RA] CoordinatorNode recibe REQUEST de StreamServer (seq=6737)
[RA] CoordinatorNode -> REPLY a StreamServer (LIBRE)
[RA] CoordinatorNode recibe REQUEST de StreamServer (seq=6773)
[RA] CoordinatorNode -> REPLY a StreamServer (LIBRE)
[RA] CoordinatorNode recibe REQUEST de StreamServer (seq=6825)
[RA] CoordinatorNode -> REPLY a StreamServer (LIBRE)
[RA] CoordinatorNode recibe REQUEST de StreamServer (seq=6864)
[RA] CoordinatorNode -> REPLY a StreamServer (LIBRE)
[RA] CoordinatorNode recibe REQUEST de StreamServer (seq=6864)
[RA] CoordinatorNode -> REPLY a StreamServer (LIBRE)
[RA] CoordinatorNode recibe REQUEST de StreamServer (seq=6864)
[RA] CoordinatorNode -> REPLY a StreamServer (LIBRE)
[RA] CoordinatorNode recibe REQUEST de StreamServer (seq=6864)
[RA] CoordinatorNode -> REPLY a StreamServer (LIBRE)
[RA] CoordinatorNode recibe REQUEST de StreamServer (seq=6864)
[RA] CoordinatorNode -> REPLY a StreamServer (LIBRE)
[RA] CoordinatorNode recibe REQUEST de StreamServer (seq=6864)
[RA] CoordinatorNode -> REPLY a StreamServer (LIBRE)
[RA] CoordinatorNode recibe REQUEST de StreamServer (seq=6864)
[RA] CoordinatorNode -> REPLY a StreamServer (LIBRE)
[RA] CoordinatorNode recibe REQUEST de StreamServer (seq=6864)
[RA] CoordinatorNode -> REPLY a StreamServer (LIBRE)
[RA] CoordinatorNode recibe REQUEST de StreamServer (seq=6864)
[RA] CoordinatorNode -> REPLY a StreamServer (LIBRE)
[RA] CoordinatorNode recibe REQUEST de StreamServer (seq=6864)
[RA] CoordinatorNode -> REPLY a StreamServer (LIBRE)
[RA] CoordinatorNode recibe REQUEST de StreamServer (seq=6864)
[RA] CoordinatorNode -> REPLY a StreamServer (LIBRE)
[RA] CoordinatorNode recibe REQUEST de StreamServer (seq=6864)
[RA] CoordinatorNode -> REPLY a StreamServer (LIBRE)
[RA] CoordinatorNode recibe REQUEST de StreamServer (seq=6864)
[RA] CoordinatorNode -> REPLY a StreamServer (LIBRE)
[RA] CoordinatorNode recibe REQUEST de StreamServer (seq=6864)
[RA] CoordinatorNode -> REPLY a StreamServer (LIBRE)
[RA] CoordinatorNode recibe REQUEST de StreamServer (seq=6864)
[RA] CoordinatorNode -> REPLY a StreamServer (LIBRE)
[RA] CoordinatorNode recibe REQUEST de StreamServer (seq=6864)
[RA] CoordinatorNode -> REPLY a StreamServer (LIBRE)
[RA] CoordinatorNode recibe REQUEST de StreamServer (seq=6864)
[RA] CoordinatorNode -> REPLY a StreamServer (LIBRE)
[RA] CoordinatorNode recibe REQUEST de StreamServer (seq=6864)
[RA] CoordinatorNode -> REPLY a StreamServer (LIBRE)
[RA] CoordinatorNode recibe REQUEST de StreamServer (seq=6864)
[RA] CoordinatorNode -> REPLY a StreamServer (LIBRE)
[RA] CoordinatorNode recibe REQUEST de StreamServer (seq=6864)
[RA] CoordinatorNode -> REPLY a StreamServer (LIBRE)
[RA] CoordinatorNode recibe REQUEST de StreamServer (seq=6864)
[RA] CoordinatorNode -> REPLY a StreamServer (LIBRE)
[RA] CoordinatorNode recibe REQUEST de StreamServer (seq=6864)
[RA] CoordinatorNode -> REPLY a StreamServer (LIBRE)
[RA] CoordinatorNode recibe REQUEST de StreamServer (seq=6864)
[RA] CoordinatorNode -> REPLY a StreamServer (LIBRE)
[RA] CoordinatorNode recibe REQUEST de StreamServer (seq=6864)
[RA] CoordinatorNode -> REPLY a StreamServer (LIBRE)
[RA] CoordinatorNode recibe REQUEST de StreamServer (seq=6935)
[RA] CoordinatorNode -> REPLY a StreamServer (LIBRE)
[RA] CoordinatorNode recibe REQUEST de StreamServer (seq=6991)
[RA] CoordinatorNode -> REPLY a StreamServer (LIBRE)
[RA] CoordinatorNode recibe REQUEST de StreamServer (seq=6991)
[RA] CoordinatorNode -> REPLY a StreamServer (LIBRE)
[RA] CoordinatorNode recibe REQUEST de StreamServer (seq=6991)
[RA] CoordinatorNode -> REPLY a StreamServer (LIBRE)
[RA] CoordinatorNode recibe REQUEST de StreamServer (seq=7025)
[RA] CoordinatorNode -> REPLY a StreamServer (LIBRE)
[RA] CoordinatorNode recibe REQUEST de StreamServer (seq=7027)
[RA] CoordinatorNode -> REPLY a StreamServer (LIBRE)
[RA] CoordinatorNode recibe REQUEST de StreamServer (seq=7038)
[RA] CoordinatorNode -> REPLY a StreamServer (LIBRE)
[RA] CoordinatorNode recibe REQUEST de StreamServer (seq=7046)
[RA] CoordinatorNode -> REPLY a StreamServer (LIBRE)
[RA] CoordinatorNode recibe REQUEST de StreamServer (seq=7046)
[RA] CoordinatorNode -> REPLY a StreamServer (LIBRE)
[RA] CoordinatorNode recibe REQUEST de StreamServer (seq=7046)
[RA] CoordinatorNode -> REPLY a StreamServer (LIBRE)
[RA] CoordinatorNode recibe REQUEST de StreamServer (seq=7046)
[RA] CoordinatorNode -> REPLY a StreamServer (LIBRE)
[RA] CoordinatorNode recibe REQUEST de StreamServer (seq=7046)
[RA] CoordinatorNode -> REPLY a StreamServer (LIBRE)
[RA] CoordinatorNode recibe REQUEST de StreamServer (seq=7046)
[RA] CoordinatorNode -> REPLY a StreamServer (LIBRE)
[RA] CoordinatorNode recibe REQUEST de StreamServer (seq=7046)
[RA] CoordinatorNode -> REPLY a StreamServer (LIBRE)
[RA] CoordinatorNode recibe REQUEST de StreamServer (seq=7046)
[RA] CoordinatorNode -> REPLY a StreamServer (LIBRE)
[RA] CoordinatorNode recibe REQUEST de StreamServer (seq=7046)
[RA] CoordinatorNode -> REPLY a StreamServer (LIBRE)
[RA] CoordinatorNode recibe REQUEST de StreamServer (seq=7046)
[RA] CoordinatorNode -> REPLY a StreamServer (LIBRE)
[RA] CoordinatorNode recibe REQUEST de StreamServer (seq=7046)
[RA] CoordinatorNode -> REPLY a StreamServer (LIBRE)
[RA] CoordinatorNode recibe REQUEST de StreamServer (seq=7046)
[RA] CoordinatorNode -> REPLY a StreamServer (LIBRE)
[RA] CoordinatorNode recibe REQUEST de StreamServer (seq=7046)
[RA] CoordinatorNode -> REPLY a StreamServer (LIBRE)
[RA] CoordinatorNode recibe REQUEST de StreamServer (seq=7046)
[RA] CoordinatorNode -> REPLY a StreamServer (LIBRE)
[RA] CoordinatorNode recibe REQUEST de StreamServer (seq=7084)
[RA] CoordinatorNode -> REPLY a StreamServer (LIBRE)
[RA] CoordinatorNode recibe REQUEST de StreamServer (seq=7121)
[RA] CoordinatorNode -> REPLY a StreamServer (LIBRE)
[RA] CoordinatorNode recibe REQUEST de StreamServer (seq=7159)
[RA] CoordinatorNode -> REPLY a StreamServer (LIBRE)
[RA] CoordinatorNode recibe REQUEST de StreamServer (seq=7159)
[RA] CoordinatorNode -> REPLY a StreamServer (LIBRE)
[RA] CoordinatorNode recibe REQUEST de StreamServer (seq=7159)
[RA] CoordinatorNode -> REPLY a StreamServer (LIBRE)
[RA] CoordinatorNode recibe REQUEST de StreamServer (seq=7159)
[RA] CoordinatorNode -> REPLY a StreamServer (LIBRE)
[RA] CoordinatorNode recibe REQUEST de StreamServer (seq=7159)
[RA] CoordinatorNode -> REPLY a StreamServer (LIBRE)
[RA] CoordinatorNode recibe REQUEST de StreamServer (seq=7159)
[RA] CoordinatorNode -> REPLY a StreamServer (LIBRE)
[RA] CoordinatorNode recibe REQUEST de StreamServer (seq=7159)
[RA] CoordinatorNode -> REPLY a StreamServer (LIBRE)
[RA] CoordinatorNode recibe REQUEST de StreamServer (seq=7159)
[RA] CoordinatorNode -> REPLY a StreamServer (LIBRE)
[RA] CoordinatorNode recibe REQUEST de StreamServer (seq=7159)
[RA] CoordinatorNode -> REPLY a StreamServer (LIBRE)
[RA] CoordinatorNode recibe REQUEST de StreamServer (seq=7159)
[RA] CoordinatorNode -> REPLY a StreamServer (LIBRE)
[RA] CoordinatorNode recibe REQUEST de StreamServer (seq=7159)
[RA] CoordinatorNode -> REPLY a StreamServer (LIBRE)
[RA] CoordinatorNode recibe REQUEST de StreamServer (seq=7159)
[RA] CoordinatorNode -> REPLY a StreamServer (LIBRE)
[RA] CoordinatorNode recibe REQUEST de StreamServer (seq=7159)
[RA] CoordinatorNode -> REPLY a StreamServer (LIBRE)
[RA] CoordinatorNode recibe REQUEST de StreamServer (seq=7159)
[RA] CoordinatorNode -> REPLY a StreamServer (LIBRE)
[RA] CoordinatorNode recibe REQUEST de StreamServer (seq=7159)
[RA] CoordinatorNode -> REPLY a StreamServer (LIBRE)
[RA] CoordinatorNode recibe REQUEST de StreamServer (seq=7159)
[RA] CoordinatorNode -> REPLY a StreamServer (LIBRE)
[RA] CoordinatorNode recibe REQUEST de StreamServer (seq=7159)
[RA] CoordinatorNode -> REPLY a StreamServer (LIBRE)
[RA] CoordinatorNode recibe REQUEST de StreamServer (seq=7159)
[RA] CoordinatorNode -> REPLY a StreamServer (LIBRE)
[RA] CoordinatorNode recibe REQUEST de StreamServer (seq=7159)
[RA] CoordinatorNode -> REPLY a StreamServer (LIBRE)
[RA] CoordinatorNode recibe REQUEST de StreamServer (seq=7159)
[RA] CoordinatorNode -> REPLY a StreamServer (LIBRE)
[RA] CoordinatorNode recibe REQUEST de StreamServer (seq=7159)
[RA] CoordinatorNode -> REPLY a StreamServer (LIBRE)
[RA] CoordinatorNode recibe REQUEST de StreamServer (seq=7159)
[RA] CoordinatorNode -> REPLY a StreamServer (LIBRE)
[RA] CoordinatorNode recibe REQUEST de StreamServer (seq=7159)
[RA] CoordinatorNode -> REPLY a StreamServer (LIBRE)
[RA] CoordinatorNode recibe REQUEST de StreamServer (seq=7217)
[RA] CoordinatorNode -> REPLY a StreamServer (LIBRE)
[RA] CoordinatorNode recibe REQUEST de StreamServer (seq=7299)
[RA] CoordinatorNode -> REPLY a StreamServer (LIBRE)
[RA] CoordinatorNode recibe REQUEST de StreamServer (seq=7299)
[RA] CoordinatorNode -> REPLY a StreamServer (LIBRE)
[RA] CoordinatorNode recibe REQUEST de StreamServer (seq=7299)
[RA] CoordinatorNode -> REPLY a StreamServer (LIBRE)
[RA] CoordinatorNode recibe REQUEST de StreamServer (seq=7339)
[RA] CoordinatorNode -> REPLY a StreamServer (LIBRE)
[RA] CoordinatorNode recibe REQUEST de StreamServer (seq=7349)
[RA] CoordinatorNode -> REPLY a StreamServer (LIBRE)
[RA] CoordinatorNode recibe REQUEST de StreamServer (seq=7349)
[RA] CoordinatorNode -> REPLY a StreamServer (LIBRE)
[RA] CoordinatorNode recibe REQUEST de StreamServer (seq=7349)
[RA] CoordinatorNode -> REPLY a StreamServer (LIBRE)
[RA] CoordinatorNode recibe REQUEST de StreamServer (seq=7349)
[RA] CoordinatorNode -> REPLY a StreamServer (LIBRE)
[RA] CoordinatorNode recibe REQUEST de StreamServer (seq=7349)
[RA] CoordinatorNode -> REPLY a StreamServer (LIBRE)
[RA] CoordinatorNode recibe REQUEST de StreamServer (seq=7349)
[RA] CoordinatorNode -> REPLY a StreamServer (LIBRE)
[RA] CoordinatorNode recibe REQUEST de StreamServer (seq=7349)
[RA] CoordinatorNode -> REPLY a StreamServer (LIBRE)
[RA] CoordinatorNode recibe REQUEST de StreamServer (seq=7349)
[RA] CoordinatorNode -> REPLY a StreamServer (LIBRE)
[RA] CoordinatorNode recibe REQUEST de StreamServer (seq=7349)
[RA] CoordinatorNode -> REPLY a StreamServer (LIBRE)
[RA] CoordinatorNode recibe REQUEST de StreamServer (seq=7349)
[RA] CoordinatorNode -> REPLY a StreamServer (LIBRE)
[RA] CoordinatorNode recibe REQUEST de StreamServer (seq=7349)
[RA] CoordinatorNode -> REPLY a StreamServer (LIBRE)
[RA] CoordinatorNode recibe REQUEST de StreamServer (seq=7349)
[RA] CoordinatorNode -> REPLY a StreamServer (LIBRE)
[RA] CoordinatorNode recibe REQUEST de StreamServer (seq=7386)
[RA] CoordinatorNode -> REPLY a StreamServer (LIBRE)
[RA] CoordinatorNode recibe REQUEST de StreamServer (seq=7386)
[RA] CoordinatorNode -> REPLY a StreamServer (LIBRE)
[RA] CoordinatorNode recibe REQUEST de StreamServer (seq=7440)
[RA] CoordinatorNode -> REPLY a StreamServer (LIBRE)
[RA] CoordinatorNode recibe REQUEST de StreamServer (seq=7453)
[RA] CoordinatorNode -> REPLY a StreamServer (LIBRE)
[RA] CoordinatorNode recibe REQUEST de StreamServer (seq=7495)
[RA] CoordinatorNode -> REPLY a StreamServer (LIBRE)
[RA] CoordinatorNode recibe REQUEST de StreamServer (seq=7495)
[RA] CoordinatorNode -> REPLY a StreamServer (LIBRE)
[RA] CoordinatorNode recibe REQUEST de StreamServer (seq=7495)
[RA] CoordinatorNode -> REPLY a StreamServer (LIBRE)
[RA] CoordinatorNode recibe REQUEST de StreamServer (seq=7495)
[RA] CoordinatorNode -> REPLY a StreamServer (LIBRE)
[RA] CoordinatorNode recibe REQUEST de StreamServer (seq=7495)
[RA] CoordinatorNode -> REPLY a StreamServer (LIBRE)
[RA] CoordinatorNode recibe REQUEST de StreamServer (seq=7495)
[RA] CoordinatorNode -> REPLY a StreamServer (LIBRE)
[RA] CoordinatorNode recibe REQUEST de StreamServer (seq=7495)
[RA] CoordinatorNode -> REPLY a StreamServer (LIBRE)
[RA] CoordinatorNode recibe REQUEST de StreamServer (seq=7495)
[RA] CoordinatorNode -> REPLY a StreamServer (LIBRE)
[RA] CoordinatorNode recibe REQUEST de StreamServer (seq=7495)
[RA] CoordinatorNode -> REPLY a StreamServer (LIBRE)
[RA] CoordinatorNode recibe REQUEST de StreamServer (seq=7495)
[RA] CoordinatorNode -> REPLY a StreamServer (LIBRE)
[RA] CoordinatorNode recibe REQUEST de StreamServer (seq=7495)
[RA] CoordinatorNode -> REPLY a StreamServer (LIBRE)
[RA] CoordinatorNode recibe REQUEST de StreamServer (seq=7495)
[RA] CoordinatorNode -> REPLY a StreamServer (LIBRE)
[RA] CoordinatorNode recibe REQUEST de StreamServer (seq=7495)
[RA] CoordinatorNode -> REPLY a StreamServer (LIBRE)
[RA] CoordinatorNode recibe REQUEST de StreamServer (seq=7495)
[RA] CoordinatorNode -> REPLY a StreamServer (LIBRE)
[RA] CoordinatorNode recibe REQUEST de StreamServer (seq=7495)
[RA] CoordinatorNode -> REPLY a StreamServer (LIBRE)
[RA] CoordinatorNode recibe REQUEST de StreamServer (seq=7495)
[RA] CoordinatorNode -> REPLY a StreamServer (LIBRE)
[RA] CoordinatorNode recibe REQUEST de StreamServer (seq=7495)
[RA] CoordinatorNode -> REPLY a StreamServer (LIBRE)
[RA] CoordinatorNode recibe REQUEST de StreamServer (seq=7495)
[RA] CoordinatorNode -> REPLY a StreamServer (LIBRE)
[RA] CoordinatorNode recibe REQUEST de StreamServer (seq=7495)
[RA] CoordinatorNode -> REPLY a StreamServer (LIBRE)
[RA] CoordinatorNode recibe REQUEST de StreamServer (seq=7495)
[RA] CoordinatorNode -> REPLY a StreamServer (LIBRE)
[RA] CoordinatorNode recibe REQUEST de StreamServer (seq=7495)
[RA] CoordinatorNode -> REPLY a StreamServer (LIBRE)
[RA] CoordinatorNode recibe REQUEST de StreamServer (seq=7495)
[RA] CoordinatorNode -> REPLY a StreamServer (LIBRE)
[RA] CoordinatorNode recibe REQUEST de StreamServer (seq=7495)
[RA] CoordinatorNode -> REPLY a StreamServer (LIBRE)
[RA] CoordinatorNode recibe REQUEST de StreamServer (seq=7495)
[RA] CoordinatorNode -> REPLY a StreamServer (LIBRE)
[RA] CoordinatorNode recibe REQUEST de StreamServer (seq=7495)
[RA] CoordinatorNode -> REPLY a StreamServer (LIBRE)
[RA] CoordinatorNode recibe REQUEST de StreamServer (seq=7495)
[RA] CoordinatorNode -> REPLY a StreamServer (LIBRE)
[ERROR] [CoordinatorNode] Error en handler: writing aborted; java.io.NotSerializableException: cpyd.distributed.NodeMembership$NodeInfo
[RA] CoordinatorNode recibe REQUEST de StreamServer (seq=7549)
[RA] CoordinatorNode -> REPLY a StreamServer (LIBRE)
[RA] CoordinatorNode recibe REQUEST de StreamServer (seq=7575)
[RA] CoordinatorNode -> REPLY a StreamServer (LIBRE)
[RA] CoordinatorNode recibe REQUEST de StreamServer (seq=7592)
[RA] CoordinatorNode -> REPLY a StreamServer (LIBRE)
[RA] CoordinatorNode recibe REQUEST de StreamServer (seq=7592)
[RA] CoordinatorNode -> REPLY a StreamServer (LIBRE)
[RA] CoordinatorNode recibe REQUEST de StreamServer (seq=7592)
[RA] CoordinatorNode -> REPLY a StreamServer (LIBRE)
[RA] CoordinatorNode recibe REQUEST de StreamServer (seq=7592)
[RA] CoordinatorNode -> REPLY a StreamServer (LIBRE)
[RA] CoordinatorNode recibe REQUEST de StreamServer (seq=7592)
[RA] CoordinatorNode -> REPLY a StreamServer (LIBRE)
[RA] CoordinatorNode recibe REQUEST de StreamServer (seq=7615)
[RA] CoordinatorNode -> REPLY a StreamServer (LIBRE)
[RA] CoordinatorNode recibe REQUEST de StreamServer (seq=7615)
[RA] CoordinatorNode -> REPLY a StreamServer (LIBRE)
[RA] CoordinatorNode recibe REQUEST de StreamServer (seq=7615)
[RA] CoordinatorNode -> REPLY a StreamServer (LIBRE)
[RA] CoordinatorNode recibe REQUEST de StreamServer (seq=7615)
[RA] CoordinatorNode -> REPLY a StreamServer (LIBRE)
[RA] CoordinatorNode recibe REQUEST de StreamServer (seq=7615)
[RA] CoordinatorNode -> REPLY a StreamServer (LIBRE)
[RA] CoordinatorNode recibe REQUEST de StreamServer (seq=7615)
[RA] CoordinatorNode -> REPLY a StreamServer (LIBRE)
[RA] CoordinatorNode recibe REQUEST de StreamServer (seq=7615)
[RA] CoordinatorNode -> REPLY a StreamServer (LIBRE)
[RA] CoordinatorNode recibe REQUEST de StreamServer (seq=7615)
[RA] CoordinatorNode -> REPLY a StreamServer (LIBRE)
[RA] CoordinatorNode recibe REQUEST de StreamServer (seq=7615)
[RA] CoordinatorNode -> REPLY a StreamServer (LIBRE)
[RA] CoordinatorNode recibe REQUEST de StreamServer (seq=7615)
[RA] CoordinatorNode -> REPLY a StreamServer (LIBRE)
[RA] CoordinatorNode recibe REQUEST de StreamServer (seq=7615)
[RA] CoordinatorNode -> REPLY a StreamServer (LIBRE)
[RA] CoordinatorNode recibe REQUEST de StreamServer (seq=7615)
[RA] CoordinatorNode -> REPLY a StreamServer (LIBRE)
[RA] CoordinatorNode recibe REQUEST de StreamServer (seq=7652)
[RA] CoordinatorNode -> REPLY a StreamServer (LIBRE)
[RA] CoordinatorNode recibe REQUEST de StreamServer (seq=7652)
[RA] CoordinatorNode -> REPLY a StreamServer (LIBRE)
[RA] CoordinatorNode recibe REQUEST de StreamServer (seq=7689)
[RA] CoordinatorNode -> REPLY a StreamServer (LIBRE)
[RA] CoordinatorNode recibe REQUEST de StreamServer (seq=7711)
[RA] CoordinatorNode -> REPLY a StreamServer (LIBRE)
[RA] CoordinatorNode recibe REQUEST de StreamServer (seq=7721)
[RA] CoordinatorNode -> REPLY a StreamServer (LIBRE)
[RA] CoordinatorNode recibe REQUEST de StreamServer (seq=7721)
[RA] CoordinatorNode -> REPLY a StreamServer (LIBRE)
[RA] CoordinatorNode recibe REQUEST de StreamServer (seq=7721)
[RA] CoordinatorNode -> REPLY a StreamServer (LIBRE)
[RA] CoordinatorNode recibe REQUEST de StreamServer (seq=7721)
[RA] CoordinatorNode -> REPLY a StreamServer (LIBRE)
[RA] CoordinatorNode recibe REQUEST de StreamServer (seq=7721)
[RA] CoordinatorNode -> REPLY a StreamServer (LIBRE)
[RA] CoordinatorNode recibe REQUEST de StreamServer (seq=7721)
[RA] CoordinatorNode -> REPLY a StreamServer (LIBRE)
[RA] CoordinatorNode recibe REQUEST de StreamServer (seq=7721)
[RA] CoordinatorNode -> REPLY a StreamServer (LIBRE)
[RA] CoordinatorNode recibe REQUEST de StreamServer (seq=7721)
[RA] CoordinatorNode -> REPLY a StreamServer (LIBRE)
[RA] CoordinatorNode recibe REQUEST de StreamServer (seq=7721)
[RA] CoordinatorNode -> REPLY a StreamServer (LIBRE)
[RA] CoordinatorNode recibe REQUEST de StreamServer (seq=7721)
[RA] CoordinatorNode -> REPLY a StreamServer (LIBRE)
[RA] CoordinatorNode recibe REQUEST de StreamServer (seq=7721)
[RA] CoordinatorNode -> REPLY a StreamServer (LIBRE)
[RA] CoordinatorNode recibe REQUEST de StreamServer (seq=7721)
[RA] CoordinatorNode -> REPLY a StreamServer (LIBRE)
[RA] CoordinatorNode recibe REQUEST de StreamServer (seq=7721)
[RA] CoordinatorNode -> REPLY a StreamServer (LIBRE)
[RA] CoordinatorNode recibe REQUEST de StreamServer (seq=7757)
[RA] CoordinatorNode -> REPLY a StreamServer (LIBRE)
[RA] CoordinatorNode recibe REQUEST de StreamServer (seq=7835)
[RA] CoordinatorNode -> REPLY a StreamServer (LIBRE)
[RA] CoordinatorNode recibe REQUEST de StreamServer (seq=7865)
[RA] CoordinatorNode -> REPLY a StreamServer (LIBRE)
[RA] CoordinatorNode recibe REQUEST de StreamServer (seq=7865)
[RA] CoordinatorNode -> REPLY a StreamServer (LIBRE)
[RA] CoordinatorNode recibe REQUEST de StreamServer (seq=7882)
[RA] CoordinatorNode -> REPLY a StreamServer (LIBRE)
[RA] CoordinatorNode recibe REQUEST de StreamServer (seq=7882)
[RA] CoordinatorNode -> REPLY a StreamServer (LIBRE)
[RA] CoordinatorNode recibe REQUEST de StreamServer (seq=7882)
[RA] CoordinatorNode -> REPLY a StreamServer (LIBRE)
[RA] CoordinatorNode recibe REQUEST de StreamServer (seq=7882)
[RA] CoordinatorNode -> REPLY a StreamServer (LIBRE)
[RA] CoordinatorNode recibe REQUEST de StreamServer (seq=7882)
[RA] CoordinatorNode -> REPLY a StreamServer (LIBRE)
[RA] CoordinatorNode recibe REQUEST de StreamServer (seq=7882)
[RA] CoordinatorNode -> REPLY a StreamServer (LIBRE)
[RA] CoordinatorNode recibe REQUEST de StreamServer (seq=7882)
[RA] CoordinatorNode -> REPLY a StreamServer (LIBRE)
[RA] CoordinatorNode recibe REQUEST de StreamServer (seq=7882)
[RA] CoordinatorNode -> REPLY a StreamServer (LIBRE)
[RA] CoordinatorNode recibe REQUEST de StreamServer (seq=7882)
[RA] CoordinatorNode -> REPLY a StreamServer (LIBRE)
[RA] CoordinatorNode recibe REQUEST de StreamServer (seq=7882)
[RA] CoordinatorNode -> REPLY a StreamServer (LIBRE)
[RA] CoordinatorNode recibe REQUEST de StreamServer (seq=7882)
[RA] CoordinatorNode -> REPLY a StreamServer (LIBRE)
[RA] CoordinatorNode recibe REQUEST de StreamServer (seq=7882)
[RA] CoordinatorNode -> REPLY a StreamServer (LIBRE)
[RA] CoordinatorNode recibe REQUEST de StreamServer (seq=7918)
[RA] CoordinatorNode -> REPLY a StreamServer (LIBRE)
[RA] CoordinatorNode recibe REQUEST de StreamServer (seq=7954)
[RA] CoordinatorNode -> REPLY a StreamServer (LIBRE)
[RA] CoordinatorNode recibe REQUEST de StreamServer (seq=7980)
[RA] CoordinatorNode -> REPLY a StreamServer (LIBRE)
[RA] CoordinatorNode recibe REQUEST de StreamServer (seq=7988)
[RA] CoordinatorNode -> REPLY a StreamServer (LIBRE)
[RA] CoordinatorNode recibe REQUEST de StreamServer (seq=7988)
[RA] CoordinatorNode -> REPLY a StreamServer (LIBRE)
[RA] CoordinatorNode recibe REQUEST de StreamServer (seq=7988)
[RA] CoordinatorNode -> REPLY a StreamServer (LIBRE)
[RA] CoordinatorNode recibe REQUEST de StreamServer (seq=7988)
[RA] CoordinatorNode -> REPLY a StreamServer (LIBRE)
[RA] CoordinatorNode recibe REQUEST de StreamServer (seq=7988)
[RA] CoordinatorNode -> REPLY a StreamServer (LIBRE)
[RA] CoordinatorNode recibe REQUEST de StreamServer (seq=7988)
[RA] CoordinatorNode -> REPLY a StreamServer (LIBRE)
[RA] CoordinatorNode recibe REQUEST de StreamServer (seq=7988)
[RA] CoordinatorNode -> REPLY a StreamServer (LIBRE)
[RA] CoordinatorNode recibe REQUEST de StreamServer (seq=7988)
[RA] CoordinatorNode -> REPLY a StreamServer (LIBRE)
[RA] CoordinatorNode recibe REQUEST de StreamServer (seq=7988)
[RA] CoordinatorNode -> REPLY a StreamServer (LIBRE)
[RA] CoordinatorNode recibe REQUEST de StreamServer (seq=7988)
[RA] CoordinatorNode -> REPLY a StreamServer (LIBRE)
[RA] CoordinatorNode recibe REQUEST de StreamServer (seq=7988)
[RA] CoordinatorNode -> REPLY a StreamServer (LIBRE)
[RA] CoordinatorNode recibe REQUEST de StreamServer (seq=7988)
[RA] CoordinatorNode -> REPLY a StreamServer (LIBRE)
[RA] CoordinatorNode recibe REQUEST de StreamServer (seq=7988)
[RA] CoordinatorNode -> REPLY a StreamServer (LIBRE)
[RA] CoordinatorNode recibe REQUEST de StreamServer (seq=7988)
[RA] CoordinatorNode -> REPLY a StreamServer (LIBRE)
[RA] CoordinatorNode recibe REQUEST de StreamServer (seq=7988)
[RA] CoordinatorNode -> REPLY a StreamServer (LIBRE)
[RA] CoordinatorNode recibe REQUEST de StreamServer (seq=7988)
[RA] CoordinatorNode -> REPLY a StreamServer (LIBRE)
[RA] CoordinatorNode recibe REQUEST de StreamServer (seq=7988)
[RA] CoordinatorNode -> REPLY a StreamServer (LIBRE)
[RA] CoordinatorNode recibe REQUEST de StreamServer (seq=7988)
[RA] CoordinatorNode -> REPLY a StreamServer (LIBRE)
[RA] CoordinatorNode recibe REQUEST de StreamServer (seq=7988)
[RA] CoordinatorNode -> REPLY a StreamServer (LIBRE)
[RA] CoordinatorNode recibe REQUEST de StreamServer (seq=7988)
[RA] CoordinatorNode -> REPLY a StreamServer (LIBRE)
[RA] CoordinatorNode recibe REQUEST de StreamServer (seq=7988)
[RA] CoordinatorNode -> REPLY a StreamServer (LIBRE)
[RA] CoordinatorNode recibe REQUEST de StreamServer (seq=7988)
[RA] CoordinatorNode -> REPLY a StreamServer (LIBRE)
[RA] CoordinatorNode recibe REQUEST de StreamServer (seq=7988)
[RA] CoordinatorNode -> REPLY a StreamServer (LIBRE)
[RA] CoordinatorNode recibe REQUEST de StreamServer (seq=7988)
[RA] CoordinatorNode -> REPLY a StreamServer (LIBRE)
[RA] CoordinatorNode recibe REQUEST de StreamServer (seq=7988)
[RA] CoordinatorNode -> REPLY a StreamServer (LIBRE)
[RA] CoordinatorNode recibe REQUEST de StreamServer (seq=7988)
[RA] CoordinatorNode -> REPLY a StreamServer (LIBRE)
[RA] CoordinatorNode recibe REQUEST de StreamServer (seq=7988)
[RA] CoordinatorNode -> REPLY a StreamServer (LIBRE)
[RA] CoordinatorNode recibe REQUEST de StreamServer (seq=8066)
[RA] CoordinatorNode -> REPLY a StreamServer (LIBRE)
[RA] CoordinatorNode recibe REQUEST de StreamServer (seq=8166)
[RA] CoordinatorNode -> REPLY a StreamServer (LIBRE)
[RA] CoordinatorNode recibe REQUEST de StreamServer (seq=8166)
[RA] CoordinatorNode -> REPLY a StreamServer (LIBRE)
[RA] CoordinatorNode recibe REQUEST de StreamServer (seq=8166)
[RA] CoordinatorNode -> REPLY a StreamServer (LIBRE)
[RA] CoordinatorNode recibe REQUEST de StreamServer (seq=8185)
[RA] CoordinatorNode -> REPLY a StreamServer (LIBRE)
[RA] CoordinatorNode recibe REQUEST de StreamServer (seq=8185)
[RA] CoordinatorNode -> REPLY a StreamServer (LIBRE)
[RA] CoordinatorNode recibe REQUEST de StreamServer (seq=8185)
[RA] CoordinatorNode -> REPLY a StreamServer (LIBRE)
[RA] CoordinatorNode recibe REQUEST de StreamServer (seq=8185)
[RA] CoordinatorNode -> REPLY a StreamServer (LIBRE)
[RA] CoordinatorNode recibe REQUEST de StreamServer (seq=8185)
[RA] CoordinatorNode -> REPLY a StreamServer (LIBRE)
[RA] CoordinatorNode recibe REQUEST de StreamServer (seq=8185)
[RA] CoordinatorNode -> REPLY a StreamServer (LIBRE)
[RA] CoordinatorNode recibe REQUEST de StreamServer (seq=8185)
[RA] CoordinatorNode -> REPLY a StreamServer (LIBRE)
[RA] CoordinatorNode recibe REQUEST de StreamServer (seq=8185)
[RA] CoordinatorNode -> REPLY a StreamServer (LIBRE)
[RA] CoordinatorNode recibe REQUEST de StreamServer (seq=8185)
[RA] CoordinatorNode -> REPLY a StreamServer (LIBRE)
[RA] CoordinatorNode recibe REQUEST de StreamServer (seq=8185)
[RA] CoordinatorNode -> REPLY a StreamServer (LIBRE)
[RA] CoordinatorNode recibe REQUEST de StreamServer (seq=8185)
[RA] CoordinatorNode -> REPLY a StreamServer (LIBRE)
[RA] CoordinatorNode recibe REQUEST de StreamServer (seq=8185)
[RA] CoordinatorNode -> REPLY a StreamServer (LIBRE)
[CoordinatorNode] Recibido DIE. Apagando...
